iterID,x1,x2,Pareto_f1,Pareto_f2,Pareto_f3
0,0.0,0.0,0.001120783336317265,124.99632044036773,75.00972870173952
0,1.0526315789473684,0.2631578947368421,1.175182567112296,102.4977954451453,69.8239973602944
0,0.7894736842105263,0.7894736842105263,1.2467685304951432,102.55879739032727,59.821712036756914
0,1.3157894736842104,0.5263157894736842,2.0059317842900697,95.43323832945345,64.71834870206034
0,0.5263157894736842,2.631578947368421,7.202568531073033,95.35757053835952,29.28374566643773
0,2.3684210526315788,1.5789473684210527,8.105351749922248,69.95723832566654,45.92219510801643
0,2.1052631578947367,2.3684210526315788,10.041260861208713,69.2477222502483,33.248528654575296
0,2.631578947368421,1.8421052631578947,10.323810198866191,64.26558880758864,41.531868087458804
0,1.8421052631578947,2.894736842105263,11.77416904877131,70.97344063877325,25.486832407128933
0,3.4210526315789473,1.0526315789473684,12.80546249389661,58.8629895509502,55.0799685664597
0,0.2631578947368421,3.6842105263157894,13.634776540014212,96.53327325582862,14.923350540308759
0,3.1578947368421053,2.1052631578947367,14.40908944830158,55.20007424267688,37.34646665467773
0,3.6842105263157894,1.3157894736842104,15.308439099374958,53.46890663718625,50.41193657360587
0,1.5789473684210527,4.2105263157894735,20.227133987038137,71.5451737376406,8.530453371314067
0,3.9473684210526314,3.4210526315789473,27.297269794809637,39.13649586973556,18.286265371305465
0,2.894736842105263,4.7368421052631575,30.81577538902242,50.54774140109533,2.6633431877504927
0,5.0,3.1578947368421053,34.972918944228425,28.389602597614868,21.8370119351202
0,4.7368421052631575,3.9473684210526314,38.01599626163479,28.805538300380377,11.590143183002127
0,4.473684210526316,4.473684210526316,40.040933230277375,30.80797296708204,5.539881053839346
0,4.2105263157894735,5.0,42.72843338961703,33.514597320051706,0.013341808941949208
1,0.0,0.0,0.001120783336317265,124.99632044036773,75.00972870173952
1,1.0526315789473684,0.2631578947368421,1.175182567112296,102.4977954451453,69.8239973602944
1,0.7894736842105263,0.7894736842105263,1.2467685304951432,102.55879739032727,59.821712036756914
1,1.3157894736842104,0.5263157894736842,2.0059317842900697,95.43323832945345,64.71834870206034
1,1.2721761197443553,1.2877274444738018,3.2910336316061217,89.98592503565466,51.04412407867277
1,0.9110307759512909,2.404877979157038,6.607194914770101,89.3739182824869,32.984247957587684
1,0.5263157894736842,2.631578947368421,7.202568531073033,95.35757053835952,29.28374566643773
1,2.3684210526315788,1.5789473684210527,8.105351749922248,69.95723832566654,45.92219510801643
1,2.1052631578947367,2.3684210526315788,10.041260861208713,69.2477222502483,33.248528654575296
1,2.631578947368421,1.8421052631578947,10.323810198866191,64.26558880758864,41.531868087458804
1,1.8421052631578947,2.894736842105263,11.77416904877131,70.97344063877325,25.486832407128933
1,3.4210526315789473,1.0526315789473684,12.80546249389661,58.8629895509502,55.0799685664597
1,0.2631578947368421,3.6842105263157894,13.634776540014212,96.53327325582862,14.923350540308759
1,3.1578947368421053,2.1052631578947367,14.40908944830158,55.20007424267688,37.34646665467773
1,3.6842105263157894,1.3157894736842104,15.308439099374958,53.46890663718625,50.41193657360587
1,2.083599789076257,3.4587791545022113,16.30825740109828,65.05973806063596,18.063596899758263
1,3.6915810023859397,2.3020581970948433,19.055857399372425,47.02878394300143,34.09723233061747
1,1.5789473684210527,4.2105263157894735,20.227133987038137,71.5451737376406,8.530453371314067
1,3.665678777009689,2.89048401950009,21.761260355007053,44.596398250114014,25.79470536418866
1,2.6107186342081636,3.8968536530875424,22.000105643539285,55.84057170953111,11.976864892400622
1,4.337902193409127,2.461042076641115,24.840680830437822,38.546295254934535,31.704749461375986
1,0.6324014039447934,5.0,25.39299701968991,87.79180822498549,0.36540826572007823
1,3.9473684210526314,3.4210526315789473,27.297269794809637,39.13649586973556,18.286265371305465
1,2.1249046574055512,4.792479582007791,27.5060541544137,62.074190414198,2.3300570344629903
1,2.894736842105263,4.7368421052631575,30.81577538902242,50.54774140109533,2.6633431877504927
1,4.44251725187584,3.4224615867847232,31.425088773663724,33.366285314029504,18.086613705720946
1,5.0,3.1578947368421053,34.972918944228425,28.389602597614868,21.8370119351202
1,4.7368421052631575,3.9473684210526314,38.01599626163479,28.805538300380377,11.590143183002127
1,4.473684210526316,4.473684210526316,40.040933230277375,30.80797296708204,5.539881053839346
1,4.2105263157894735,5.0,42.72843338961703,33.514597320051706,0.013341808941949208
2,0.0,0.0,0.001120783336317265,124.99632044036773,75.00972870173952
2,1.0526315789473684,0.2631578947368421,1.175182567112296,102.4977954451453,69.8239973602944
2,0.7894736842105263,0.7894736842105263,1.2467685304951432,102.55879739032727,59.821712036756914
2,1.3157894736842104,0.5263157894736842,2.0059317842900697,95.43323832945345,64.71834870206034
2,1.2721761197443553,1.2877274444738018,3.2910336316061217,89.98592503565466,51.04412407867277
2,0.9110307759512909,2.404877979157038,6.607194914770101,89.3739182824869,32.984247957587684
2,0.5263157894736842,2.631578947368421,7.202568531073033,95.35757053835952,29.28374566643773
2,1.784525936374742,2.069703709747108,7.42331115106716,76.03843318189998,37.88968675689492
2,2.3684210526315788,1.5789473684210527,8.105351749922248,69.95723832566654,45.92219510801643
2,2.1052631578947367,2.3684210526315788,10.041260861208713,69.2477222502483,33.248528654575296
2,2.631578947368421,1.8421052631578947,10.323810198866191,64.26558880758864,41.531868087458804
2,1.099890102930286,3.214545173034149,11.576834553594932,82.38348146557864,21.3009340821732
2,1.8421052631578947,2.894736842105263,11.77416904877131,70.97344063877325,25.486832407128933
2,3.4210526315789473,1.0526315789473684,12.80546249389661,58.8629895509502,55.0799685664597
2,0.2631578947368421,3.6842105263157894,13.634776540014212,96.53327325582862,14.923350540308759
2,3.1578947368421053,2.1052631578947367,14.40908944830158,55.20007424267688,37.34646665467773
2,3.6842105263157894,1.3157894736842104,15.308439099374958,53.46890663718625,50.41193657360587
2,2.083599789076257,3.4587791545022113,16.30825740109828,65.05973806063596,18.063596899758263
2,3.176040808427496,2.611216214351153,16.842869772740272,52.23918824419464,29.658304615623607
2,1.0465581532419732,4.028435564292893,17.378833899907526,81.17934525186259,10.78130559831709
2,3.6915810023859397,2.3020581970948433,19.055857399372425,47.02878394300143,34.09723233061747
2,2.889460754280111,3.435775411461738,20.13086736897168,52.95066017413552,18.334053029689308
2,1.5789473684210527,4.2105263157894735,20.227133987038137,71.5451737376406,8.530453371314067
2,3.665678777009689,2.89048401950009,21.761260355007053,44.596398250114014,25.79470536418866
2,2.6107186342081636,3.8968536530875424,22.000105643539285,55.84057170953111,11.976864892400622
2,1.575827198670758,4.614791902735259,23.754780923727058,71.06691832638994,3.843522776986213
2,4.337902193409127,2.461042076641115,24.840680830437822,38.546295254934535,31.704749461375986
2,0.6324014039447934,5.0,25.39299701968991,87.79180822498549,0.36540826572007823
2,3.9473684210526314,3.4210526315789473,27.297269794809637,39.13649586973556,18.286265371305465
2,2.1249046574055512,4.792479582007791,27.5060541544137,62.074190414198,2.3300570344629903
2,4.213501683560212,3.148676644628205,27.743369505432792,36.89009366258774,22.43683454184312
2,3.5637331963348764,4.105134449292852,29.625518216698865,42.23791623956965,9.506873528886242
2,2.894736842105263,4.7368421052631575,30.81577538902242,50.54774140109533,2.6633431877504927
2,4.44251725187584,3.4224615867847232,31.425088773663724,33.366285314029504,18.086613705720946
2,5.0,3.1578947368421053,34.972918944228425,28.389602597614868,21.8370119351202
2,3.3477566517627184,4.926947595428205,35.376324530655125,44.28507929453839,0.658633546067993
2,4.7368421052631575,3.9473684210526314,38.01599626163479,28.805538300380377,11.590143183002127
2,4.9977577806209075,3.731243340640006,38.916972039456105,26.595806299960095,14.190098559171638
2,4.473684210526316,4.473684210526316,40.040933230277375,30.80797296708204,5.539881053839346
2,4.2105263157894735,5.0,42.72843338961703,33.514597320051706,0.013341808941949208
3,0.0,0.0,0.001120783336317265,124.99632044036773,75.00972870173952
3,1.0526315789473684,0.2631578947368421,1.175182567112296,102.4977954451453,69.8239973602944
3,0.7894736842105263,0.7894736842105263,1.2467685304951432,102.55879739032727,59.821712036756914
3,1.3157894736842104,0.5263157894736842,2.0059317842900697,95.43323832945345,64.71834870206034
3,0.10951564028251648,1.6647139473674355,2.7970413012065745,108.946742671875,44.50623295250421
3,1.2721761197443553,1.2877274444738018,3.2910336316061217,89.98592503565466,51.04412407867277
3,0.9110307759512909,2.404877979157038,6.607194914770101,89.3739182824869,32.984247957587684
3,0.5263157894736842,2.631578947368421,7.202568531073033,95.35757053835952,29.28374566643773
3,1.784525936374742,2.069703709747108,7.42331115106716,76.03843318189998,37.88968675689492
3,2.3684210526315788,1.5789473684210527,8.105351749922248,69.95723832566654,45.92219510801643
3,2.1052631578947367,2.3684210526315788,10.041260861208713,69.2477222502483,33.248528654575296
3,2.631578947368421,1.8421052631578947,10.323810198866191,64.26558880758864,41.531868087458804
3,1.099890102930286,3.214545173034149,11.576834553594932,82.38348146557864,21.3009340821732
3,1.8421052631578947,2.894736842105263,11.77416904877131,70.97344063877325,25.486832407128933
3,3.4210526315789473,1.0526315789473684,12.80546249389661,58.8629895509502,55.0799685664597
3,2.647696997547019,2.443691654598524,12.948415864978921,60.491108620179084,32.23880845581686
3,0.7095106641522377,3.5774577691445604,13.308536443648375,88.29366543008712,16.448889379143107
3,0.2631578947368421,3.6842105263157894,13.634776540014212,96.53327325582862,14.923350540308759
3,3.1578947368421053,2.1052631578947367,14.40908944830158,55.20007424267688,37.34646665467773
3,3.6842105263157894,1.3157894736842104,15.308439099374958,53.46890663718625,50.41193657360587
3,2.083599789076257,3.4587791545022113,16.30825740109828,65.05973806063596,18.063596899758263
3,2.8253845292502815,2.920517492558286,16.560753234593527,55.73646767662556,24.857638190184357
3,3.176040808427496,2.611216214351153,16.842869772740272,52.23918824419464,29.658304615623607
3,1.0465581532419732,4.028435564292893,17.378833899907526,81.17934525186259,10.78130559831709
3,3.703073358911211,1.921869113931087,17.429446789260975,49.0868143079783,40.427451442891666
3,3.6915810023859397,2.3020581970948433,19.055857399372425,47.02878394300143,34.09723233061747
3,2.889460754280111,3.435775411461738,20.13086736897168,52.95066017413552,18.334053029689308
3,1.5789473684210527,4.2105263157894735,20.227133987038137,71.5451737376406,8.530453371314067
3,3.665678777009689,2.89048401950009,21.761260355007053,44.596398250114014,25.79470536418866
3,2.6107186342081636,3.8968536530875424,22.000105643539285,55.84057170953111,11.976864892400622
3,1.575827198670758,4.614791902735259,23.754780923727058,71.06691832638994,3.843522776986213
3,4.337902193409127,2.461042076641115,24.840680830437822,38.546295254934535,31.704749461375986
3,0.6324014039447934,5.0,25.39299701968991,87.79180822498549,0.36540826572007823
3,3.3684084215050176,3.896398519177856,26.520515954250186,45.23346981983671,12.419569881867053
3,2.5885771905375563,4.4870830786438045,26.817388685291075,55.15434083019607,5.189036884814536
3,3.9473684210526314,3.4210526315789473,27.297269794809637,39.13649586973556,18.286265371305465
3,2.1249046574055512,4.792479582007791,27.5060541544137,62.074190414198,2.3300570344629903
3,4.213501683560212,3.148676644628205,27.743369505432792,36.89009366258774,22.43683454184312
3,3.5637331963348764,4.105134449292852,29.625518216698865,42.23791623956965,9.506873528886242
3,2.894736842105263,4.7368421052631575,30.81577538902242,50.54774140109533,2.6633431877504927
3,4.44251725187584,3.4224615867847232,31.425088773663724,33.366285314029504,18.086613705720946
3,4.913093819754347,3.170010753205993,34.15723080940178,29.296906728513758,21.13424780807895
3,5.0,3.1578947368421053,34.972918944228425,28.389602597614868,21.8370119351202
3,3.3477566517627184,4.926947595428205,35.376324530655125,44.28507929453839,0.658633546067993
3,4.319491369197776,4.1140763039523,35.50510654974036,33.02506802095447,10.05892267458355
3,3.808153701943064,4.714498443231069,36.743609473183184,38.45197429307043,2.7849168134223423
3,4.7368421052631575,3.9473684210526314,38.01599626163479,28.805538300380377,11.590143183002127
3,4.9977577806209075,3.731243340640006,38.916972039456105,26.595806299960095,14.190098559171638
3,4.473684210526316,4.473684210526316,40.040933230277375,30.80797296708204,5.539881053839346
3,4.2105263157894735,5.0,42.72843338961703,33.514597320051706,0.013341808941949208
4,0.0,0.0,0.001120783336317265,124.99632044036773,75.00972870173952
4,1.0526315789473684,0.2631578947368421,1.175182567112296,102.4977954451453,69.8239973602944
4,0.7894736842105263,0.7894736842105263,1.2467685304951432,102.55879739032727,59.821712036756914
4,0.6152803880919955,1.0690006324138457,1.552166375613214,103.57537830991961,55.161957077255686
4,1.3157894736842104,0.5263157894736842,2.0059317842900697,95.43323832945345,64.71834870206034
4,0.10951564028251648,1.6647139473674355,2.7970413012065745,108.946742671875,44.50623295250421
4,1.2721761197443553,1.2877274444738018,3.2910336316061217,89.98592503565466,51.04412407867277
4,0.9724128955477069,1.6585300853611562,3.7529287847581974,92.74286504545046,44.712641916973816
4,0.9110307759512909,2.404877979157038,6.607194914770101,89.3739182824869,32.984247957587684
4,0.5263157894736842,2.631578947368421,7.202568531073033,95.35757053835952,29.28374566643773
4,1.784525936374742,2.069703709747108,7.42331115106716,76.03843318189998,37.88968675689492
4,2.3684210526315788,1.5789473684210527,8.105351749922248,69.95723832566654,45.92219510801643
4,1.628803840599632,2.352613574205486,8.223237855484628,77.10539920128053,33.136304665450574
4,2.1052631578947367,2.3684210526315788,10.041260861208713,69.2477222502483,33.248528654575296
4,2.631578947368421,1.8421052631578947,10.323810198866191,64.26558880758864,41.531868087458804
4,0.7879943044348147,3.2501486959116295,11.173487013118471,87.8762969314419,20.564790423807338
4,1.099890102930286,3.214545173034149,11.576834553594932,82.38348146557864,21.3009340821732
4,1.8421052631578947,2.894736842105263,11.77416904877131,70.97344063877325,25.486832407128933
4,1.2723621114813577,3.3416459421853277,12.770644302924138,78.88594608098839,19.10769603629119
4,3.4210526315789473,1.0526315789473684,12.80546249389661,58.8629895509502,55.0799685664597
4,2.647696997547019,2.443691654598524,12.948415864978921,60.491108620179084,32.23880845581686
4,0.7095106641522377,3.5774577691445604,13.308536443648375,88.29366543008712,16.448889379143107
4,0.2631578947368421,3.6842105263157894,13.634776540014212,96.53327325582862,14.923350540308759
4,3.1578947368421053,2.1052631578947367,14.40908944830158,55.20007424267688,37.34646665467773
4,3.6842105263157894,1.3157894736842104,15.308439099374958,53.46890663718625,50.41193657360587
4,2.5081080229658497,3.012877983988989,15.359757034671485,60.0647460523543,24.11321869736284
4,2.083599789076257,3.4587791545022113,16.30825740109828,65.05973806063596,18.063596899758263
4,2.8253845292502815,2.920517492558286,16.560753234593527,55.73646767662556,24.857638190184357
4,3.176040808427496,2.611216214351153,16.842869772740272,52.23918824419464,29.658304615623607
4,1.0465581532419732,4.028435564292893,17.378833899907526,81.17934525186259,10.78130559831709
4,3.703073358911211,1.921869113931087,17.429446789260975,49.0868143079783,40.427451442891666
4,3.6915810023859397,2.3020581970948433,19.055857399372425,47.02878394300143,34.09723233061747
4,2.889460754280111,3.435775411461738,20.13086736897168,52.95066017413552,18.334053029689308
4,1.5789473684210527,4.2105263157894735,20.227133987038137,71.5451737376406,8.530453371314067
4,1.94005399021717,4.162238435757286,21.07308112067403,65.62694060847026,9.325582286579209
4,3.665678777009689,2.89048401950009,21.761260355007053,44.596398250114014,25.79470536418866
4,2.6107186342081636,3.8968536530875424,22.000105643539285,55.84057170953111,11.976864892400622
4,3.3590290915924026,3.2794912691989477,22.051742974972836,46.996955108538515,20.135050345387736
4,4.463872174102396,1.841504080016358,23.315321749341564,40.624448748942115,41.388861353001815
4,1.575827198670758,4.614791902735259,23.754780923727058,71.06691832638994,3.843522776986213
4,0.5508729237270382,4.882754667934711,24.020404522301575,89.21816583671657,1.195103031087427
4,4.337902193409127,2.461042076641115,24.840680830437822,38.546295254934535,31.704749461375986
4,0.6324014039447934,5.0,25.39299701968991,87.79180822498549,0.36540826572007823
4,3.3684084215050176,3.896398519177856,26.520515954250186,45.23346981983671,12.419569881867053
4,2.5885771905375563,4.4870830786438045,26.817388685291075,55.15434083019607,5.189036884814536
4,3.9473684210526314,3.4210526315789473,27.297269794809637,39.13649586973556,18.286265371305465
4,2.1249046574055512,4.792479582007791,27.5060541544137,62.074190414198,2.3300570344629903
4,4.213501683560212,3.148676644628205,27.743369505432792,36.89009366258774,22.43683454184312
4,3.5637331963348764,4.105134449292852,29.625518216698865,42.23791623956965,9.506873528886242
4,2.894736842105263,4.7368421052631575,30.81577538902242,50.54774140109533,2.6633431877504927
4,4.44251725187584,3.4224615867847232,31.425088773663724,33.366285314029504,18.086613705720946
4,4.913093819754347,3.170010753205993,34.15723080940178,29.296906728513758,21.13424780807895
4,5.0,3.1578947368421053,34.972918944228425,28.389602597614868,21.8370119351202
4,3.3477566517627184,4.926947595428205,35.376324530655125,44.28507929453839,0.658633546067993
4,4.319491369197776,4.1140763039523,35.50510654974036,33.02506802095447,10.05892267458355
4,3.808153701943064,4.714498443231069,36.743609473183184,38.45197429307043,2.7849168134223423
4,4.7368421052631575,3.9473684210526314,38.01599626163479,28.805538300380377,11.590143183002127
4,4.9977577806209075,3.731243340640006,38.916972039456105,26.595806299960095,14.190098559171638
4,4.473684210526316,4.473684210526316,40.040933230277375,30.80797296708204,5.539881053839346
4,4.2105263157894735,5.0,42.72843338961703,33.514597320051706,0.013341808941949208
5,0.0,0.0,0.001120783336317265,124.99632044036773,75.00972870173952
5,1.0526315789473684,0.2631578947368421,1.175182567112296,102.4977954451453,69.8239973602944
5,0.7894736842105263,0.7894736842105263,1.2467685304951432,102.55879739032727,59.821712036756914
5,0.6152803880919955,1.0690006324138457,1.552166375613214,103.57537830991961,55.161957077255686
5,1.3157894736842104,0.5263157894736842,2.0059317842900697,95.43323832945345,64.71834870206034
5,0.10951564028251648,1.6647139473674355,2.7970413012065745,108.946742671875,44.50623295250421
5,1.2721761197443553,1.2877274444738018,3.2910336316061217,89.98592503565466,51.04412407867277
5,0.9724128955477069,1.6585300853611562,3.7529287847581974,92.74286504545046,44.712641916973816
5,0.9110307759512909,2.404877979157038,6.607194914770101,89.3739182824869,32.984247957587684
5,2.5160820289780954,0.735010975891412,6.838063401565645,74.26529396670067,60.646113486383776
5,0.5263157894736842,2.631578947368421,7.202568531073033,95.35757053835952,29.28374566643773
5,1.784525936374742,2.069703709747108,7.42331115106716,76.03843318189998,37.88968675689492
5,2.3684210526315788,1.5789473684210527,8.105351749922248,69.95723832566654,45.92219510801643
5,1.628803840599632,2.352613574205486,8.223237855484628,77.10539920128053,33.136304665450574
5,2.346182985471317,1.7907160971407228,8.730685795419591,68.96719557154859,42.740182242400735
5,2.1052631578947367,2.3684210526315788,10.041260861208713,69.2477222502483,33.248528654575296
5,2.631578947368421,1.8421052631578947,10.323810198866191,64.26558880758864,41.531868087458804
5,0.7879943044348147,3.2501486959116295,11.173487013118471,87.8762969314419,20.564790423807338
5,1.099890102930286,3.214545173034149,11.576834553594932,82.38348146557864,21.3009340821732
5,1.8421052631578947,2.894736842105263,11.77416904877131,70.97344063877325,25.486832407128933
5,1.2723621114813577,3.3416459421853277,12.770644302924138,78.88594608098839,19.10769603629119
5,3.4210526315789473,1.0526315789473684,12.80546249389661,58.8629895509502,55.0799685664597
5,2.647696997547019,2.443691654598524,12.948415864978921,60.491108620179084,32.23880845581686
5,0.7095106641522377,3.5774577691445604,13.308536443648375,88.29366543008712,16.448889379143107
5,3.056695293492397,2.0315270097841966,13.418852503387892,56.932818367284774,38.32466079410389
5,0.2631578947368421,3.6842105263157894,13.634776540014212,96.53327325582862,14.923350540308759
5,3.1578947368421053,2.1052631578947367,14.40908944830158,55.20007424267688,37.34646665467773
5,3.6842105263157894,1.3157894736842104,15.308439099374958,53.46890663718625,50.41193657360587
5,2.5081080229658497,3.012877983988989,15.359757034671485,60.0647460523543,24.11321869736284
5,2.083599789076257,3.4587791545022113,16.30825740109828,65.05973806063596,18.063596899758263
5,2.8253845292502815,2.920517492558286,16.560753234593527,55.73646767662556,24.857638190184357
5,3.176040808427496,2.611216214351153,16.842869772740272,52.23918824419464,29.658304615623607
5,1.0465581532419732,4.028435564292893,17.378833899907526,81.17934525186259,10.78130559831709
5,3.703073358911211,1.921869113931087,17.429446789260975,49.0868143079783,40.427451442891666
5,1.4735451460004225,3.939831961071969,17.725113034906112,73.85688194303644,11.449138047393852
5,0.49514935348124456,4.1904552799248656,17.833161972083712,90.92348589456753,8.576176202521063
5,3.6915810023859397,2.3020581970948433,19.055857399372425,47.02878394300143,34.09723233061747
5,2.889460754280111,3.435775411461738,20.13086736897168,52.95066017413552,18.334053029689308
5,1.5789473684210527,4.2105263157894735,20.227133987038137,71.5451737376406,8.530453371314067
5,0.31850754203840453,4.517312063540629,20.58954939250196,93.95575074497549,5.057952268747999
5,3.615512806512415,2.821372067808725,21.009762105271328,45.40016425409583,26.18281442882907
5,1.94005399021717,4.162238435757286,21.07308112067403,65.62694060847026,9.325582286579209
5,3.665678777009689,2.89048401950009,21.761260355007053,44.596398250114014,25.79470536418866
5,2.6107186342081636,3.8968536530875424,22.000105643539285,55.84057170953111,11.976864892400622
5,3.3590290915924026,3.2794912691989477,22.051742974972836,46.996955108538515,20.135050345387736
5,4.463872174102396,1.841504080016358,23.315321749341564,40.624448748942115,41.388861353001815
5,1.575827198670758,4.614791902735259,23.754780923727058,71.06691832638994,3.843522776986213
5,0.5508729237270382,4.882754667934711,24.020404522301575,89.21816583671657,1.195103031087427
5,4.337902193409127,2.461042076641115,24.840680830437822,38.546295254934535,31.704749461375986
5,3.57263726619788,3.5296046689710554,25.211248453373997,43.43493519391415,16.942603774927356
5,0.6324014039447934,5.0,25.39299701968991,87.79180822498549,0.36540826572007823
5,3.3684084215050176,3.896398519177856,26.520515954250186,45.23346981983671,12.419569881867053
5,2.5885771905375563,4.4870830786438045,26.817388685291075,55.15434083019607,5.189036884814536
5,3.9473684210526314,3.4210526315789473,27.297269794809637,39.13649586973556,18.286265371305465
5,2.1249046574055512,4.792479582007791,27.5060541544137,62.074190414198,2.3300570344629903
5,4.213501683560212,3.148676644628205,27.743369505432792,36.89009366258774,22.43683454184312
5,3.5637331963348764,4.105134449292852,29.625518216698865,42.23791623956965,9.506873528886242
5,2.894736842105263,4.7368421052631575,30.81577538902242,50.54774140109533,2.6633431877504927
5,4.325450983630851,3.5046971676463685,31.020229818736972,34.46713912620579,17.242403656186312
5,4.44251725187584,3.4224615867847232,31.425088773663724,33.366285314029504,18.086613705720946
5,3.19452574106006,4.6130029528916285,31.57508406788843,46.49072928832261,4.181544846661854
5,4.913093819754347,3.170010753205993,34.15723080940178,29.296906728513758,21.13424780807895
5,5.0,3.1578947368421053,34.972918944228425,28.389602597614868,21.8370119351202
5,3.3477566517627184,4.926947595428205,35.376324530655125,44.28507929453839,0.658633546067993
5,4.319491369197776,4.1140763039523,35.50510654974036,33.02506802095447,10.05892267458355
5,3.808153701943064,4.714498443231069,36.743609473183184,38.45197429307043,2.7849168134223423
5,4.7368421052631575,3.9473684210526314,38.01599626163479,28.805538300380377,11.590143183002127
5,4.9977577806209075,3.731243340640006,38.916972039456105,26.595806299960095,14.190098559171638
5,4.473684210526316,4.473684210526316,40.040933230277375,30.80797296708204,5.539881053839346
5,4.2105263157894735,5.0,42.72843338961703,33.514597320051706,0.013341808941949208
6,0.0,0.0,0.001120783336317265,124.99632044036773,75.00972870173952
6,1.0526315789473684,0.2631578947368421,1.175182567112296,102.4977954451453,69.8239973602944
6,0.7894736842105263,0.7894736842105263,1.2467685304951432,102.55879739032727,59.821712036756914
6,0.6152803880919955,1.0690006324138457,1.552166375613214,103.57537830991961,55.161957077255686
6,1.3157894736842104,0.5263157894736842,2.0059317842900697,95.43323832945345,64.71834870206034
6,0.10951564028251648,1.6647139473674355,2.7970413012065745,108.946742671875,44.50623295250421
6,1.0060962341219644,1.3629819165944506,2.8513142879979245,94.07380356863672,49.344329659721225
6,1.2721761197443553,1.2877274444738018,3.2910336316061217,89.98592503565466,51.04412407867277
6,0.9724128955477069,1.6585300853611562,3.7529287847581974,92.74286504545046,44.712641916973816
6,1.2928841176078039,2.1527221892647246,6.347939905144126,84.02062005047836,36.95809649708519
6,0.9110307759512909,2.404877979157038,6.607194914770101,89.3739182824869,32.984247957587684
6,2.5160820289780954,0.735010975891412,6.838063401565645,74.26529396670067,60.646113486383776
6,0.5263157894736842,2.631578947368421,7.202568531073033,95.35757053835952,29.28374566643773
6,1.784525936374742,2.069703709747108,7.42331115106716,76.03843318189998,37.88968675689492
6,2.3684210526315788,1.5789473684210527,8.105351749922248,69.95723832566654,45.92219510801643
6,1.628803840599632,2.352613574205486,8.223237855484628,77.10539920128053,33.136304665450574
6,2.346182985471317,1.7907160971407228,8.730685795419591,68.96719557154859,42.740182242400735
6,1.7338977372512292,2.645470885241158,10.031707169199715,73.98425939641739,29.02943330964994
6,2.1052631578947367,2.3684210526315788,10.041260861208713,69.2477222502483,33.248528654575296
6,2.631578947368421,1.8421052631578947,10.323810198866191,64.26558880758864,41.531868087458804
6,0.7879943044348147,3.2501486959116295,11.173487013118471,87.8762969314419,20.564790423807338
6,1.099890102930286,3.214545173034149,11.576834553594932,82.38348146557864,21.3009340821732
6,1.8421052631578947,2.894736842105263,11.77416904877131,70.97344063877325,25.486832407128933
6,2.803871802840387,2.055998418486025,12.093154240884102,60.4841541739694,38.039003534373535
6,1.2723621114813577,3.3416459421853277,12.770644302924138,78.88594608098839,19.10769603629119
6,3.4210526315789473,1.0526315789473684,12.80546249389661,58.8629895509502,55.0799685664597
6,2.647696997547019,2.443691654598524,12.948415864978921,60.491108620179084,32.23880845581686
6,0.7095106641522377,3.5774577691445604,13.308536443648375,88.29366543008712,16.448889379143107
6,3.056695293492397,2.0315270097841966,13.418852503387892,56.932818367284774,38.32466079410389
6,2.4879954803683213,2.694777577149923,13.454215483842715,61.71922620340249,28.39948496700757
6,0.2631578947368421,3.6842105263157894,13.634776540014212,96.53327325582862,14.923350540308759
6,3.1578947368421053,2.1052631578947367,14.40908944830158,55.20007424267688,37.34646665467773
6,1.7068412285760737,3.5236079904971134,15.294871531397764,70.97479265207897,16.948101432524105
6,3.6842105263157894,1.3157894736842104,15.308439099374958,53.46890663718625,50.41193657360587
6,2.5081080229658497,3.012877983988989,15.359757034671485,60.0647460523543,24.11321869736284
6,2.083599789076257,3.4587791545022113,16.30825740109828,65.05973806063596,18.063596899758263
6,2.8253845292502815,2.920517492558286,16.560753234593527,55.73646767662556,24.857638190184357
6,3.176040808427496,2.611216214351153,16.842869772740272,52.23918824419464,29.658304615623607
6,1.0465581532419732,4.028435564292893,17.378833899907526,81.17934525186259,10.78130559831709
6,3.703073358911211,1.921869113931087,17.429446789260975,49.0868143079783,40.427451442891666
6,1.4735451460004225,3.939831961071969,17.725113034906112,73.85688194303644,11.449138047393852
6,0.49514935348124456,4.1904552799248656,17.833161972083712,90.92348589456753,8.576176202521063
6,3.6915810023859397,2.3020581970948433,19.055857399372425,47.02878394300143,34.09723233061747
6,2.889460754280111,3.435775411461738,20.13086736897168,52.95066017413552,18.334053029689308
6,1.5789473684210527,4.2105263157894735,20.227133987038137,71.5451737376406,8.530453371314067
6,0.31850754203840453,4.517312063540629,20.58954939250196,93.95575074497549,5.057952268747999
6,3.615512806512415,2.821372067808725,21.009762105271328,45.40016425409583,26.18281442882907
6,1.94005399021717,4.162238435757286,21.07308112067403,65.62694060847026,9.325582286579209
6,3.665678777009689,2.89048401950009,21.761260355007053,44.596398250114014,25.79470536418866
6,2.6107186342081636,3.8968536530875424,22.000105643539285,55.84057170953111,11.976864892400622
6,3.3590290915924026,3.2794912691989477,22.051742974972836,46.996955108538515,20.135050345387736
6,4.463872174102396,1.841504080016358,23.315321749341564,40.624448748942115,41.388861353001815
6,1.575827198670758,4.614791902735259,23.754780923727058,71.06691832638994,3.843522776986213
6,0.5508729237270382,4.882754667934711,24.020404522301575,89.21816583671657,1.195103031087427
6,1.1975926685650586,4.7957619093703325,24.353323116439483,77.52942490291747,1.687161164092884
6,4.337902193409127,2.461042076641115,24.840680830437822,38.546295254934535,31.704749461375986
6,2.624009496343067,4.264917186718949,25.065497758886554,55.045069388714495,7.375274326552621
6,3.57263726619788,3.5296046689710554,25.211248453373997,43.43493519391415,16.942603774927356
6,0.6324014039447934,5.0,25.39299701968991,87.79180822498549,0.36540826572007823
6,3.3684084215050176,3.896398519177856,26.520515954250186,45.23346981983671,12.419569881867053
6,2.5885771905375563,4.4870830786438045,26.817388685291075,55.15434083019607,5.189036884814536
6,3.9473684210526314,3.4210526315789473,27.297269794809637,39.13649586973556,18.286265371305465
6,2.1249046574055512,4.792479582007791,27.5060541544137,62.074190414198,2.3300570344629903
6,4.213501683560212,3.148676644628205,27.743369505432792,36.89009366258774,22.43683454184312
6,4.539912542999047,2.6980171572776768,27.912406825150384,35.12269402611826,28.3076938428921
6,3.5637331963348764,4.105134449292852,29.625518216698865,42.23791623956965,9.506873528886242
6,3.697661918806998,4.13624277161156,30.763442603006737,40.38042383011314,8.918946282846754
6,2.894736842105263,4.7368421052631575,30.81577538902242,50.54774140109533,2.6633431877504927
6,4.325450983630851,3.5046971676463685,31.020229818736972,34.46713912620579,17.242403656186312
6,4.44251725187584,3.4224615867847232,31.425088773663724,33.366285314029504,18.086613705720946
6,3.19452574106006,4.6130029528916285,31.57508406788843,46.49072928832261,4.181544846661854
6,4.913093819754347,3.170010753205993,34.15723080940178,29.296906728513758,21.13424780807895
6,5.0,3.1578947368421053,34.972918944228425,28.389602597614868,21.8370119351202
6,3.3477566517627184,4.926947595428205,35.376324530655125,44.28507929453839,0.658633546067993
6,4.319491369197776,4.1140763039523,35.50510654974036,33.02506802095447,10.05892267458355
6,3.808153701943064,4.714498443231069,36.743609473183184,38.45197429307043,2.7849168134223423
6,4.7368421052631575,3.9473684210526314,38.01599626163479,28.805538300380377,11.590143183002127
6,4.9977577806209075,3.731243340640006,38.916972039456105,26.595806299960095,14.190098559171638
6,4.473684210526316,4.473684210526316,40.040933230277375,30.80797296708204,5.539881053839346
6,4.2105263157894735,5.0,42.72843338961703,33.514597320051706,0.013341808941949208
7,0.0,0.0,0.001120783336317265,124.99632044036773,75.00972870173952
7,1.0526315789473684,0.2631578947368421,1.175182567112296,102.4977954451453,69.8239973602944
7,0.7894736842105263,0.7894736842105263,1.2467685304951432,102.55879739032727,59.821712036756914
7,0.6152803880919955,1.0690006324138457,1.552166375613214,103.57537830991961,55.161957077255686
7,0.0808674329363912,1.3963699805423602,1.877232837880279,111.37656067367698,49.15065375833661
7,1.3157894736842104,0.5263157894736842,2.0059317842900697,95.43323832945345,64.71834870206034
7,0.10951564028251648,1.6647139473674355,2.7970413012065745,108.946742671875,44.50623295250421
7,1.0060962341219644,1.3629819165944506,2.8513142879979245,94.07380356863672,49.344329659721225
7,1.2721761197443553,1.2877274444738018,3.2910336316061217,89.98592503565466,51.04412407867277
7,0.9724128955477069,1.6585300853611562,3.7529287847581974,92.74286504545046,44.712641916973816
7,1.2928841176078039,2.1527221892647246,6.347939905144126,84.02062005047836,36.95809649708519
7,0.9110307759512909,2.404877979157038,6.607194914770101,89.3739182824869,32.984247957587684
7,2.5160820289780954,0.735010975891412,6.838063401565645,74.26529396670067,60.646113486383776
7,1.7780083942869496,1.9929329397220479,7.164134757339999,76.66198483019656,39.04089190320403
7,0.5263157894736842,2.631578947368421,7.202568531073033,95.35757053835952,29.28374566643773
7,1.784525936374742,2.069703709747108,7.42331115106716,76.03843318189998,37.88968675689492
7,2.3684210526315788,1.5789473684210527,8.105351749922248,69.95723832566654,45.92219510801643
7,1.628803840599632,2.352613574205486,8.223237855484628,77.10539920128053,33.136304665450574
7,2.346182985471317,1.7907160971407228,8.730685795419591,68.96719557154859,42.740182242400735
7,1.7338977372512292,2.645470885241158,10.031707169199715,73.98425939641739,29.02943330964994
7,2.1052631578947367,2.3684210526315788,10.041260861208713,69.2477222502483,33.248528654575296
7,2.631578947368421,1.8421052631578947,10.323810198866191,64.26558880758864,41.531868087458804
7,0.7879943044348147,3.2501486959116295,11.173487013118471,87.8762969314419,20.564790423807338
7,1.099890102930286,3.214545173034149,11.576834553594932,82.38348146557864,21.3009340821732
7,2.0825317807756667,2.707440165173712,11.694116444294067,67.94718101771058,28.298628062126472
7,1.8421052631578947,2.894736842105263,11.77416904877131,70.97344063877325,25.486832407128933
7,2.803871802840387,2.055998418486025,12.093154240884102,60.4841541739694,38.039003534373535
7,1.2723621114813577,3.3416459421853277,12.770644302924138,78.88594608098839,19.10769603629119
7,3.4210526315789473,1.0526315789473684,12.80546249389661,58.8629895509502,55.0799685664597
7,2.647696997547019,2.443691654598524,12.948415864978921,60.491108620179084,32.23880845581686
7,0.7095106641522377,3.5774577691445604,13.308536443648375,88.29366543008712,16.448889379143107
7,3.056695293492397,2.0315270097841966,13.418852503387892,56.932818367284774,38.32466079410389
7,2.4879954803683213,2.694777577149923,13.454215483842715,61.71922620340249,28.39948496700757
7,0.2631578947368421,3.6842105263157894,13.634776540014212,96.53327325582862,14.923350540308759
7,3.1578947368421053,2.1052631578947367,14.40908944830158,55.20007424267688,37.34646665467773
7,1.7068412285760737,3.5236079904971134,15.294871531397764,70.97479265207897,16.948101432524105
7,3.6842105263157894,1.3157894736842104,15.308439099374958,53.46890663718625,50.41193657360587
7,2.5081080229658497,3.012877983988989,15.359757034671485,60.0647460523543,24.11321869736284
7,2.083599789076257,3.4587791545022113,16.30825740109828,65.05973806063596,18.063596899758263
7,2.8253845292502815,2.920517492558286,16.560753234593527,55.73646767662556,24.857638190184357
7,3.176040808427496,2.611216214351153,16.842869772740272,52.23918824419464,29.658304615623607
7,0.43504721094987653,4.11267637932923,17.10410842662452,92.35249605834251,9.710786020685335
7,1.0465581532419732,4.028435564292893,17.378833899907526,81.17934525186259,10.78130559831709
7,3.703073358911211,1.921869113931087,17.429446789260975,49.0868143079783,40.427451442891666
7,1.4735451460004225,3.939831961071969,17.725113034906112,73.85688194303644,11.449138047393852
7,0.49514935348124456,4.1904552799248656,17.833161972083712,90.92348589456753,8.576176202521063
7,3.6915810023859397,2.3020581970948433,19.055857399372425,47.02878394300143,34.09723233061747
7,2.889460754280111,3.435775411461738,20.13086736897168,52.95066017413552,18.334053029689308
7,1.5789473684210527,4.2105263157894735,20.227133987038137,71.5451737376406,8.530453371314067
7,3.5723132091695353,2.7772734813092512,20.54923629588438,46.327001137272255,27.215870240892876
7,0.31850754203840453,4.517312063540629,20.58954939250196,93.95575074497549,5.057952268747999
7,3.615512806512415,2.821372067808725,21.009762105271328,45.40016425409583,26.18281442882907
7,1.94005399021717,4.162238435757286,21.07308112067403,65.62694060847026,9.325582286579209
7,3.665678777009689,2.89048401950009,21.761260355007053,44.596398250114014,25.79470536418866
7,2.6107186342081636,3.8968536530875424,22.000105643539285,55.84057170953111,11.976864892400622
7,3.3590290915924026,3.2794912691989477,22.051742974972836,46.996955108538515,20.135050345387736
7,3.885994850124571,2.656242795618687,22.26481986856495,42.924625585156825,29.09866418168017
7,0.6907232737017542,4.76458063983039,23.17919818742418,86.78463563252282,2.5312146685894703
7,4.463872174102396,1.841504080016358,23.315321749341564,40.624448748942115,41.388861353001815
7,1.575827198670758,4.614791902735259,23.754780923727058,71.06691832638994,3.843522776986213
7,0.5508729237270382,4.882754667934711,24.020404522301575,89.21816583671657,1.195103031087427
7,4.21928205841707,2.503021525107953,24.13271785259229,39.64036347160807,31.637786530028606
7,1.1975926685650586,4.7957619093703325,24.353323116439483,77.52942490291747,1.687161164092884
7,4.337902193409127,2.461042076641115,24.840680830437822,38.546295254934535,31.704749461375986
7,2.624009496343067,4.264917186718949,25.065497758886554,55.045069388714495,7.375274326552621
7,3.57263726619788,3.5296046689710554,25.211248453373997,43.43493519391415,16.942603774927356
7,0.6324014039447934,5.0,25.39299701968991,87.79180822498549,0.36540826572007823
7,1.4702965594576622,4.915671412182202,26.289222255966955,72.77444449708291,1.4207401330903178
7,3.3684084215050176,3.896398519177856,26.520515954250186,45.23346981983671,12.419569881867053
7,2.5885771905375563,4.4870830786438045,26.817388685291075,55.15434083019607,5.189036884814536
7,3.9473684210526314,3.4210526315789473,27.297269794809637,39.13649586973556,18.286265371305465
7,2.1249046574055512,4.792479582007791,27.5060541544137,62.074190414198,2.3300570344629903
7,4.213501683560212,3.148676644628205,27.743369505432792,36.89009366258774,22.43683454184312
7,4.539912542999047,2.6980171572776768,27.912406825150384,35.12269402611826,28.3076938428921
7,3.5637331963348764,4.105134449292852,29.625518216698865,42.23791623956965,9.506873528886242
7,3.697661918806998,4.13624277161156,30.763442603006737,40.38042383011314,8.918946282846754
7,2.894736842105263,4.7368421052631575,30.81577538902242,50.54774140109533,2.6633431877504927
7,4.325450983630851,3.5046971676463685,31.020229818736972,34.46713912620579,17.242403656186312
7,4.44251725187584,3.4224615867847232,31.425088773663724,33.366285314029504,18.086613705720946
7,3.19452574106006,4.6130029528916285,31.57508406788843,46.49072928832261,4.181544846661854
7,4.913093819754347,3.170010753205993,34.15723080940178,29.296906728513758,21.13424780807895
7,5.0,3.1578947368421053,34.972918944228425,28.389602597614868,21.8370119351202
7,3.3477566517627184,4.926947595428205,35.376324530655125,44.28507929453839,0.658633546067993
7,4.319491369197776,4.1140763039523,35.50510654974036,33.02506802095447,10.05892267458355
7,3.808153701943064,4.714498443231069,36.743609473183184,38.45197429307043,2.7849168134223423
7,4.7368421052631575,3.9473684210526314,38.01599626163479,28.805538300380377,11.590143183002127
7,4.9977577806209075,3.731243340640006,38.916972039456105,26.595806299960095,14.190098559171638
7,4.473684210526316,4.473684210526316,40.040933230277375,30.80797296708204,5.539881053839346
7,4.124923451286274,4.863167951425076,40.65556353568642,34.56669058382356,1.2213082538579514
7,4.2105263157894735,5.0,42.72843338961703,33.514597320051706,0.013341808941949208
8,0.0,0.0,0.001120783336317265,124.99632044036773,75.00972870173952
8,1.0526315789473684,0.2631578947368421,1.175182567112296,102.4977954451453,69.8239973602944
8,0.7894736842105263,0.7894736842105263,1.2467685304951432,102.55879739032727,59.821712036756914
8,0.6152803880919955,1.0690006324138457,1.552166375613214,103.57537830991961,55.161957077255686
8,0.0808674329363912,1.3963699805423602,1.877232837880279,111.37656067367698,49.15065375833661
8,1.3157894736842104,0.5263157894736842,2.0059317842900697,95.43323832945345,64.71834870206034
8,0.10951564028251648,1.6647139473674355,2.7970413012065745,108.946742671875,44.50623295250421
8,1.0060962341219644,1.3629819165944506,2.8513142879979245,94.07380356863672,49.344329659721225
8,1.2721761197443553,1.2877274444738018,3.2910336316061217,89.98592503565466,51.04412407867277
8,1.217000388077754,1.4269291189851316,3.528648689590418,89.9178052025061,48.54375656500396
8,0.9724128955477069,1.6585300853611562,3.7529287847581974,92.74286504545046,44.712641916973816
8,1.2928841176078039,2.1527221892647246,6.347939905144126,84.02062005047836,36.95809649708519
8,0.9110307759512909,2.404877979157038,6.607194914770101,89.3739182824869,32.984247957587684
8,2.5160820289780954,0.735010975891412,6.838063401565645,74.26529396670067,60.646113486383776
8,1.7780083942869496,1.9929329397220479,7.164134757339999,76.66198483019656,39.04089190320403
8,0.5263157894736842,2.631578947368421,7.202568531073033,95.35757053835952,29.28374566643773
8,0.7947562038949192,2.580371881210235,7.287155748426074,90.64092474604706,30.01404189969294
8,1.784525936374742,2.069703709747108,7.42331115106716,76.03843318189998,37.88968675689492
8,2.3684210526315788,1.5789473684210527,8.105351749922248,69.95723832566654,45.92219510801643
8,1.628803840599632,2.352613574205486,8.223237855484628,77.10539920128053,33.136304665450574
8,2.346182985471317,1.7907160971407228,8.730685795419591,68.96719557154859,42.740182242400735
8,1.7338977372512292,2.645470885241158,10.031707169199715,73.98425939641739,29.02943330964994
8,2.1052631578947367,2.3684210526315788,10.041260861208713,69.2477222502483,33.248528654575296
8,2.631578947368421,1.8421052631578947,10.323810198866191,64.26558880758864,41.531868087458804
8,0.7879943044348147,3.2501486959116295,11.173487013118471,87.8762969314419,20.564790423807338
8,1.099890102930286,3.214545173034149,11.576834553594932,82.38348146557864,21.3009340821732
8,2.0825317807756667,2.707440165173712,11.694116444294067,67.94718101771058,28.298628062126472
8,1.8421052631578947,2.894736842105263,11.77416904877131,70.97344063877325,25.486832407128933
8,0.9415821554283597,3.3092336538176252,11.815874295717068,84.91343847988657,19.525763494378502
8,2.803871802840387,2.055998418486025,12.093154240884102,60.4841541739694,38.039003534373535
8,1.2723621114813577,3.3416459421853277,12.770644302924138,78.88594608098839,19.10769603629119
8,3.4210526315789473,1.0526315789473684,12.80546249389661,58.8629895509502,55.0799685664597
8,2.647696997547019,2.443691654598524,12.948415864978921,60.491108620179084,32.23880845581686
8,0.7095106641522377,3.5774577691445604,13.308536443648375,88.29366543008712,16.448889379143107
8,3.056695293492397,2.0315270097841966,13.418852503387892,56.932818367284774,38.32466079410389
8,2.4879954803683213,2.694777577149923,13.454215483842715,61.71922620340249,28.39948496700757
8,0.2631578947368421,3.6842105263157894,13.634776540014212,96.53327325582862,14.923350540308759
8,3.1578947368421053,2.1052631578947367,14.40908944830158,55.20007424267688,37.34646665467773
8,1.7068412285760737,3.5236079904971134,15.294871531397764,70.97479265207897,16.948101432524105
8,3.6842105263157894,1.3157894736842104,15.308439099374958,53.46890663718625,50.41193657360587
8,2.5081080229658497,3.012877983988989,15.359757034671485,60.0647460523543,24.11321869736284
8,0.8260903511165087,3.912205977850931,16.052792110278098,85.36245066035448,12.113888988281012
8,2.083599789076257,3.4587791545022113,16.30825740109828,65.05973806063596,18.063596899758263
8,2.8253845292502815,2.920517492558286,16.560753234593527,55.73646767662556,24.857638190184357
8,3.667828008748826,1.852896003570557,16.833721474541672,49.98216743094466,41.76522995878847
8,3.176040808427496,2.611216214351153,16.842869772740272,52.23918824419464,29.658304615623607
8,0.43504721094987653,4.11267637932923,17.10410842662452,92.35249605834251,9.710786020685335
8,1.0465581532419732,4.028435564292893,17.378833899907526,81.17934525186259,10.78130559831709
8,3.703073358911211,1.921869113931087,17.429446789260975,49.0868143079783,40.427451442891666
8,1.4735451460004225,3.939831961071969,17.725113034906112,73.85688194303644,11.449138047393852
8,0.49514935348124456,4.1904552799248656,17.833161972083712,90.92348589456753,8.576176202521063
8,1.7600895105218728,3.915206271787902,18.504775122536238,69.05124289005144,12.152322678967305
8,3.6915810023859397,2.3020581970948433,19.055857399372425,47.02878394300143,34.09723233061747
8,2.889460754280111,3.435775411461738,20.13086736897168,52.95066017413552,18.334053029689308
8,1.5789473684210527,4.2105263157894735,20.227133987038137,71.5451737376406,8.530453371314067
8,3.5723132091695353,2.7772734813092512,20.54923629588438,46.327001137272255,27.215870240892876
8,0.31850754203840453,4.517312063540629,20.58954939250196,93.95575074497549,5.057952268747999
8,3.615512806512415,2.821372067808725,21.009762105271328,45.40016425409583,26.18281442882907
8,1.94005399021717,4.162238435757286,21.07308112067403,65.62694060847026,9.325582286579209
8,3.665678777009689,2.89048401950009,21.761260355007053,44.596398250114014,25.79470536418866
8,2.6107186342081636,3.8968536530875424,22.000105643539285,55.84057170953111,11.976864892400622
8,3.3590290915924026,3.2794912691989477,22.051742974972836,46.996955108538515,20.135050345387736
8,3.885994850124571,2.656242795618687,22.26481986856495,42.924625585156825,29.09866418168017
8,1.5386490844972815,4.530647929303487,22.856872584084634,71.83452829564798,4.999542221707105
8,0.6907232737017542,4.76458063983039,23.17919818742418,86.78463563252282,2.5312146685894703
8,4.463872174102396,1.841504080016358,23.315321749341564,40.624448748942115,41.388861353001815
8,1.575827198670758,4.614791902735259,23.754780923727058,71.06691832638994,3.843522776986213
8,0.5508729237270382,4.882754667934711,24.020404522301575,89.21816583671657,1.195103031087427
8,4.21928205841707,2.503021525107953,24.13271785259229,39.64036347160807,31.637786530028606
8,1.1975926685650586,4.7957619093703325,24.353323116439483,77.52942490291747,1.687161164092884
8,4.337902193409127,2.461042076641115,24.840680830437822,38.546295254934535,31.704749461375986
8,2.624009496343067,4.264917186718949,25.065497758886554,55.045069388714495,7.375274326552621
8,3.57263726619788,3.5296046689710554,25.211248453373997,43.43493519391415,16.942603774927356
8,0.6324014039447934,5.0,25.39299701968991,87.79180822498549,0.36540826572007823
8,1.4702965594576622,4.915671412182202,26.289222255966955,72.77444449708291,1.4207401330903178
8,3.3684084215050176,3.896398519177856,26.520515954250186,45.23346981983671,12.419569881867053
8,2.5885771905375563,4.4870830786438045,26.817388685291075,55.15434083019607,5.189036884814536
8,3.9473684210526314,3.4210526315789473,27.297269794809637,39.13649586973556,18.286265371305465
8,3.310216826148931,4.058694743308479,27.431385745916796,45.62225523279008,10.363882531373934
8,2.1249046574055512,4.792479582007791,27.5060541544137,62.074190414198,2.3300570344629903
8,4.213501683560212,3.148676644628205,27.743369505432792,36.89009366258774,22.43683454184312
8,4.539912542999047,2.6980171572776768,27.912406825150384,35.12269402611826,28.3076938428921
8,3.5637331963348764,4.105134449292852,29.625518216698865,42.23791623956965,9.506873528886242
8,4.435489179179882,3.3024082331362425,30.573935010120245,33.91197967538299,20.176771517208905
8,3.697661918806998,4.13624277161156,30.763442603006737,40.38042383011314,8.918946282846754
8,2.894736842105263,4.7368421052631575,30.81577538902242,50.54774140109533,2.6633431877504927
8,4.325450983630851,3.5046971676463685,31.020229818736972,34.46713912620579,17.242403656186312
8,4.44251725187584,3.4224615867847232,31.425088773663724,33.366285314029504,18.086613705720946
8,3.19452574106006,4.6130029528916285,31.57508406788843,46.49072928832261,4.181544846661854
8,4.913093819754347,3.170010753205993,34.15723080940178,29.296906728513758,21.13424780807895
8,5.0,3.1578947368421053,34.972918944228425,28.389602597614868,21.8370119351202
8,4.218634640524389,4.138356155010122,34.99643710408314,34.180423726261196,9.649048032533754
8,3.3477566517627184,4.926947595428205,35.376324530655125,44.28507929453839,0.658633546067993
8,4.319491369197776,4.1140763039523,35.50510654974036,33.02506802095447,10.05892267458355
8,3.808153701943064,4.714498443231069,36.743609473183184,38.45197429307043,2.7849168134223423
8,4.7368421052631575,3.9473684210526314,38.01599626163479,28.805538300380377,11.590143183002127
8,4.9977577806209075,3.731243340640006,38.916972039456105,26.595806299960095,14.190098559171638
8,4.473684210526316,4.473684210526316,40.040933230277375,30.80797296708204,5.539881053839346
8,4.124923451286274,4.863167951425076,40.65556353568642,34.56669058382356,1.2213082538579514
8,4.2105263157894735,5.0,42.72843338961703,33.514597320051706,0.013341808941949208
9,0.0,0.0,0.001120783336317265,124.99632044036773,75.00972870173952
9,1.0526315789473684,0.2631578947368421,1.175182567112296,102.4977954451453,69.8239973602944
9,0.7894736842105263,0.7894736842105263,1.2467685304951432,102.55879739032727,59.821712036756914
9,0.6152803880919955,1.0690006324138457,1.552166375613214,103.57537830991961,55.161957077255686
9,0.0808674329363912,1.3963699805423602,1.877232837880279,111.37656067367698,49.15065375833661
9,1.3157894736842104,0.5263157894736842,2.0059317842900697,95.43323832945345,64.71834870206034
9,0.10951564028251648,1.6647139473674355,2.7970413012065745,108.946742671875,44.50623295250421
9,1.0060962341219644,1.3629819165944506,2.8513142879979245,94.07380356863672,49.344329659721225
9,1.2721761197443553,1.2877274444738018,3.2910336316061217,89.98592503565466,51.04412407867277
9,1.217000388077754,1.4269291189851316,3.528648689590418,89.9178052025061,48.54375656500396
9,0.9724128955477069,1.6585300853611562,3.7529287847581974,92.74286504545046,44.712641916973816
9,1.2928841176078039,2.1527221892647246,6.347939905144126,84.02062005047836,36.95809649708519
9,0.9110307759512909,2.404877979157038,6.607194914770101,89.3739182824869,32.984247957587684
9,2.5160820289780954,0.735010975891412,6.838063401565645,74.26529396670067,60.646113486383776
9,1.7780083942869496,1.9929329397220479,7.164134757339999,76.66198483019656,39.04089190320403
9,0.5263157894736842,2.631578947368421,7.202568531073033,95.35757053835952,29.28374566643773
9,0.7947562038949192,2.580371881210235,7.287155748426074,90.64092474604706,30.01404189969294
9,1.784525936374742,2.069703709747108,7.42331115106716,76.03843318189998,37.88968675689492
9,2.503090399825095,1.1024297286947875,7.452220167870795,71.44392086024244,54.0245306144727
9,2.3684210526315788,1.5789473684210527,8.105351749922248,69.95723832566654,45.92219510801643
9,1.628803840599632,2.352613574205486,8.223237855484628,77.10539920128053,33.136304665450574
9,2.346182985471317,1.7907160971407228,8.730685795419591,68.96719557154859,42.740182242400735
9,1.7338977372512292,2.645470885241158,10.031707169199715,73.98425939641739,29.02943330964994
9,2.1052631578947367,2.3684210526315788,10.041260861208713,69.2477222502483,33.248528654575296
9,2.631578947368421,1.8421052631578947,10.323810198866191,64.26558880758864,41.531868087458804
9,0.7879943044348147,3.2501486959116295,11.173487013118471,87.8762969314419,20.564790423807338
9,1.099890102930286,3.214545173034149,11.576834553594932,82.38348146557864,21.3009340821732
9,2.0825317807756667,2.707440165173712,11.694116444294067,67.94718101771058,28.298628062126472
9,1.8421052631578947,2.894736842105263,11.77416904877131,70.97344063877325,25.486832407128933
9,0.9415821554283597,3.3092336538176252,11.815874295717068,84.91343847988657,19.525763494378502
9,2.803871802840387,2.055998418486025,12.093154240884102,60.4841541739694,38.039003534373535
9,1.2723621114813577,3.3416459421853277,12.770644302924138,78.88594608098839,19.10769603629119
9,3.4210526315789473,1.0526315789473684,12.80546249389661,58.8629895509502,55.0799685664597
9,2.647696997547019,2.443691654598524,12.948415864978921,60.491108620179084,32.23880845581686
9,0.7095106641522377,3.5774577691445604,13.308536443648375,88.29366543008712,16.448889379143107
9,3.056695293492397,2.0315270097841966,13.418852503387892,56.932818367284774,38.32466079410389
9,2.4879954803683213,2.694777577149923,13.454215483842715,61.71922620340249,28.39948496700757
9,0.2631578947368421,3.6842105263157894,13.634776540014212,96.53327325582862,14.923350540308759
9,3.1578947368421053,2.1052631578947367,14.40908944830158,55.20007424267688,37.34646665467773
9,1.7068412285760737,3.5236079904971134,15.294871531397764,70.97479265207897,16.948101432524105
9,3.6842105263157894,1.3157894736842104,15.308439099374958,53.46890663718625,50.41193657360587
9,2.5081080229658497,3.012877983988989,15.359757034671485,60.0647460523543,24.11321869736284
9,2.2962908769649855,3.2537739359718265,15.914794452987962,62.45449928746081,20.199579063826835
9,0.8260903511165087,3.912205977850931,16.052792110278098,85.36245066035448,12.113888988281012
9,2.083599789076257,3.4587791545022113,16.30825740109828,65.05973806063596,18.063596899758263
9,2.8253845292502815,2.920517492558286,16.560753234593527,55.73646767662556,24.857638190184357
9,3.667828008748826,1.852896003570557,16.833721474541672,49.98216743094466,41.76522995878847
9,3.176040808427496,2.611216214351153,16.842869772740272,52.23918824419464,29.658304615623607
9,0.43504721094987653,4.11267637932923,17.10410842662452,92.35249605834251,9.710786020685335
9,1.0465581532419732,4.028435564292893,17.378833899907526,81.17934525186259,10.78130559831709
9,3.703073358911211,1.921869113931087,17.429446789260975,49.0868143079783,40.427451442891666
9,1.4735451460004225,3.939831961071969,17.725113034906112,73.85688194303644,11.449138047393852
9,0.49514935348124456,4.1904552799248656,17.833161972083712,90.92348589456753,8.576176202521063
9,3.1766633123672268,2.8733260642316565,18.326564715496232,51.064100581476666,25.5789764030186
9,1.7600895105218728,3.915206271787902,18.504775122536238,69.05124289005144,12.152322678967305
9,0.4635285194705756,4.336935260132181,18.995632251407912,91.39893720180063,6.653084370391202
9,3.6915810023859397,2.3020581970948433,19.055857399372425,47.02878394300143,34.09723233061747
9,2.889460754280111,3.435775411461738,20.13086736897168,52.95066017413552,18.334053029689308
9,1.5789473684210527,4.2105263157894735,20.227133987038137,71.5451737376406,8.530453371314067
9,3.5723132091695353,2.7772734813092512,20.54923629588438,46.327001137272255,27.215870240892876
9,0.31850754203840453,4.517312063540629,20.58954939250196,93.95575074497549,5.057952268747999
9,2.7252050009026254,3.628668512551212,20.622842927676164,54.754497968384804,15.270157155411367
9,3.196320059237514,3.2419862942879076,20.755158545048154,49.414274744123915,20.898135325277327
9,3.615512806512415,2.821372067808725,21.009762105271328,45.40016425409583,26.18281442882907
9,1.94005399021717,4.162238435757286,21.07308112067403,65.62694060847026,9.325582286579209
9,3.665678777009689,2.89048401950009,21.761260355007053,44.596398250114014,25.79470536418866
9,4.32225186156661,1.781135277460384,21.825321023562104,42.562316771141184,42.65022555803789
9,2.6107186342081636,3.8968536530875424,22.000105643539285,55.84057170953111,11.976864892400622
9,3.3590290915924026,3.2794912691989477,22.051742974972836,46.996955108538515,20.135050345387736
9,3.885994850124571,2.656242795618687,22.26481986856495,42.924625585156825,29.09866418168017
9,1.5386490844972815,4.530647929303487,22.856872584084634,71.83452829564798,4.999542221707105
9,0.6907232737017542,4.76458063983039,23.17919818742418,86.78463563252282,2.5312146685894703
9,4.463872174102396,1.841504080016358,23.315321749341564,40.624448748942115,41.388861353001815
9,2.4280709911333336,4.22658657791527,23.715118370298466,57.94548412620188,8.369103377038567
9,1.575827198670758,4.614791902735259,23.754780923727058,71.06691832638994,3.843522776986213
9,0.5508729237270382,4.882754667934711,24.020404522301575,89.21816583671657,1.195103031087427
9,4.21928205841707,2.503021525107953,24.13271785259229,39.64036347160807,31.637786530028606
9,1.1975926685650586,4.7957619093703325,24.353323116439483,77.52942490291747,1.687161164092884
9,4.337902193409127,2.461042076641115,24.840680830437822,38.546295254934535,31.704749461375986
9,2.624009496343067,4.264917186718949,25.065497758886554,55.045069388714495,7.375274326552621
9,3.57263726619788,3.5296046689710554,25.211248453373997,43.43493519391415,16.942603774927356
9,0.6324014039447934,5.0,25.39299701968991,87.79180822498549,0.36540826572007823
9,4.3087444158176345,2.658350914602784,25.628109109884853,37.900819230021646,28.952927608835775
9,1.4702965594576622,4.915671412182202,26.289222255966955,72.77444449708291,1.4207401330903178
9,3.3684084215050176,3.896398519177856,26.520515954250186,45.23346981983671,12.419569881867053
9,2.5885771905375563,4.4870830786438045,26.817388685291075,55.15434083019607,5.189036884814536
9,3.9473684210526314,3.4210526315789473,27.297269794809637,39.13649586973556,18.286265371305465
9,3.310216826148931,4.058694743308479,27.431385745916796,45.62225523279008,10.363882531373934
9,2.1249046574055512,4.792479582007791,27.5060541544137,62.074190414198,2.3300570344629903
9,4.213501683560212,3.148676644628205,27.743369505432792,36.89009366258774,22.43683454184312
9,4.539912542999047,2.6980171572776768,27.912406825150384,35.12269402611826,28.3076938428921
9,3.5637331963348764,4.105134449292852,29.625518216698865,42.23791623956965,9.506873528886242
9,4.435489179179882,3.3024082331362425,30.573935010120245,33.91197967538299,20.176771517208905
9,3.697661918806998,4.13624277161156,30.763442603006737,40.38042383011314,8.918946282846754
9,2.894736842105263,4.7368421052631575,30.81577538902242,50.54774140109533,2.6633431877504927
9,4.325450983630851,3.5046971676463685,31.020229818736972,34.46713912620579,17.242403656186312
9,4.44251725187584,3.4224615867847232,31.425088773663724,33.366285314029504,18.086613705720946
9,3.19452574106006,4.6130029528916285,31.57508406788843,46.49072928832261,4.181544846661854
9,4.913093819754347,3.170010753205993,34.15723080940178,29.296906728513758,21.13424780807895
9,5.0,3.1578947368421053,34.972918944228425,28.389602597614868,21.8370119351202
9,4.218634640524389,4.138356155010122,34.99643710408314,34.180423726261196,9.649048032533754
9,3.3477566517627184,4.926947595428205,35.376324530655125,44.28507929453839,0.658633546067993
9,4.319491369197776,4.1140763039523,35.50510654974036,33.02506802095447,10.05892267458355
9,3.808153701943064,4.714498443231069,36.743609473183184,38.45197429307043,2.7849168134223423
9,4.7368421052631575,3.9473684210526314,38.01599626163479,28.805538300380377,11.590143183002127
9,4.9869796005727665,3.686747233602267,38.44804978392579,26.888547963005017,14.739716227672561
9,4.9977577806209075,3.731243340640006,38.916972039456105,26.595806299960095,14.190098559171638
9,4.473684210526316,4.473684210526316,40.040933230277375,30.80797296708204,5.539881053839346
9,4.124923451286274,4.863167951425076,40.65556353568642,34.56669058382356,1.2213082538579514
9,4.2105263157894735,5.0,42.72843338961703,33.514597320051706,0.013341808941949208
10,0.0,0.0,0.001120783336317265,124.99632044036773,75.00972870173952
10,1.0526315789473684,0.2631578947368421,1.175182567112296,102.4977954451453,69.8239973602944
10,0.7894736842105263,0.7894736842105263,1.2467685304951432,102.55879739032727,59.821712036756914
10,0.6152803880919955,1.0690006324138457,1.552166375613214,103.57537830991961,55.161957077255686
10,0.0808674329363912,1.3963699805423602,1.877232837880279,111.37656067367698,49.15065375833661
10,1.3157894736842104,0.5263157894736842,2.0059317842900697,95.43323832945345,64.71834870206034
10,0.9538452067171022,1.1386495756420483,2.2201743174791257,96.82526011297453,53.7850316107684
10,0.10951564028251648,1.6647139473674355,2.7970413012065745,108.946742671875,44.50623295250421
10,1.0060962341219644,1.3629819165944506,2.8513142879979245,94.07380356863672,49.344329659721225
10,1.2721761197443553,1.2877274444738018,3.2910336316061217,89.98592503565466,51.04412407867277
10,1.217000388077754,1.4269291189851316,3.528648689590418,89.9178052025061,48.54375656500396
10,0.9724128955477069,1.6585300853611562,3.7529287847581974,92.74286504545046,44.712641916973816
10,1.8896914931300008,0.31048742978907695,3.7628898968689026,87.83467948744821,68.98092632199092
10,1.2928841176078039,2.1527221892647246,6.347939905144126,84.02062005047836,36.95809649708519
10,0.9110307759512909,2.404877979157038,6.607194914770101,89.3739182824869,32.984247957587684
10,2.5160820289780954,0.735010975891412,6.838063401565645,74.26529396670067,60.646113486383776
10,1.7780083942869496,1.9929329397220479,7.164134757339999,76.66198483019656,39.04089190320403
10,0.5263157894736842,2.631578947368421,7.202568531073033,95.35757053835952,29.28374566643773
10,0.7947562038949192,2.580371881210235,7.287155748426074,90.64092474604706,30.01404189969294
10,1.784525936374742,2.069703709747108,7.42331115106716,76.03843318189998,37.88968675689492
10,2.503090399825095,1.1024297286947875,7.452220167870795,71.44392086024244,54.0245306144727
10,2.3684210526315788,1.5789473684210527,8.105351749922248,69.95723832566654,45.92219510801643
10,1.628803840599632,2.352613574205486,8.223237855484628,77.10539920128053,33.136304665450574
10,2.346182985471317,1.7907160971407228,8.730685795419591,68.96719557154859,42.740182242400735
10,1.7338977372512292,2.645470885241158,10.031707169199715,73.98425939641739,29.02943330964994
10,2.1052631578947367,2.3684210526315788,10.041260861208713,69.2477222502483,33.248528654575296
10,2.631578947368421,1.8421052631578947,10.323810198866191,64.26558880758864,41.531868087458804
10,0.7879943044348147,3.2501486959116295,11.173487013118471,87.8762969314419,20.564790423807338
10,1.099890102930286,3.214545173034149,11.576834553594932,82.38348146557864,21.3009340821732
10,2.0825317807756667,2.707440165173712,11.694116444294067,67.94718101771058,28.298628062126472
10,1.8421052631578947,2.894736842105263,11.77416904877131,70.97344063877325,25.486832407128933
10,0.9415821554283597,3.3092336538176252,11.815874295717068,84.91343847988657,19.525763494378502
10,2.803871802840387,2.055998418486025,12.093154240884102,60.4841541739694,38.039003534373535
10,2.9363785831429254,1.9709253642158708,12.461628445591991,59.13113795753072,39.271767783446485
10,1.2723621114813577,3.3416459421853277,12.770644302924138,78.88594608098839,19.10769603629119
10,3.4210526315789473,1.0526315789473684,12.80546249389661,58.8629895509502,55.0799685664597
10,2.647696997547019,2.443691654598524,12.948415864978921,60.491108620179084,32.23880845581686
10,0.7095106641522377,3.5774577691445604,13.308536443648375,88.29366543008712,16.448889379143107
10,3.056695293492397,2.0315270097841966,13.418852503387892,56.932818367284774,38.32466079410389
10,2.4879954803683213,2.694777577149923,13.454215483842715,61.71922620340249,28.39948496700757
10,0.2631578947368421,3.6842105263157894,13.634776540014212,96.53327325582862,14.923350540308759
10,3.1578947368421053,2.1052631578947367,14.40908944830158,55.20007424267688,37.34646665467773
10,1.7068412285760737,3.5236079904971134,15.294871531397764,70.97479265207897,16.948101432524105
10,3.6842105263157894,1.3157894736842104,15.308439099374958,53.46890663718625,50.41193657360587
10,2.5081080229658497,3.012877983988989,15.359757034671485,60.0647460523543,24.11321869736284
10,2.2962908769649855,3.2537739359718265,15.914794452987962,62.45449928746081,20.199579063826835
10,0.8260903511165087,3.912205977850931,16.052792110278098,85.36245066035448,12.113888988281012
10,3.501585547383688,1.9369795046869143,16.058307963587296,51.62237843008281,40.25923562322179
10,3.0884595872436122,2.546551229224709,16.07144833903101,53.77948222974444,30.405647280012648
10,2.083599789076257,3.4587791545022113,16.30825740109828,65.05973806063596,18.063596899758263
10,2.8253845292502815,2.920517492558286,16.560753234593527,55.73646767662556,24.857638190184357
10,2.5459682897194242,3.2045259851471295,16.750599137342057,58.789718329575656,21.095960230075065
10,3.667828008748826,1.852896003570557,16.833721474541672,49.98216743094466,41.76522995878847
10,3.176040808427496,2.611216214351153,16.842869772740272,52.23918824419464,29.658304615623607
10,0.43504721094987653,4.11267637932923,17.10410842662452,92.35249605834251,9.710786020685335
10,1.0465581532419732,4.028435564292893,17.378833899907526,81.17934525186259,10.78130559831709
10,3.703073358911211,1.921869113931087,17.429446789260975,49.0868143079783,40.427451442891666
10,1.4735451460004225,3.939831961071969,17.725113034906112,73.85688194303644,11.449138047393852
10,0.49514935348124456,4.1904552799248656,17.833161972083712,90.92348589456753,8.576176202521063
10,3.1766633123672268,2.8733260642316565,18.326564715496232,51.064100581476666,25.5789764030186
10,1.7600895105218728,3.915206271787902,18.504775122536238,69.05124289005144,12.152322678967305
10,0.4635285194705756,4.336935260132181,18.995632251407912,91.39893720180063,6.653084370391202
10,3.6915810023859397,2.3020581970948433,19.055857399372425,47.02878394300143,34.09723233061747
10,2.889460754280111,3.435775411461738,20.13086736897168,52.95066017413552,18.334053029689308
10,1.5789473684210527,4.2105263157894735,20.227133987038137,71.5451737376406,8.530453371314067
10,3.5723132091695353,2.7772734813092512,20.54923629588438,46.327001137272255,27.215870240892876
10,0.31850754203840453,4.517312063540629,20.58954939250196,93.95575074497549,5.057952268747999
10,2.7252050009026254,3.628668512551212,20.622842927676164,54.754497968384804,15.270157155411367
10,3.196320059237514,3.2419862942879076,20.755158545048154,49.414274744123915,20.898135325277327
10,3.615512806512415,2.821372067808725,21.009762105271328,45.40016425409583,26.18281442882907
10,1.94005399021717,4.162238435757286,21.07308112067403,65.62694060847026,9.325582286579209
10,3.665678777009689,2.89048401950009,21.761260355007053,44.596398250114014,25.79470536418866
10,4.32225186156661,1.781135277460384,21.825321023562104,42.562316771141184,42.65022555803789
10,2.6107186342081636,3.8968536530875424,22.000105643539285,55.84057170953111,11.976864892400622
10,3.3590290915924026,3.2794912691989477,22.051742974972836,46.996955108538515,20.135050345387736
10,3.885994850124571,2.656242795618687,22.26481986856495,42.924625585156825,29.09866418168017
10,1.5386490844972815,4.530647929303487,22.856872584084634,71.83452829564798,4.999542221707105
10,0.6907232737017542,4.76458063983039,23.17919818742418,86.78463563252282,2.5312146685894703
10,4.463872174102396,1.841504080016358,23.315321749341564,40.624448748942115,41.388861353001815
10,2.4280709911333336,4.22658657791527,23.715118370298466,57.94548412620188,8.369103377038567
10,1.575827198670758,4.614791902735259,23.754780923727058,71.06691832638994,3.843522776986213
10,0.5508729237270382,4.882754667934711,24.020404522301575,89.21816583671657,1.195103031087427
10,4.21928205841707,2.503021525107953,24.13271785259229,39.64036347160807,31.637786530028606
10,1.1975926685650586,4.7957619093703325,24.353323116439483,77.52942490291747,1.687161164092884
10,4.337902193409127,2.461042076641115,24.840680830437822,38.546295254934535,31.704749461375986
10,2.624009496343067,4.264917186718949,25.065497758886554,55.045069388714495,7.375274326552621
10,3.57263726619788,3.5296046689710554,25.211248453373997,43.43493519391415,16.942603774927356
10,0.6324014039447934,5.0,25.39299701968991,87.79180822498549,0.36540826572007823
10,4.3087444158176345,2.658350914602784,25.628109109884853,37.900819230021646,28.952927608835775
10,1.4702965594576622,4.915671412182202,26.289222255966955,72.77444449708291,1.4207401330903178
10,3.3684084215050176,3.896398519177856,26.520515954250186,45.23346981983671,12.419569881867053
10,4.387764297963064,2.7390970031630864,26.811073858754455,36.734205647210445,28.20348316835591
10,2.5885771905375563,4.4870830786438045,26.817388685291075,55.15434083019607,5.189036884814536
10,3.9473684210526314,3.4210526315789473,27.297269794809637,39.13649586973556,18.286265371305465
10,3.310216826148931,4.058694743308479,27.431385745916796,45.62225523279008,10.363882531373934
10,2.1249046574055512,4.792479582007791,27.5060541544137,62.074190414198,2.3300570344629903
10,2.4050220210183255,4.687649066540509,27.742988188489903,57.885210724332,3.176376165232782
10,4.213501683560212,3.148676644628205,27.743369505432792,36.89009366258774,22.43683454184312
10,4.539912542999047,2.6980171572776768,27.912406825150384,35.12269402611826,28.3076938428921
10,3.5637331963348764,4.105134449292852,29.625518216698865,42.23791623956965,9.506873528886242
10,4.435489179179882,3.3024082331362425,30.573935010120245,33.91197967538299,20.176771517208905
10,3.697661918806998,4.13624277161156,30.763442603006737,40.38042383011314,8.918946282846754
10,2.894736842105263,4.7368421052631575,30.81577538902242,50.54774140109533,2.6633431877504927
10,4.325450983630851,3.5046971676463685,31.020229818736972,34.46713912620579,17.242403656186312
10,4.44251725187584,3.4224615867847232,31.425088773663724,33.366285314029504,18.086613705720946
10,3.19452574106006,4.6130029528916285,31.57508406788843,46.49072928832261,4.181544846661854
10,4.913093819754347,3.170010753205993,34.15723080940178,29.296906728513758,21.13424780807895
10,5.0,3.1578947368421053,34.972918944228425,28.389602597614868,21.8370119351202
10,4.218634640524389,4.138356155010122,34.99643710408314,34.180423726261196,9.649048032533754
10,3.3477566517627184,4.926947595428205,35.376324530655125,44.28507929453839,0.658633546067993
10,4.319491369197776,4.1140763039523,35.50510654974036,33.02506802095447,10.05892267458355
10,3.615050416302283,4.7398207399458006,35.53745364280947,40.81983247480411,2.7300953291203207
10,3.808153701943064,4.714498443231069,36.743609473183184,38.45197429307043,2.7849168134223423
10,4.7368421052631575,3.9473684210526314,38.01599626163479,28.805538300380377,11.590143183002127
10,4.9869796005727665,3.686747233602267,38.44804978392579,26.888547963005017,14.739716227672561
10,4.9977577806209075,3.731243340640006,38.916972039456105,26.595806299960095,14.190098559171638
10,4.473684210526316,4.473684210526316,40.040933230277375,30.80797296708204,5.539881053839346
10,4.124923451286274,4.863167951425076,40.65556353568642,34.56669058382356,1.2213082538579514
10,4.998655095620847,4.112108499837675,41.902193701436794,25.798270803513766,9.974604192510396
10,4.2105263157894735,5.0,42.72843338961703,33.514597320051706,0.013341808941949208
11,0.0,0.0,0.001120783336317265,124.99632044036773,75.00972870173952
11,1.0526315789473684,0.2631578947368421,1.175182567112296,102.4977954451453,69.8239973602944
11,0.7894736842105263,0.7894736842105263,1.2467685304951432,102.55879739032727,59.821712036756914
11,0.6152803880919955,1.0690006324138457,1.552166375613214,103.57537830991961,55.161957077255686
11,0.0808674329363912,1.3963699805423602,1.877232837880279,111.37656067367698,49.15065375833661
11,1.3157894736842104,0.5263157894736842,2.0059317842900697,95.43323832945345,64.71834870206034
11,0.9538452067171022,1.1386495756420483,2.2201743174791257,96.82526011297453,53.7850316107684
11,1.1519338706105775,1.148608482914244,2.6246474716650585,93.20978038912536,53.42891026795467
11,0.10951564028251648,1.6647139473674355,2.7970413012065745,108.946742671875,44.50623295250421
11,1.0060962341219644,1.3629819165944506,2.8513142879979245,94.07380356863672,49.344329659721225
11,1.2721761197443553,1.2877274444738018,3.2910336316061217,89.98592503565466,51.04412407867277
11,1.217000388077754,1.4269291189851316,3.528648689590418,89.9178052025061,48.54375656500396
11,0.9724128955477069,1.6585300853611562,3.7529287847581974,92.74286504545046,44.712641916973816
11,1.8896914931300008,0.31048742978907695,3.7628898968689026,87.83467948744821,68.98092632199092
11,1.2928841176078039,2.1527221892647246,6.347939905144126,84.02062005047836,36.95809649708519
11,0.9110307759512909,2.404877979157038,6.607194914770101,89.3739182824869,32.984247957587684
11,2.5160820289780954,0.735010975891412,6.838063401565645,74.26529396670067,60.646113486383776
11,1.7780083942869496,1.9929329397220479,7.164134757339999,76.66198483019656,39.04089190320403
11,0.5263157894736842,2.631578947368421,7.202568531073033,95.35757053835952,29.28374566643773
11,0.7947562038949192,2.580371881210235,7.287155748426074,90.64092474604706,30.01404189969294
11,1.784525936374742,2.069703709747108,7.42331115106716,76.03843318189998,37.88968675689492
11,2.503090399825095,1.1024297286947875,7.452220167870795,71.44392086024244,54.0245306144727
11,2.3684210526315788,1.5789473684210527,8.105351749922248,69.95723832566654,45.92219510801643
11,1.628803840599632,2.352613574205486,8.223237855484628,77.10539920128053,33.136304665450574
11,2.346182985471317,1.7907160971407228,8.730685795419591,68.96719557154859,42.740182242400735
11,2.3901520931204483,1.7439448838553804,8.813723661344392,68.54383433145944,42.93422738239598
11,1.7338977372512292,2.645470885241158,10.031707169199715,73.98425939641739,29.02943330964994
11,2.1052631578947367,2.3684210526315788,10.041260861208713,69.2477222502483,33.248528654575296
11,2.631578947368421,1.8421052631578947,10.323810198866191,64.26558880758864,41.531868087458804
11,0.7879943044348147,3.2501486959116295,11.173487013118471,87.8762969314419,20.564790423807338
11,1.099890102930286,3.214545173034149,11.576834553594932,82.38348146557864,21.3009340821732
11,2.0825317807756667,2.707440165173712,11.694116444294067,67.94718101771058,28.298628062126472
11,1.8421052631578947,2.894736842105263,11.77416904877131,70.97344063877325,25.486832407128933
11,0.9415821554283597,3.3092336538176252,11.815874295717068,84.91343847988657,19.525763494378502
11,2.803871802840387,2.055998418486025,12.093154240884102,60.4841541739694,38.039003534373535
11,2.9363785831429254,1.9709253642158708,12.461628445591991,59.13113795753072,39.271767783446485
11,2.992769323514946,1.9416831075491168,12.664101845294253,58.512422638582485,39.62894321842394
11,1.2723621114813577,3.3416459421853277,12.770644302924138,78.88594608098839,19.10769603629119
11,2.647696997547019,2.443691654598524,12.948415864978921,60.491108620179084,32.23880845581686
11,0.7095106641522377,3.5774577691445604,13.308536443648375,88.29366543008712,16.448889379143107
11,3.056695293492397,2.0315270097841966,13.418852503387892,56.932818367284774,38.32466079410389
11,2.4879954803683213,2.694777577149923,13.454215483842715,61.71922620340249,28.39948496700757
11,0.2631578947368421,3.6842105263157894,13.634776540014212,96.53327325582862,14.923350540308759
11,3.1578947368421053,2.1052631578947367,14.40908944830158,55.20007424267688,37.34646665467773
11,3.4381587676122347,1.8804806333267357,15.278693696619262,52.73388969654019,41.15687154998588
11,1.7068412285760737,3.5236079904971134,15.294871531397764,70.97479265207897,16.948101432524105
11,2.5081080229658497,3.012877983988989,15.359757034671485,60.0647460523543,24.11321869736284
11,2.2962908769649855,3.2537739359718265,15.914794452987962,62.45449928746081,20.199579063826835
11,0.8260903511165087,3.912205977850931,16.052792110278098,85.36245066035448,12.113888988281012
11,3.501585547383688,1.9369795046869143,16.058307963587296,51.62237843008281,40.25923562322179
11,3.0884595872436122,2.546551229224709,16.07144833903101,53.77948222974444,30.405647280012648
11,2.083599789076257,3.4587791545022113,16.30825740109828,65.05973806063596,18.063596899758263
11,2.8253845292502815,2.920517492558286,16.560753234593527,55.73646767662556,24.857638190184357
11,2.5459682897194242,3.2045259851471295,16.750599137342057,58.789718329575656,21.095960230075065
11,3.667828008748826,1.852896003570557,16.833721474541672,49.98216743094466,41.76522995878847
11,3.176040808427496,2.611216214351153,16.842869772740272,52.23918824419464,29.658304615623607
11,0.43504721094987653,4.11267637932923,17.10410842662452,92.35249605834251,9.710786020685335
11,1.0465581532419732,4.028435564292893,17.378833899907526,81.17934525186259,10.78130559831709
11,3.703073358911211,1.921869113931087,17.429446789260975,49.0868143079783,40.427451442891666
11,3.684840688185793,1.9952196938058075,17.498739302341438,48.99223657893649,39.187087089357675
11,1.4735451460004225,3.939831961071969,17.725113034906112,73.85688194303644,11.449138047393852
11,0.49514935348124456,4.1904552799248656,17.833161972083712,90.92348589456753,8.576176202521063
11,3.1766633123672268,2.8733260642316565,18.326564715496232,51.064100581476666,25.5789764030186
11,1.7600895105218728,3.915206271787902,18.504775122536238,69.05124289005144,12.152322678967305
11,0.4635285194705756,4.336935260132181,18.995632251407912,91.39893720180063,6.653084370391202
11,3.6915810023859397,2.3020581970948433,19.055857399372425,47.02878394300143,34.09723233061747
11,2.889460754280111,3.435775411461738,20.13086736897168,52.95066017413552,18.334053029689308
11,1.5789473684210527,4.2105263157894735,20.227133987038137,71.5451737376406,8.530453371314067
11,3.5723132091695353,2.7772734813092512,20.54923629588438,46.327001137272255,27.215870240892876
11,0.31850754203840453,4.517312063540629,20.58954939250196,93.95575074497549,5.057952268747999
11,2.7252050009026254,3.628668512551212,20.622842927676164,54.754497968384804,15.270157155411367
11,3.196320059237514,3.2419862942879076,20.755158545048154,49.414274744123915,20.898135325277327
11,3.615512806512415,2.821372067808725,21.009762105271328,45.40016425409583,26.18281442882907
11,1.94005399021717,4.162238435757286,21.07308112067403,65.62694060847026,9.325582286579209
11,3.665678777009689,2.89048401950009,21.761260355007053,44.596398250114014,25.79470536418866
11,4.32225186156661,1.781135277460384,21.825321023562104,42.562316771141184,42.65022555803789
11,3.2986331748770503,3.3237313638886636,21.96956777185275,47.689056318249484,19.723190370428764
11,2.6107186342081636,3.8968536530875424,22.000105643539285,55.84057170953111,11.976864892400622
11,3.3590290915924026,3.2794912691989477,22.051742974972836,46.996955108538515,20.135050345387736
11,3.885994850124571,2.656242795618687,22.26481986856495,42.924625585156825,29.09866418168017
11,1.5386490844972815,4.530647929303487,22.856872584084634,71.83452829564798,4.999542221707105
11,0.6907232737017542,4.76458063983039,23.17919818742418,86.78463563252282,2.5312146685894703
11,4.463872174102396,1.841504080016358,23.315321749341564,40.624448748942115,41.388861353001815
11,2.4280709911333336,4.22658657791527,23.715118370298466,57.94548412620188,8.369103377038567
11,1.575827198670758,4.614791902735259,23.754780923727058,71.06691832638994,3.843522776986213
11,0.5508729237270382,4.882754667934711,24.020404522301575,89.21816583671657,1.195103031087427
11,4.21928205841707,2.503021525107953,24.13271785259229,39.64036347160807,31.637786530028606
11,1.1975926685650586,4.7957619093703325,24.353323116439483,77.52942490291747,1.687161164092884
11,4.337902193409127,2.461042076641115,24.840680830437822,38.546295254934535,31.704749461375986
11,3.591210063669035,3.478674998035829,25.011421075624103,43.36013832100934,17.08295890363586
11,2.624009496343067,4.264917186718949,25.065497758886554,55.045069388714495,7.375274326552621
11,3.57263726619788,3.5296046689710554,25.211248453373997,43.43493519391415,16.942603774927356
11,0.6324014039447934,5.0,25.39299701968991,87.79180822498549,0.36540826572007823
11,4.3087444158176345,2.658350914602784,25.628109109884853,37.900819230021646,28.952927608835775
11,3.294639460129475,3.9167100235720143,26.185004952424897,46.14359995973212,11.960034397444119
11,1.4702965594576622,4.915671412182202,26.289222255966955,72.77444449708291,1.4207401330903178
11,3.3684084215050176,3.896398519177856,26.520515954250186,45.23346981983671,12.419569881867053
11,4.387764297963064,2.7390970031630864,26.811073858754455,36.734205647210445,28.20348316835591
11,2.5885771905375563,4.4870830786438045,26.817388685291075,55.15434083019607,5.189036884814536
11,3.9473684210526314,3.4210526315789473,27.297269794809637,39.13649586973556,18.286265371305465
11,3.310216826148931,4.058694743308479,27.431385745916796,45.62225523279008,10.363882531373934
11,2.1249046574055512,4.792479582007791,27.5060541544137,62.074190414198,2.3300570344629903
11,2.4050220210183255,4.687649066540509,27.742988188489903,57.885210724332,3.176376165232782
11,4.213501683560212,3.148676644628205,27.743369505432792,36.89009366258774,22.43683454184312
11,4.539912542999047,2.6980171572776768,27.912406825150384,35.12269402611826,28.3076938428921
11,3.3060627819172295,4.1696773807712155,28.38229507939327,45.481729887949896,9.030811228160118
11,3.5637331963348764,4.105134449292852,29.625518216698865,42.23791623956965,9.506873528886242
11,4.435489179179882,3.3024082331362425,30.573935010120245,33.91197967538299,20.176771517208905
11,3.697661918806998,4.13624277161156,30.763442603006737,40.38042383011314,8.918946282846754
11,2.894736842105263,4.7368421052631575,30.81577538902242,50.54774140109533,2.6633431877504927
11,4.325450983630851,3.5046971676463685,31.020229818736972,34.46713912620579,17.242403656186312
11,4.27039722800295,3.6104618463787967,31.26912259513301,34.81811722591099,15.568653267473247
11,4.44251725187584,3.4224615867847232,31.425088773663724,33.366285314029504,18.086613705720946
11,3.19452574106006,4.6130029528916285,31.57508406788843,46.49072928832261,4.181544846661854
11,4.913093819754347,3.170010753205993,34.15723080940178,29.296906728513758,21.13424780807895
11,5.0,3.1578947368421053,34.972918944228425,28.389602597614868,21.8370119351202
11,4.218634640524389,4.138356155010122,34.99643710408314,34.180423726261196,9.649048032533754
11,3.3477566517627184,4.926947595428205,35.376324530655125,44.28507929453839,0.658633546067993
11,4.319491369197776,4.1140763039523,35.50510654974036,33.02506802095447,10.05892267458355
11,3.615050416302283,4.7398207399458006,35.53745364280947,40.81983247480411,2.7300953291203207
11,3.808153701943064,4.714498443231069,36.743609473183184,38.45197429307043,2.7849168134223423
11,4.7368421052631575,3.9473684210526314,38.01599626163479,28.805538300380377,11.590143183002127
11,4.9869796005727665,3.686747233602267,38.44804978392579,26.888547963005017,14.739716227672561
11,4.9977577806209075,3.731243340640006,38.916972039456105,26.595806299960095,14.190098559171638
11,4.473684210526316,4.473684210526316,40.040933230277375,30.80797296708204,5.539881053839346
11,4.124923451286274,4.863167951425076,40.65556353568642,34.56669058382356,1.2213082538579514
11,4.998655095620847,4.112108499837675,41.902193701436794,25.798270803513766,9.974604192510396
11,4.2105263157894735,5.0,42.72843338961703,33.514597320051706,0.013341808941949208
12,0.0,0.0,0.001120783336317265,124.99632044036773,75.00972870173952
12,1.0526315789473684,0.2631578947368421,1.175182567112296,102.4977954451453,69.8239973602944
12,0.7894736842105263,0.7894736842105263,1.2467685304951432,102.55879739032727,59.821712036756914
12,0.6152803880919955,1.0690006324138457,1.552166375613214,103.57537830991961,55.161957077255686
12,0.0808674329363912,1.3963699805423602,1.877232837880279,111.37656067367698,49.15065375833661
12,1.3157894736842104,0.5263157894736842,2.0059317842900697,95.43323832945345,64.71834870206034
12,0.9538452067171022,1.1386495756420483,2.2201743174791257,96.82526011297453,53.7850316107684
12,0.07801798965775375,1.5541339829518779,2.481002113785471,110.35068845318446,46.37094085245141
12,0.8577375917316821,1.3338481688748993,2.521072345486702,96.95105452233685,49.99884209944309
12,1.1519338706105775,1.148608482914244,2.6246474716650585,93.20978038912536,53.42891026795467
12,0.10951564028251648,1.6647139473674355,2.7970413012065745,108.946742671875,44.50623295250421
12,1.0060962341219644,1.3629819165944506,2.8513142879979245,94.07380356863672,49.344329659721225
12,1.2721761197443553,1.2877274444738018,3.2910336316061217,89.98592503565466,51.04412407867277
12,1.217000388077754,1.4269291189851316,3.528648689590418,89.9178052025061,48.54375656500396
12,0.9724128955477069,1.6585300853611562,3.7529287847581974,92.74286504545046,44.712641916973816
12,1.8896914931300008,0.31048742978907695,3.7628898968689026,87.83467948744821,68.98092632199092
12,1.2928841176078039,2.1527221892647246,6.347939905144126,84.02062005047836,36.95809649708519
12,0.9110307759512909,2.404877979157038,6.607194914770101,89.3739182824869,32.984247957587684
12,2.5160820289780954,0.735010975891412,6.838063401565645,74.26529396670067,60.646113486383776
12,0.8808308299604317,2.5066311644048107,7.071113787432297,89.37237287741864,31.04264931968992
12,1.7780083942869496,1.9929329397220479,7.164134757339999,76.66198483019656,39.04089190320403
12,0.5263157894736842,2.631578947368421,7.202568531073033,95.35757053835952,29.28374566643773
12,0.7947562038949192,2.580371881210235,7.287155748426074,90.64092474604706,30.01404189969294
12,1.784525936374742,2.069703709747108,7.42331115106716,76.03843318189998,37.88968675689492
12,2.503090399825095,1.1024297286947875,7.452220167870795,71.44392086024244,54.0245306144727
12,2.3684210526315788,1.5789473684210527,8.105351749922248,69.95723832566654,45.92219510801643
12,1.628803840599632,2.352613574205486,8.223237855484628,77.10539920128053,33.136304665450574
12,2.346182985471317,1.7907160971407228,8.730685795419591,68.96719557154859,42.740182242400735
12,2.3901520931204483,1.7439448838553804,8.813723661344392,68.54383433145944,42.93422738239598
12,1.7338977372512292,2.645470885241158,10.031707169199715,73.98425939641739,29.02943330964994
12,2.1052631578947367,2.3684210526315788,10.041260861208713,69.2477222502483,33.248528654575296
12,2.631578947368421,1.8421052631578947,10.323810198866191,64.26558880758864,41.531868087458804
12,0.7879943044348147,3.2501486959116295,11.173487013118471,87.8762969314419,20.564790423807338
12,1.099890102930286,3.214545173034149,11.576834553594932,82.38348146557864,21.3009340821732
12,2.0825317807756667,2.707440165173712,11.694116444294067,67.94718101771058,28.298628062126472
12,1.8421052631578947,2.894736842105263,11.77416904877131,70.97344063877325,25.486832407128933
12,0.9415821554283597,3.3092336538176252,11.815874295717068,84.91343847988657,19.525763494378502
12,2.7998862883218627,2.019667584502669,11.862990519398343,60.71033974202389,38.7493561810901
12,2.803871802840387,2.055998418486025,12.093154240884102,60.4841541739694,38.039003534373535
12,2.9363785831429254,1.9709253642158708,12.461628445591991,59.13113795753072,39.271767783446485
12,2.992769323514946,1.9416831075491168,12.664101845294253,58.512422638582485,39.62894321842394
12,1.2723621114813577,3.3416459421853277,12.770644302924138,78.88594608098839,19.10769603629119
12,2.647696997547019,2.443691654598524,12.948415864978921,60.491108620179084,32.23880845581686
12,0.7095106641522377,3.5774577691445604,13.308536443648375,88.29366543008712,16.448889379143107
12,3.056695293492397,2.0315270097841966,13.418852503387892,56.932818367284774,38.32466079410389
12,2.4879954803683213,2.694777577149923,13.454215483842715,61.71922620340249,28.39948496700757
12,0.2631578947368421,3.6842105263157894,13.634776540014212,96.53327325582862,14.923350540308759
12,3.1578947368421053,2.1052631578947367,14.40908944830158,55.20007424267688,37.34646665467773
12,3.4381587676122347,1.8804806333267357,15.278693696619262,52.73388969654019,41.15687154998588
12,1.7068412285760737,3.5236079904971134,15.294871531397764,70.97479265207897,16.948101432524105
12,2.5081080229658497,3.012877983988989,15.359757034671485,60.0647460523543,24.11321869736284
12,2.2962908769649855,3.2537739359718265,15.914794452987962,62.45449928746081,20.199579063826835
12,0.8260903511165087,3.912205977850931,16.052792110278098,85.36245066035448,12.113888988281012
12,3.501585547383688,1.9369795046869143,16.058307963587296,51.62237843008281,40.25923562322179
12,3.0884595872436122,2.546551229224709,16.07144833903101,53.77948222974444,30.405647280012648
12,2.083599789076257,3.4587791545022113,16.30825740109828,65.05973806063596,18.063596899758263
12,2.8253845292502815,2.920517492558286,16.560753234593527,55.73646767662556,24.857638190184357
12,2.5459682897194242,3.2045259851471295,16.750599137342057,58.789718329575656,21.095960230075065
12,3.667828008748826,1.852896003570557,16.833721474541672,49.98216743094466,41.76522995878847
12,3.176040808427496,2.611216214351153,16.842869772740272,52.23918824419464,29.658304615623607
12,0.43504721094987653,4.11267637932923,17.10410842662452,92.35249605834251,9.710786020685335
12,1.0465581532419732,4.028435564292893,17.378833899907526,81.17934525186259,10.78130559831709
12,3.703073358911211,1.921869113931087,17.429446789260975,49.0868143079783,40.427451442891666
12,3.684840688185793,1.9952196938058075,17.498739302341438,48.99223657893649,39.187087089357675
12,1.4735451460004225,3.939831961071969,17.725113034906112,73.85688194303644,11.449138047393852
12,0.49514935348124456,4.1904552799248656,17.833161972083712,90.92348589456753,8.576176202521063
12,3.1766633123672268,2.8733260642316565,18.326564715496232,51.064100581476666,25.5789764030186
12,1.7600895105218728,3.915206271787902,18.504775122536238,69.05124289005144,12.152322678967305
12,0.4635285194705756,4.336935260132181,18.995632251407912,91.39893720180063,6.653084370391202
12,3.6915810023859397,2.3020581970948433,19.055857399372425,47.02878394300143,34.09723233061747
12,2.889460754280111,3.435775411461738,20.13086736897168,52.95066017413552,18.334053029689308
12,1.5789473684210527,4.2105263157894735,20.227133987038137,71.5451737376406,8.530453371314067
12,3.5723132091695353,2.7772734813092512,20.54923629588438,46.327001137272255,27.215870240892876
12,0.31850754203840453,4.517312063540629,20.58954939250196,93.95575074497549,5.057952268747999
12,2.7252050009026254,3.628668512551212,20.622842927676164,54.754497968384804,15.270157155411367
12,3.196320059237514,3.2419862942879076,20.755158545048154,49.414274744123915,20.898135325277327
12,3.615512806512415,2.821372067808725,21.009762105271328,45.40016425409583,26.18281442882907
12,1.94005399021717,4.162238435757286,21.07308112067403,65.62694060847026,9.325582286579209
12,3.665678777009689,2.89048401950009,21.761260355007053,44.596398250114014,25.79470536418866
12,4.32225186156661,1.781135277460384,21.825321023562104,42.562316771141184,42.65022555803789
12,3.2986331748770503,3.3237313638886636,21.96956777185275,47.689056318249484,19.723190370428764
12,2.6107186342081636,3.8968536530875424,22.000105643539285,55.84057170953111,11.976864892400622
12,3.3590290915924026,3.2794912691989477,22.051742974972836,46.996955108538515,20.135050345387736
12,3.885994850124571,2.656242795618687,22.26481986856495,42.924625585156825,29.09866418168017
12,1.5386490844972815,4.530647929303487,22.856872584084634,71.83452829564798,4.999542221707105
12,0.6907232737017542,4.76458063983039,23.17919818742418,86.78463563252282,2.5312146685894703
12,4.463872174102396,1.841504080016358,23.315321749341564,40.624448748942115,41.388861353001815
12,2.4280709911333336,4.22658657791527,23.715118370298466,57.94548412620188,8.369103377038567
12,1.575827198670758,4.614791902735259,23.754780923727058,71.06691832638994,3.843522776986213
12,0.5508729237270382,4.882754667934711,24.020404522301575,89.21816583671657,1.195103031087427
12,4.21928205841707,2.503021525107953,24.13271785259229,39.64036347160807,31.637786530028606
12,1.1975926685650586,4.7957619093703325,24.353323116439483,77.52942490291747,1.687161164092884
12,4.337902193409127,2.461042076641115,24.840680830437822,38.546295254934535,31.704749461375986
12,3.591210063669035,3.478674998035829,25.011421075624103,43.36013832100934,17.08295890363586
12,2.624009496343067,4.264917186718949,25.065497758886554,55.045069388714495,7.375274326552621
12,3.57263726619788,3.5296046689710554,25.211248453373997,43.43493519391415,16.942603774927356
12,0.6324014039447934,5.0,25.39299701968991,87.79180822498549,0.36540826572007823
12,4.3087444158176345,2.658350914602784,25.628109109884853,37.900819230021646,28.952927608835775
12,3.23020565167319,3.9382886632230942,26.042077899113128,46.913844031278266,11.548546291001685
12,3.294639460129475,3.9167100235720143,26.185004952424897,46.14359995973212,11.960034397444119
12,1.4702965594576622,4.915671412182202,26.289222255966955,72.77444449708291,1.4207401330903178
12,3.778653140938033,3.4660864190690415,26.30528993861792,41.119370736337714,17.41720048493362
12,3.3684084215050176,3.896398519177856,26.520515954250186,45.23346981983671,12.419569881867053
12,4.387764297963064,2.7390970031630864,26.811073858754455,36.734205647210445,28.20348316835591
12,2.5885771905375563,4.4870830786438045,26.817388685291075,55.15434083019607,5.189036884814536
12,3.9473684210526314,3.4210526315789473,27.297269794809637,39.13649586973556,18.286265371305465
12,3.310216826148931,4.058694743308479,27.431385745916796,45.62225523279008,10.363882531373934
12,2.1249046574055512,4.792479582007791,27.5060541544137,62.074190414198,2.3300570344629903
12,2.4050220210183255,4.687649066540509,27.742988188489903,57.885210724332,3.176376165232782
12,4.213501683560212,3.148676644628205,27.743369505432792,36.89009366258774,22.43683454184312
12,4.539912542999047,2.6980171572776768,27.912406825150384,35.12269402611826,28.3076938428921
12,4.616543768822154,2.6236291396955123,28.20986473221227,34.61512969914482,29.60799621549379
12,3.3060627819172295,4.1696773807712155,28.38229507939327,45.481729887949896,9.030811228160118
12,3.5637331963348764,4.105134449292852,29.625518216698865,42.23791623956965,9.506873528886242
12,4.129442479687866,3.6595770450390193,30.375702521200672,36.27230863080845,14.8567885877548
12,4.435489179179882,3.3024082331362425,30.573935010120245,33.91197967538299,20.176771517208905
12,3.697661918806998,4.13624277161156,30.763442603006737,40.38042383011314,8.918946282846754
12,2.894736842105263,4.7368421052631575,30.81577538902242,50.54774140109533,2.6633431877504927
12,4.325450983630851,3.5046971676463685,31.020229818736972,34.46713912620579,17.242403656186312
12,4.27039722800295,3.6104618463787967,31.26912259513301,34.81811722591099,15.568653267473247
12,4.44251725187584,3.4224615867847232,31.425088773663724,33.366285314029504,18.086613705720946
12,3.19452574106006,4.6130029528916285,31.57508406788843,46.49072928832261,4.181544846661854
12,4.639647124462601,3.4164555568270694,33.20289044229533,31.289748727948663,18.577328756117193
12,4.913093819754347,3.170010753205993,34.15723080940178,29.296906728513758,21.13424780807895
12,5.0,3.1578947368421053,34.972918944228425,28.389602597614868,21.8370119351202
12,4.218634640524389,4.138356155010122,34.99643710408314,34.180423726261196,9.649048032533754
12,3.3477566517627184,4.926947595428205,35.376324530655125,44.28507929453839,0.658633546067993
12,4.319491369197776,4.1140763039523,35.50510654974036,33.02506802095447,10.05892267458355
12,3.615050416302283,4.7398207399458006,35.53745364280947,40.81983247480411,2.7300953291203207
12,3.8901397846536616,4.619882516746962,36.46921824322559,37.44255866805172,3.927949000400269
12,3.808153701943064,4.714498443231069,36.743609473183184,38.45197429307043,2.7849168134223423
12,4.7368421052631575,3.9473684210526314,38.01599626163479,28.805538300380377,11.590143183002127
12,4.9869796005727665,3.686747233602267,38.44804978392579,26.888547963005017,14.739716227672561
12,4.9977577806209075,3.731243340640006,38.916972039456105,26.595806299960095,14.190098559171638
12,4.473684210526316,4.473684210526316,40.040933230277375,30.80797296708204,5.539881053839346
12,4.124923451286274,4.863167951425076,40.65556353568642,34.56669058382356,1.2213082538579514
12,4.998655095620847,4.112108499837675,41.902193701436794,25.798270803513766,9.974604192510396
12,4.2105263157894735,5.0,42.72843338961703,33.514597320051706,0.013341808941949208
