iterID,x1,x2,x3,ParetoFamily,Pareto_f1,Pareto_f2
1,0.0,4.910892099428431,5.0,0,48.32979657116613,-0.08873507202972064
1,0.0,4.798947673922255,5.0,0,46.1044586599957,0.2999502757439316
1,0.0,4.701140908641622,5.0,0,44.198119816312236,0.6548012738679034
1,0.0,4.607368647590487,5.0,0,42.4059218415419,1.0083580064696918
1,0.0,4.522858352325559,5.0,0,40.82208713348991,1.3381494894262076
1,0.0,4.471753176325411,5.0,8,39.87925552610373,1.5426920931900767
1,0.0,4.396433100538965,5.0,8,38.51078646423133,1.8511383536682615
1,0.0,4.31952756573122,5.0,8,37.139991399182954,2.1746142725237405
1,0.0,4.2503244803985964,5.0,8,35.929749787029635,2.4730077798987082
1,0.0,4.19847079579201,5.0,8,35.03751565803077,2.7010973621395635
1,0.0,4.142366307076434,5.0,8,34.086310421219515,2.952194694423845
1,0.0,4.10160837330674,5.0,8,33.40455761620365,3.137395200526637
1,0.0,4.052087724890293,5.0,8,32.58673433572681,3.365542431903574
1,0.0,3.9871770021546156,5.0,8,31.532183665369026,3.6697427779429646
1,0.0,3.9553207738509704,5.0,8,31.02186289269177,3.821150968906366
1,0.0,3.916830934518254,5.0,8,30.411597298649763,4.005927836819087
1,0.0,3.849605509555427,5.0,8,29.362242396981138,4.333431831042766
1,0.0,3.815883757312636,5.0,8,28.843732628902742,4.499976366711639
1,0.0,3.7932098287239318,5.0,8,28.49803511040659,4.612798064240785
1,0.0,3.734587447118749,5.0,8,27.61514125298632,4.907589431143691
1,0.0,3.6936627070457555,5.0,8,27.008032114965008,5.11599938421525
1,0.0,3.6672735623578383,5.0,3,26.62055608239674,5.251510850130536
1,0.0,3.6216161106796503,5.0,3,25.95751535304454,5.4880225221016055
1,0.0,3.596081555016204,5.0,3,25.59073859080809,5.621417323226176
1,0.0,3.5544316037670223,5.0,3,24.9986478465917,5.84070353938996
1,0.0,3.5213023993911707,5.0,3,24.533107110548706,6.016615955163314
1,0.0,3.4869594138241884,5.0,3,24.055539004806818,6.200343853642114
1,0.0,3.4683463964970906,5.0,3,23.798834809637835,6.30049528827989
1,0.0,3.4313657110498665,5.0,3,23.293213465988412,6.500662200452773
1,0.0,3.3938082355188355,5.0,3,22.78565962439325,6.705539747319911
1,0.0,3.36784611867738,5.0,4,22.43828675381927,6.8480843675909995
1,0.0,3.341260280099373,5.0,4,22.085497207488032,6.994820898831382
1,0.0,3.326472978358095,5.0,4,21.8905483843466,7.076769156261012
1,0.0,3.2909540556513095,5.0,4,21.425989795370036,7.274563544529553
1,0.0,3.24540360161687,5.0,4,20.837833732778936,7.5301587851738425
1,0.0,3.2209131187643547,5.0,4,20.52511542359795,7.668462193837843
1,0.0,3.197180097977459,5.0,4,20.22439449419884,7.803064159058632
1,0.0,3.1567045474980215,5.0,4,19.71677914882412,8.033903873764569
1,0.0,3.1262132169704175,5.0,4,19.338724356910568,8.208845952827414
1,0.0,3.1023652639469783,5.0,4,19.04562711742723,8.346283060162857
1,0.0,3.0821564096754344,5.0,4,18.799025884800336,8.46315968276102
1,0.0,3.056737524528274,5.0,8,18.491146489470726,8.61069489045715
1,0.0,3.014645212695713,5.0,8,17.986920306897424,8.856264928632921
1,0.0,2.988394255558915,5.0,46,17.675982182894217,9.01018923768666
1,0.0,2.9591943244963548,5.0,46,17.333280723930663,9.18208334519285
1,0.0,2.935632815188348,5.0,46,17.059177747145505,9.321293113303973
1,0.0,2.9042796584687607,5.0,46,16.69777753276474,9.507222910820914
1,0.0,2.8768691523330023,5.0,46,16.384946170704147,9.670394284676245
1,0.0,2.849960296990008,5.0,46,16.080666956841828,9.831126856919834
1,0.0,2.823018568644336,5.0,46,15.778816196881284,9.992582811337833
1,0.0,2.795202060437985,5.0,46,15.4700991218446,10.159816929552818
1,0.0,2.7866641155269996,5.0,46,15.37593938422167,10.211253833632373
1,0.0,2.766166931204239,5.0,46,15.151032688991432,10.334938381777878
1,0.0,2.7352690335991463,5.0,46,14.81505379477783,10.521900673540106
1,0.0,2.700632387663166,5.0,46,14.44277624875227,10.732197208516332
1,0.0,2.6796418271094256,5.0,46,14.219407077948922,10.859992372683099
1,0.0,2.6543469746975297,5.0,46,13.952478384337294,11.014330688135587
1,0.0,2.620660845375489,5.0,46,13.600807049136051,11.220418017870664
1,0.0,2.5845302408496713,5.0,46,13.228451330291172,11.442120846857957
1,0.0,2.550807067584158,5.0,46,12.88542356776707,11.649630622956256
1,0.0,2.538287485729549,5.0,46,12.75918687369284,11.726802703301964
1,0.0,2.5057386519141316,5.0,46,12.433809420669483,11.927761244600639
1,0.0,2.4783168369930744,5.0,46,12.162845566121515,12.097409678333207
1,0.0,2.420575542043184,5.0,46,11.601753970901687,12.455571663629023
1,0.0,2.4165541598009224,5.0,46,11.5631558719518,12.480559663643625
1,0.0,2.3791434884281077,5.0,46,11.207075658271428,12.71327071709726
1,0.0,2.335305371394256,5.0,46,10.796715213445129,12.986487315184199
1,0.0,2.319277302693478,5.0,46,10.648542036558041,13.086506760631941
1,0.0,2.2833126327015174,5.0,46,10.31970200416989,13.311152864500773
1,0.0,2.244647365085335,5.0,46,9.971799993660003,13.552960219313427
1,0.0,2.1972799679382486,5.0,125,9.553580028867813,13.849522310047991
1,0.0,2.1650282192022723,5.0,125,9.273869492601346,14.051607663242628
1,0.0,2.128655597158121,5.0,125,8.963347189615082,14.279623446326877
1,0.0,2.085622962418144,5.0,125,8.602738823310563,14.549478840816338
1,0.0,2.0621138439706934,5.0,125,8.408847054042536,14.696918192609331
1,0.0,2.006381491768943,5.0,125,7.9580180782507135,15.046404481235037
1,0.0,1.9744600190906478,5.0,125,7.705413114573965,15.246500838097155
1,0.0,1.9314755521074687,5.0,125,7.371753308552499,15.515790353096826
1,0.0,1.8923076605495255,5.0,125,7.07423124155331,15.760959060167831
1,0.0,1.818914984678571,5.0,125,6.533542296788479,16.2196187148388
1,0.0,1.7931542188744534,5.0,125,6.348980236336573,16.38032706986229
1,0.0,1.746922660480015,5.0,125,6.024585371877215,16.66830514633649
1,0.0,1.685422597230146,5.0,125,5.606695601426182,17.05039363182115
1,0.0,1.644997195625323,5.0,125,5.340516311921803,17.300842589635977
1,0.0,1.582371428350728,5.0,125,4.941521653383248,17.687577902248037
1,0.0,1.5146778333790847,5.0,125,4.528531387844726,18.10369703337288
1,0.0,1.4531219964192017,5.0,125,4.16948631431352,18.480167504735196
1,0.0,1.3658806603147053,5.0,125,3.687486705861051,19.01025475088967
1,0.0,1.2980489258170333,5.0,125,3.3343918245179545,19.4193298554519
1,0.0,1.2115201648714615,5.0,125,2.9112558067725445,19.93690498824065
1,0.0,1.1039686370858384,5.0,125,2.4273967276608452,20.573030246248116
1,0.0,0.9965529624917766,5.0,125,1.9897598647207992,21.199755327761125
1,0.0,0.8525370367121268,5.0,125,1.4723095768956362,22.025499978697646
1,0.0,0.7101068293966633,5.0,125,1.035342585453492,22.824674166373978
1,0.0,0.47509441017633075,5.0,125,0.46590322470642676,24.102748372788753
1,0.0,0.1780438902354528,5.0,125,-0.012006996873708431,25.64163218623503
2,0.0,4.819770084943424,5.0,27,46.46024452927095,-0.04721690596395689
2,0.0,4.764157286879133,5.0,27,45.39451148322878,0.5308797813303165
2,0.0,4.726259669828289,5.0,27,44.675229471648045,1.0275174240381908
2,0.0,4.682238386942337,5.0,27,43.846869719312,1.6532828728068907
2,0.0,4.647550834824269,5.0,27,43.19958143012457,2.1417970518502365
2,0.0,4.602077781701357,5.0,27,42.358311557509985,2.7175670069402713
2,0.0,4.557321893724497,5.0,27,41.538391638916714,3.157355452853963
2,0.0,4.273451397077054,5.0,28,36.524788097606006,3.133333380247109
2,0.0,4.162259044169161,5.0,28,34.64883250395751,3.3702084670394683
2,0.0,4.112179041671612,5.0,28,33.82006213150521,3.68886946863341
2,0.0,4.0646745100139245,5.0,28,33.04317900670838,4.090031549991789
2,0.0,4.026829994434754,5.0,28,32.43073146194853,4.45966136678371
2,0.0,3.994957854287633,5.0,27,31.919378916866968,4.79256742952105
2,0.0,3.95958339608546,5.0,27,31.35659238059227,5.172649933676382
2,0.0,3.926193803274218,5.0,27,30.829975919598013,5.530633272099646
2,0.0,3.893200776307343,5.0,27,30.31399539003244,5.87393475228594
2,0.0,3.863222968008336,5.0,27,29.84894727061793,6.169830391478396
2,0.0,3.8282776340710485,5.0,27,29.3113781107088,6.48808765851161
2,0.0,3.788373003596037,5.0,27,28.703498369307717,6.807931783305982
2,0.0,3.751868245138316,5.0,27,28.152994457697506,7.053628287875441
2,0.0,3.7019177488858053,5.0,27,27.408371335863304,7.311178088475142
2,0.0,3.649181835120171,5.0,30,26.63306797417579,7.4843996508504915
2,0.0,3.578838170418883,5.0,30,25.616231062474164,7.578523859758576
2,0.0,3.492054084568127,5.0,30,24.389014406343634,7.561210889557856
2,0.0,3.4060182019535685,5.0,30,23.20208078848732,7.534982725457599
2,0.0,3.3426714051743485,5.0,30,22.347047402231773,7.596209054553331
2,0.0,3.29501593216315,5.0,30,21.714363485463455,7.720985962484015
2,0.0,3.2554748772410766,5.0,30,21.196287206792856,7.887209971360701
2,0.0,3.2202107824701742,5.0,12,20.739513627746703,8.086756144583092
2,0.0,3.191999693732526,5.0,12,20.377673130234694,8.280943168520341
2,0.0,3.1645234350468665,5.0,12,20.0283152472981,8.497802562017295
2,0.0,3.1370774309881604,5.0,12,19.68235653800414,8.738991195745129
2,0.0,3.1140152247126096,5.0,28,19.39398714989378,8.958074041431775
2,0.0,3.0934621682019383,5.0,28,19.138787568413143,9.163872920684042
2,0.0,3.066648151439868,5.0,56,18.80839383019779,9.444105019335826
2,0.0,3.048437705792486,5.0,56,18.585655181233314,9.639968016633947
2,0.0,3.027551257647394,5.0,56,18.331824476779317,9.868040354059701
2,0.0,3.0003730183265596,5.0,56,18.004154140216322,10.166890052966792
2,0.0,2.9789664530771995,5.0,56,17.748159387188217,10.401100301563336
2,0.0,2.9561376959827164,5.0,56,17.477187748868893,10.646978996687913
2,0.0,2.9343378203041044,5.0,56,17.220385858003247,10.875679204994931
2,0.0,2.910551831946251,5.0,56,16.942369538166858,11.11587172972767
2,0.0,2.8907059716157923,5.0,56,16.71214906323388,11.307021385198446
2,0.0,2.862393900462484,5.0,114,16.38646081997706,11.562381320309752
2,0.0,2.8369597139803004,5.0,114,16.096628665459342,11.772008590466822
2,0.0,2.809475935827476,5.0,114,15.786365091949634,11.975291523201296
2,0.0,2.780899318204054,5.0,114,15.466982822607077,12.159473285729309
2,0.0,2.7501120380594477,5.0,114,15.126560098144889,12.326012498306122
2,0.0,2.718207154091667,5.0,129,14.777785505360844,12.463841384676831
2,0.0,2.6818895063533548,5.0,57,14.385722875979768,12.579326901285256
2,0.6631742492678883,2.2835029840326198,5.0,57,13.941987707166966,12.52819713618689
2,0.7221082195566907,2.2114966380315533,5.0,57,13.507130388633547,12.611965407736005
2,0.46461177524608627,2.3041103275307133,5.0,57,13.084796368162623,12.512997267455564
2,0.0,2.4981717857159613,5.0,57,12.482669336899074,12.652413745787886
2,0.0,2.4511461230393614,5.0,12,12.016943261113397,12.598306372348787
2,0.0,2.396846408177405,5.0,12,11.489960667944306,12.537142903461987
2,0.0,2.3470752232749654,5.0,12,11.017063545493464,12.499450136361398
2,0.0,2.3046637594548773,5.0,12,10.621742673491532,12.491398533572413
2,0.0,2.263896680549129,5.0,19,10.248389284157728,12.510565305681647
2,0.0,2.2190886119429925,5.0,19,9.845550511464822,12.566764954079176
2,0.0,2.180130535157649,5.0,58,9.50172468016963,12.648155139960563
2,0.0,2.1462098446651288,5.0,58,9.20723520943028,12.744778239076691
2,0.0,2.1111264233014677,5.0,58,8.907445595814007,12.87035230099301
2,0.0,2.097246710068432,5.0,58,8.790192597574599,12.927228171781852
2,0.0,2.0757692303289805,5.0,58,8.610267628140054,13.023210940010133
2,0.0,2.0405396549271013,5.0,58,8.319126428770904,13.201284747290426
2,0.0,2.01066568056621,5.0,58,8.076143572151494,13.371798578865867
2,0.0,1.9800369827428366,5.0,146,7.830753002621709,13.564416365149036
2,0.0,1.9491773404061679,5.0,146,7.587348543745296,13.77575761903626
2,0.0,1.9154923483008575,5.0,146,7.326074771423272,14.024921212783413
2,0.0,1.88869911576373,5.0,146,7.121561399092116,14.23582377788212
2,0.0,1.856735223827091,5.0,15,6.881428159733506,14.500820953853314
2,0.0,1.8261602839075486,5.0,15,6.655663880684152,14.766524017335833
2,0.0,1.7949282703987877,5.0,150,6.429037029595907,15.04869643151685
2,0.0,1.7601063359651035,5.0,150,6.181135182565992,15.374104122115053
2,0.0,1.7268655368743593,5.0,150,5.949206146003533,15.693259901894288
2,0.0,1.6948319006853856,5.0,150,5.730076808776111,16.00670928200188
2,0.0,1.6598511625430477,5.0,150,5.495713486257145,16.353335546692282
2,0.0,1.6222318709269368,5.0,146,5.249432313938673,16.728425489947618
2,0.0,1.581982945681697,5.0,146,4.992568026397688,17.129054812554266
2,0.0,1.5433992423720644,5.0,160,4.75278629723568,17.509196843294724
2,0.0,1.5011501617378364,5.0,160,4.497490091385924,17.917429851638
2,0.0,1.4531310630214667,5.0,160,4.216561356038142,18.36665278232985
2,0.0,1.4061414249471786,5.0,160,3.9511691951072834,18.786464519192336
2,0.0,1.3530796271749495,5.0,160,3.6627833090678834,19.231843597006037
2,0.0,1.2935220349032677,5.0,160,3.3533269245711885,19.68955519244412
2,0.0,1.2245769555910468,5.0,160,3.0137804966706767,20.157128740799116
2,0.0,1.1555288545257703,5.0,160,2.69363063638923,20.555346913822042
2,0.0,1.0707796468834196,5.0,160,2.327515243200967,20.952217861315226
2,0.0,0.9687461144771553,5.0,160,1.9251387603113912,21.31621309279798
2,0.0,0.8618768309809188,5.0,160,1.5473471289144989,21.60552337952266
2,0.0,0.7270969859343684,5.0,129,1.1319340937657252,21.917360029592327
2,0.0,0.563958896127254,5.0,129,0.7150443932842734,22.343286689939152
2,0.0,0.3735835691629863,5.0,129,0.3384169951518672,23.059442399764198
2,0.0,0.10338637992133248,5.0,129,-0.01407319807441354,24.644988973553914
3,0.7343577445799153,4.921488635955404,5.0,6,56.117143009539845,-0.39368213369850125
3,0.0,4.8188457914261775,5.0,6,46.44247202113419,-0.041938292696865886
3,0.0,4.766232023836748,5.0,6,45.433988545505954,0.5090368774834069
3,0.0,4.72365299324049,5.0,6,44.625839554571144,1.068915229662828
3,0.0,4.681427120404439,5.0,8,43.831524107716504,1.6681081728986022
3,0.0,4.640464023769505,5.0,8,43.06778709262694,2.2360081872628896
3,0.0,4.599631029493404,5.0,8,42.3131783827034,2.739102319285781
3,0.0,4.547746169824094,5.0,8,41.36397459683379,3.226008795284365
3,0.0,4.212830306886361,5.0,23,35.49587003020623,3.046101512516646
3,0.0,4.136943380701806,5.0,23,34.22859855305404,3.3283856704160044
3,0.0,4.089516648584748,5.0,23,33.44829359213151,3.7035019837214946
3,0.0,4.055036149692422,5.0,20,32.886637978762174,4.057411912741653
3,0.0,4.018775815569551,5.0,20,32.30111935395552,4.481569683874724
3,0.0,3.9883268198996307,5.0,20,31.81350188802074,4.86110034225948
3,0.0,3.9587917772957306,5.0,20,31.34406371355739,5.2347863611194505
3,0.0,3.9298412652536725,5.0,20,30.88730264045092,5.5946125784593335
3,0.0,3.9006132882431164,5.0,39,30.4295650122146,5.941365159584027
3,0.0,3.8687168058770958,5.0,39,29.933935762185946,6.2909467247107465
3,0.0,3.8383474006622773,5.0,23,29.465817644286215,6.587982785883973
3,0.0,3.799450330960234,5.0,23,28.871642045122734,6.908260824067625
3,0.0,3.7579259927156343,5.0,23,28.244012825999572,7.167982542072734
3,0.5214708888742504,3.404985194523827,5.0,23,27.05914611480169,7.209754772426249
3,0.0,3.623555026913841,5.0,23,26.260303083821416,7.437559996984994
3,0.0,3.488552322936052,5.0,43,24.33999618060555,7.207447037192244
3,0.0,3.4004877141420584,5.0,43,23.126633939566744,7.166801808770909
3,0.0,3.346475409942273,5.0,43,22.397795406305082,7.288732848354625
3,0.0,3.308380461303042,5.0,23,21.89076247141531,7.456818707925313
3,0.0,3.277222777550144,5.0,23,21.48037816737004,7.644020861589921
3,0.0,3.2431525071145706,5.0,23,21.036076308241384,7.895260143186784
3,0.0,3.2186665960161545,5.0,23,20.719629288820457,8.102111164678094
3,0.0,3.1969531963402,5.0,51,20.441019480576834,8.301314417448634
3,0.0,3.1664302410060645,5.0,51,20.05256096163412,8.602340225839228
3,0.0,3.1428217933875358,5.0,51,19.754657669605255,8.848701525311178
3,0.0,3.120406526797969,5.0,51,19.47387379978805,9.09069190827566
3,0.0,3.0981788676474853,5.0,51,19.197424599779502,9.335810074302533
3,0.0,3.077041023685141,5.0,51,18.936362926698873,9.571226574379546
3,0.0,3.061237645241261,5.0,51,18.742351844984512,9.747292737007697
3,0.0,3.0322122366097446,5.0,51,18.38862211021994,10.067373248827103
3,0.0,3.0093781323304363,5.0,51,18.112713518398515,10.313177759953225
3,0.0,2.9917560654999473,5.0,51,17.90120876193125,10.497578577825562
3,0.0,2.963662021938208,5.0,51,17.56658524361862,10.779423162519912
3,0.0,2.9399581645156116,5.0,51,17.286708126047586,11.003476715471223
3,0.0,2.9145038426613206,5.0,51,16.98866542253603,11.228053353537758
3,0.0,2.888985235045825,5.0,51,16.692471502897575,11.434969895210426
3,0.0,2.8627564798421963,5.0,51,16.39074943047558,11.627399127582116
3,0.0,2.8327176947736965,5.0,51,16.04857912483466,11.821596375441336
3,0.0,2.8027631898464476,5.0,51,15.710962943946747,11.987058683256299
3,0.0,2.7715450483419546,5.0,18,15.362923695681335,12.130001219023672
3,0.0,2.7328300251705966,5.0,18,14.936719376424021,12.2674882148296
3,0.0,2.6947457383797357,5.0,18,14.523308259343885,12.363553145287538
3,0.0,2.6538935696016814,5.0,18,14.086300677910655,12.429453081808312
3,0.0,2.6095479126083196,5.0,18,13.619478494504442,12.46642942835956
3,0.0,2.5651262594821826,5.0,18,13.159742787152325,12.478421027466654
3,0.0,2.5187254461111497,5.0,18,12.687952819116546,12.477180326141536
3,0.0,2.474829257076152,5.0,40,12.249557026788223,12.47528566465607
3,0.0,2.428450233632265,5.0,40,11.79473934858944,12.484939269875591
3,0.0,2.3852899885598644,5.0,48,11.37921647404695,12.514597911208647
3,0.0,2.343254093917437,5.0,48,10.981681251048798,12.569978751776306
3,0.0,2.308397151519674,5.0,48,10.657398230112172,12.63932408798098
3,0.0,2.268048932670293,5.0,48,10.288096895803177,12.74857687417289
3,0.0,2.2387263553493693,5.0,48,10.023797002660173,12.848233189040855
3,0.0,2.2011761118632216,5.0,48,9.690358119607376,13.000905609949132
3,0.0,2.1861828239453023,5.0,48,9.558795918612022,13.069618841941757
3,0.0,2.167587291704547,5.0,48,9.396873909666024,13.160842693174649
3,0.0,2.136189286349266,5.0,48,9.12661217687706,13.32947262855523
3,0.0,2.10309131314772,5.0,48,8.845986482608179,13.526038335160823
3,0.0,2.074423111267838,5.0,48,8.606460366546614,13.710725766008983
3,0.0,2.038747024029309,5.0,48,8.31297383889697,13.957438276227407
3,0.0,2.0108276607800124,5.0,108,8.08684909978161,14.162093752694346
3,0.0,1.983271684457229,5.0,108,7.8667258031910485,14.372727568970102
3,0.0,1.9487147197267118,5.0,108,7.594971692436619,14.647092795582097
3,0.0,1.91601608463914,5.0,108,7.34223178469523,14.91507453232533
3,0.0,1.884283079426659,5.0,45,7.101046607437958,15.180908239518885
3,0.0,1.858341979730323,5.0,45,6.906875706518658,15.401137565287682
3,0.0,1.8247346043397639,5.0,45,6.659324993646557,15.688681764862526
3,0.0,1.7880154870338942,5.0,45,6.394016537220708,16.00360342220511
3,0.0,1.754721838331113,5.0,126,6.158117201310354,16.2879092101958
3,0.0,1.718379160878178,5.0,126,5.905670775724577,16.594958021575895
3,0.0,1.6761455070308584,5.0,126,5.618933277830564,16.94505855555385
3,0.0,1.640515157177938,5.0,145,5.382570096035966,17.23301619987889
3,0.0,1.5918810533813388,5.0,145,5.068134062582541,17.61271463615148
3,0.0,1.5520069818017506,5.0,145,4.817394091060937,17.910932770469508
3,0.0,1.4943039298861827,5.0,145,4.4658153607987,18.319559244181377
3,0.0,1.4466115248058338,5.0,145,4.185305416686589,18.63588742432401
3,0.0,1.398248864848327,5.0,145,3.9101681504923533,18.936830335232038
3,0.0,1.3408827069611218,5.0,145,3.5959637535895155,19.269022630166603
3,0.0,1.2776366145954952,5.0,145,3.2648061771028907,19.60707240415524
3,0.0,1.2087868210274135,5.0,145,2.922424245112399,19.947119040338922
3,0.0,1.1260179090852163,5.0,145,2.535737571638837,20.327426407125003
3,0.0,1.0500739559113015,5.0,145,2.204873598438507,20.656583758605656
3,0.0,0.9464460070599046,5.0,145,1.7905975999042738,21.079237706129692
3,0.0,0.8533933503305791,5.0,145,1.4555566206455062,21.43144163033857
3,0.0,0.7280725809926175,5.0,145,1.060167243045722,21.86566507688203
3,0.0,0.5731934077650469,5.0,145,0.6600953004887877,22.373165196157064
3,0.0,0.3726595314900194,5.0,145,0.2838969965582443,23.129246781709817
4,0.0,4.811173417527126,5.0,0,46.2947961165093,0.02513176369263803
4,0.0,4.760142611990823,5.0,0,45.31789612304955,0.5856004360306848
4,0.0,4.720589589935895,5.0,0,44.56791505121011,1.1127276109658055
4,0.0,4.678918997497335,5.0,7,43.784562159111815,1.703705486530982
4,0.0,4.63722840640978,5.0,7,43.00778169671548,2.2775832289582247
4,0.0,4.5955899040174994,5.0,7,42.23890318355572,2.782363705381595
4,0.0,4.541663890166763,5.0,12,41.253426287478476,3.2690168144330585
4,0.0,4.19953518191499,5.0,12,35.272191802505404,3.065493815389388
4,0.0,4.130344887622719,5.0,12,34.119497705892556,3.3721673627577466
4,0.0,4.083226847612183,5.0,12,33.34548291353658,3.7619552731258423
4,0.0,4.047398655029358,5.0,12,32.7628717289756,4.139290439098453
4,0.0,4.015380676671111,5.0,8,32.24656397195133,4.5195525574777875
4,0.0,3.984783157393343,5.0,8,31.756993652173087,4.906389330111612
4,0.0,3.957588078969544,5.0,8,31.325006836837957,5.257748562471074
4,0.0,3.9270366455945878,5.0,8,30.843233658914187,5.647812776902585
4,0.0,3.8986773357491327,5.0,8,30.3993699544681,5.993858855319383
4,0.0,3.8677515423480484,5.0,8,29.919003992662766,6.3417235890539505
4,0.0,3.837977490862321,5.0,8,29.46014243395078,6.638145177632538
4,0.0,3.8013691373437113,5.0,8,28.90081461850817,6.941384490653942
4,0.0,3.755164406707393,5.0,21,28.20251941592367,7.219313261832726
4,0.4977658945606866,3.4001227475334157,5.0,21,26.765024920750886,7.2026361183903
4,0.0,3.60457602755801,5.0,21,25.985936771680283,7.395356754733859
4,0.0,3.464119048688454,5.0,21,24.000241662663676,7.145579684899987
4,0.0,3.392021413880255,5.0,62,23.011618563749778,7.167137240522251
4,0.0,3.3437319124774207,5.0,16,22.361086210057497,7.298387989555204
4,0.0,3.307691584063086,5.0,16,21.881647236628613,7.4633223408749405
4,0.0,3.2737514230414337,5.0,16,21.434896770472818,7.669964203741049
4,0.0,3.2456158216069535,5.0,16,21.068044135720648,7.876699913106908
4,0.0,3.2113096793714204,5.0,62,20.62501972580471,8.167771807164401
4,0.0,3.1866279757146803,5.0,62,20.309195725077654,8.400050027401647
4,0.0,3.1625461311626113,5.0,62,20.003396075714708,8.641776782608146
4,0.0,3.141933205266966,5.0,62,19.74348854653363,8.858093936580465
4,0.0,3.1188430894456443,5.0,62,19.454364451165702,9.107989344663643
4,0.0,3.095091902096938,5.0,19,19.159187784557112,9.370365778181066
4,0.0,3.0721762325699875,5.0,19,18.87653363091507,9.62563997200497
4,0.0,3.0518458429239526,5.0,19,18.62752612197727,9.85155604728818
4,0.0,3.030009843424346,5.0,19,18.361919328259837,10.091359424129271
4,0.0,3.005793498324608,5.0,33,18.069589132003355,10.351222621938525
4,0.0,2.9832309948824647,5.0,33,17.799334352518812,10.58519084374295
4,0.0,2.960592565525557,5.0,33,17.53021667902865,10.80992927097469
4,0.0,2.9359501325755017,5.0,33,17.239606339938764,11.041050945948989
4,0.0,2.909873643865822,5.0,33,16.93472920063119,11.268225526321105
4,0.0,2.8839129452350587,5.0,80,16.633907691087607,11.47495562014026
4,0.0,2.8563266252068145,5.0,80,16.31720353774746,11.672105170515666
4,0.0,2.826865210837357,5.0,80,15.982333872392973,11.85623643590344
4,0.0,2.7963539008647142,5.0,80,15.639190461615444,12.018066557830796
4,0.0,2.762474530754861,5.0,80,15.262531491276523,12.164239410378647
4,0.0,2.726267669030964,5.0,80,14.865071538483559,12.283766382271164
4,0.0,2.6879977672165523,5.0,80,14.450665038465118,12.372993173547114
4,0.0,2.648556597885695,5.0,80,14.02970539689283,12.430950988825389
4,0.0,2.604551081224799,5.0,33,13.567374075766548,12.463759180813767
4,0.0,2.557874902771215,5.0,33,13.085449348610261,12.473911757450486
4,0.0,2.5085749565108273,5.0,33,12.585897633841986,12.472251092088998
4,0.0,2.4673436984986137,5.0,16,12.17557051679525,12.472692576832316
4,0.0,2.418507353099553,5.0,16,11.69835589868043,12.48827697160243
4,0.0,2.3758439708539028,5.0,16,11.289269168315958,12.524669127966433
4,0.0,2.3372681355298375,5.0,16,10.925644589782067,12.58166186239227
4,0.0,2.298262734674345,5.0,16,10.564023104157716,12.666047043718496
4,0.0,2.262866269183854,5.0,33,10.241127458793045,12.76760268554396
4,0.0,2.2289926595730467,5.0,50,9.936816556594975,12.887703779615336
4,0.0,2.200297804235527,5.0,50,9.682620888463097,13.00701993919647
4,0.0,2.1842190248759037,5.0,50,9.54162554015695,13.08084492776182
4,0.0,2.1609644027127706,5.0,69,9.339534345624292,13.196296439212215
4,0.0,2.1314181040012734,5.0,69,9.085886301977437,13.357349089805926
4,0.0,2.100900511164339,5.0,69,8.827565925024881,13.539760707345245
4,0.0,2.0702341748244537,5.0,69,8.571739061119569,13.738362862598024
4,0.0,2.0340463271884057,5.0,69,8.274688889820737,13.990541005480193
4,0.0,2.0100572303898288,5.0,69,8.080660109261679,14.167139249102574
4,0.0,1.9798833019281936,5.0,69,7.839875771599015,14.398484912703212
4,0.0,1.9468889009133332,5.0,69,7.580752827924407,14.661360089358464
4,0.0,1.9132895304669926,5.0,3,7.321353762073741,14.937481861723462
4,0.0,1.8796343466649277,5.0,3,7.066050697454841,15.220309586511117
4,0.0,1.854977572298309,5.0,3,6.881883698195036,15.430196296192683
4,0.0,1.8108959312745219,5.0,3,6.558687971487675,15.808189616810981
4,0.0,1.787341649009579,5.0,3,6.389179890363753,16.01031956762611
4,0.0,1.7505085545395707,5.0,3,6.128559544919117,16.324724358313556
4,0.0,1.7137419331680313,5.0,3,5.873822037555822,16.634595202507146
4,0.0,1.671533277249472,5.0,3,5.588047402667581,16.982967334773527
4,0.0,1.6292490882381303,5.0,3,5.308907805746976,17.32178252204489
4,0.0,1.588100571817892,5.0,47,5.044131113376007,17.6399801030293
4,0.0,1.5493278037859914,5.0,47,4.800836829254848,17.92833223187698
4,0.0,1.4914456546419768,5.0,47,4.448817244820713,18.336678463268065
4,0.0,1.449758279704572,5.0,47,4.2035894340031525,18.61374469244877
4,0.0,1.3956117164357973,5.0,47,3.8954578862898757,18.951993496142215
4,0.0,1.3374724607890291,5.0,47,3.5776841195058218,19.288524928895207
4,0.0,1.2705770810668915,5.0,47,3.2287925204218695,19.64438464748357
4,0.0,1.2051949572583691,5.0,54,2.9050496715419207,19.965066499457254
4,0.0,1.1126678256517164,5.0,54,2.4759491367141706,20.38544104268356
4,0.0,1.04110199789252,5.0,54,2.167409577332549,20.69117267566923
4,0.0,0.9488994350114321,5.0,54,1.800085191902081,21.064162918136645
4,0.0,0.8367046544949308,5.0,54,1.3993645915823762,21.48667207849317
4,0.0,0.7258029800986465,5.0,54,1.0535965228027777,21.873277122694933
4,0.0,0.5739265703295693,5.0,47,0.6613015454279569,22.383632169161302
4,0.0,0.3597994530606857,5.0,47,0.2641660964842423,23.209711913979667
5,0.22705437308669274,4.919173879895497,5.0,12,50.707895124672724,-0.4326790350832148
5,0.0,4.807400563060262,5.0,12,46.22220180863479,0.06297872911960667
5,0.0,4.767424198115641,5.0,12,45.45666022721042,0.48962114668910317
5,0.0,4.722418142751218,5.0,12,44.60245920856127,1.0817195019476458
5,0.0,4.688117260235675,5.0,12,43.956883077051955,1.5720038927850801
5,0.0,4.639480247083032,5.0,12,43.04955437699039,2.2522725962089645
5,0.0,4.601778269993272,5.0,12,42.35272829142947,2.7183320638833326
5,0.42205592101728756,4.24188243399164,5.0,12,39.72496783999219,3.067896407227888
5,0.0,4.210702969371481,5.0,12,35.460039105136865,3.046578188155646
5,0.0,4.130619480266776,5.0,12,34.12403457442481,3.370300586278576
5,0.0,4.086416198493369,5.0,12,33.3975946813757,3.731426852092909
5,0.0,4.063958046223486,5.0,12,33.03150999590435,3.957440897938085
5,0.0,4.033414171411842,5.0,3,32.53685975621333,4.301369442029145
5,0.0,3.9914200506914237,5.0,3,31.862868047370814,4.821293073389484
5,0.0,3.978286949499616,5.0,3,31.653534111778868,4.990019745192203
5,0.0,3.9426382932277617,5.0,3,31.088793427901486,5.44959374713385
5,0.0,3.9207903273995437,5.0,3,30.74519358808329,5.725195534218491
5,0.0,3.8931703198638306,5.0,3,30.31355028288184,6.057996470054071
5,0.0,3.844226955963541,5.0,3,29.556161777998007,6.579853438512254
5,0.0,3.819355682097555,5.0,3,29.174955650469037,6.80207685743442
5,0.0,3.770223065600401,5.0,3,28.4291639191321,7.14284885913562
5,0.0,3.716560440052095,5.0,3,27.62564300168178,7.362464275292988
5,0.35102820343430907,3.4075461350855862,5.0,3,25.775671722415304,7.1777030023381325
5,0.0,3.4988187659591494,5.0,3,24.483465624578365,7.190731583540684
5,0.0,3.408525761221725,5.0,9,23.236095759801675,7.145065953237571
5,0.0,3.3623211498877836,5.0,9,22.6104070331637,7.23584648863482
5,0.0,3.317086618005426,5.0,12,22.006127262648594,7.4146655725000485
5,0.0,3.285782272642837,5.0,12,21.59273028815405,7.59089132301874
5,0.0,3.2497701677308877,5.0,12,21.12201229161784,7.844075675549803
5,0.0,3.2232119219853406,5.0,12,20.77819019599983,8.062278085271183
5,0.0,3.201603291448092,5.0,12,20.500527280562366,8.257123003305294
5,0.0,3.184234610583769,5.0,12,20.278700119289574,8.423554623543845
5,0.0,3.1609884090638483,5.0,12,19.983695453538665,8.657909419544522
5,0.0,3.1420807011037786,5.0,12,19.745342272303024,8.8565317677859
5,0.0,3.104421544222056,5.0,12,19.27486625687473,9.266828940189875
5,0.0,3.097868871974752,5.0,12,19.193583102566357,9.339482539755513
5,0.0,3.0703817018917396,5.0,12,18.854487599867767,9.645626117217668
5,0.0,3.0391731237313198,5.0,12,18.473146563484114,9.99123279698524
5,0.0,3.01816222400652,5.0,50,18.21860643449454,10.21945311206697
5,0.0,3.0019389353981607,5.0,50,18.023274757178047,10.39178232261021
5,0.0,2.976911751413964,5.0,50,17.72400716187896,10.648959984189212
5,0.0,2.955199541586424,5.0,50,17.466408664400728,10.861742794637225
5,0.0,2.93501562632698,5.0,50,17.228633448769237,11.049530335449932
5,0.0,2.898954630936391,5.0,50,16.80787588282393,11.35778627075772
5,0.0,2.8754133604483627,5.0,50,16.536003964525804,11.538433378535677
5,0.0,2.8460828924336785,5.0,78,16.20037566468435,11.739389598893588
5,0.0,2.815652483519897,5.0,78,15.85579789436315,11.919041892380832
5,0.0,2.78305826914439,5.0,60,15.490826882906145,12.07918690904539
5,0.0,2.7475299937877784,5.0,60,15.097842579007708,12.21727277858293
5,0.0,2.7118659146090356,5.0,60,14.708434169562247,12.320520216496222
5,0.0,2.671187901798615,5.0,60,14.27049055978205,12.400234043739431
5,0.0,2.631851923573488,5.0,60,13.853290200172077,12.445413219636947
5,0.0,2.583167601361275,5.0,60,13.345510849166908,12.469391490117598
5,0.0,2.5395657458484666,5.0,60,12.898789353346615,12.47275973218306
5,0.0,2.492930200009642,5.0,60,12.429402688126324,12.470800165106844
5,0.0,2.45044067605974,5.0,60,12.00931943820626,12.475113083343993
5,0.0,2.403024173494093,5.0,60,11.549050491266954,12.498448090125356
5,0.0,2.368610424059712,5.0,72,11.22063067813272,12.533537560412768
5,0.0,2.321330699802788,5.0,72,10.777152360380107,12.61294452518387
5,0.0,2.288254056530673,5.0,72,10.472213186804145,12.692483902193732
5,0.0,2.249877702630578,5.0,72,10.123899322959268,12.8110425631226
5,0.0,2.222393881044452,5.0,78,9.878069116398146,12.913644300997438
5,0.0,2.1920305914896447,5.0,78,9.609996235366054,13.044171357956486
5,0.0,2.155072558562389,5.0,78,9.288675476265643,13.226946087131036
5,0.0,2.1368681402735454,5.0,78,9.132410907858302,13.326310234281305
5,0.0,2.1158353309582956,5.0,57,8.953518300541695,13.448445215123465
5,0.0,2.0872917928071177,5.0,57,8.713574057736736,13.626109761384903
5,0.0,2.0534004212265793,5.0,57,8.432906577154611,13.853490750734021
5,0.0,2.0217743595385955,5.0,57,8.175143117747545,14.080070686180237
5,0.0,1.99491923537499,5.0,57,7.959405508855719,14.282027059063292
5,0.0,1.9571012336098597,5.0,59,7.660490480905821,14.578991351512453
5,0.0,1.9344137176177139,5.0,59,7.483912867724559,14.762983395893176
5,0.0,1.8994774403727854,5.0,59,7.216029104091305,15.052918279891166
5,0.0,1.8628315779789122,5.0,78,6.940282983433715,15.363173740801091
5,0.0,1.8312055162909284,5.0,78,6.706627279955121,15.633830624420956
5,0.0,1.804350392127323,5.0,78,6.511360651115467,15.86440794553533
5,0.0,1.769127556283245,5.0,78,6.259624566873846,16.166142152625742
5,0.0,1.7284613243618918,5.0,78,5.9751570398029195,16.511099329929294
5,0.0,1.6779248636313682,5.0,78,5.6308637617461486,16.93078403251035
5,0.0,1.6550429335509864,5.0,78,5.478334406874307,17.116436770419522
5,0.0,1.6109386717290346,5.0,78,5.190247242952719,17.46498515569661
5,0.0,1.5350337917978474,5.0,118,4.71265772506295,18.03185541134701
5,0.0,1.5067687604326436,5.0,118,4.54070401539002,18.23129014685231
5,0.0,1.4576501483997077,5.0,118,4.2494868662043785,18.562181285739513
5,0.0,1.393790330754772,5.0,118,3.8853023499793835,18.962671144354687
5,0.0,1.3512173605808768,5.0,118,3.651578339721592,19.21160533233017
5,0.0,1.2934446737500354,5.0,118,3.3460043538884676,19.527702594158026
5,0.0,1.1973104161298158,5.0,118,2.867110003739306,20.004131219013843
5,0.0,1.1526212637761541,5.0,118,2.657069758805921,20.207687015682893
5,0.0,1.064924159704292,5.0,118,2.26810682909289,20.58149235606087
5,0.0,0.9674908241352753,5.0,118,1.8720701089198464,20.967781359286555
5,0.0,0.870414207333185,5.0,118,1.5152917966672916,21.3348838023525
5,0.0,0.7310630416307479,5.0,118,1.068909433365402,21.853992947624807
5,0.0,0.5975811231870903,5.0,118,0.7139148882960846,22.36577756731976
5,0.0,0.40884137218942795,5.0,72,0.33409804551437006,23.125689589245347
5,0.0,0.05019626485107065,5.0,72,0.0015924556257651545,24.79262801243238
6,0.175787764994421,4.9110532168806555,5.0,2,50.00124671857005,-0.4026883267466239
6,0.0,4.80308988661005,5.0,2,46.13934611223018,0.10325351163008989
6,0.0,4.760035082927875,5.0,13,45.31588085153696,0.5820980804705798
6,0.0,4.7143778509237375,5.0,13,44.45072499133815,1.1965310814698285
6,0.0,4.679624868636719,5.0,13,43.79777987906416,1.6939807900901904
6,0.0,4.641234705211045,5.0,13,43.0821170360625,2.2288484471636814
6,0.0,4.6068431486804435,5.0,13,42.44600425693679,2.660769116057155
6,0.0,4.555080145463971,5.0,13,41.497508215696826,3.171466689872906
6,0.0,4.230735923924454,5.0,20,35.798252751477726,3.0327949472696147
6,0.0,4.142889785495949,5.0,20,34.327071572231304,3.292142269316681
6,0.0,4.095223286483707,5.0,20,33.54170757304444,3.6501269939264365
6,0.0,4.058862414432522,5.0,20,32.948728225341526,4.012142704528991
6,0.0,4.02674014614863,5.0,20,32.42927242354617,4.381020040480866
6,0.0,4.001953952009024,5.0,20,32.031270877016446,4.6873835708506455
6,0.0,3.9724882207283017,5.0,11,31.56132533102499,5.06493006557565
6,0.0,3.9485145910886024,5.0,11,31.18153495610516,5.3743657146019945
6,0.0,3.915208560962931,5.0,11,30.657716155813446,5.794035349200053
6,0.0,3.890806627783679,5.0,11,30.27675243529648,6.08522768533625
6,0.0,3.8576266474207515,5.0,10,29.762566706492166,6.447574451779369
6,0.0,3.8283899580893053,5.0,10,29.313139347843933,6.726197016689444
6,0.0,3.7894719723126027,5.0,10,28.720195660636254,7.02764773626288
6,0.0,3.7455941985212062,5.0,10,28.058951803179127,7.265552801343704
6,0.0,3.6871017936194965,5.0,10,27.189439282801622,7.420557029668149
6,0.0,3.58526967831182,5.0,10,25.708317387086502,7.359214803507751
6,0.0,3.4555140908032467,5.0,23,23.881155296650224,7.137094673761894
6,0.0,3.3886532970061145,5.0,23,22.965942338758314,7.173187131356505
6,0.0,3.3400705651633644,5.0,23,22.31214276316661,7.3124972580718275
6,0.0,3.3033770872110724,5.0,23,21.8246003630593,7.486569633502656
6,0.0,3.277056587109333,5.0,30,21.478199756208063,7.647425710218361
6,0.0,3.2410436663121542,5.0,30,21.008728101785625,7.913021761403394
6,0.0,3.2172587652181077,5.0,30,20.70150793431709,8.114497953235997
6,0.0,3.1923018095341495,5.0,26,20.38158169629365,8.345221819555425
6,0.0,3.172860312089747,5.0,26,20.13408512936006,8.536686920067675
6,0.0,3.145765233357717,5.0,26,19.791677815990695,8.817341791746172
6,0.0,3.1267162702883065,5.0,26,19.552709278563654,9.022040149246887
6,0.0,3.1060850258617965,5.0,26,19.295528384036253,9.248431687670076
6,0.0,3.0815368316691734,5.0,78,18.991738497861114,9.52128424361852
6,0.0,3.0586105053488715,5.0,78,18.710196452643807,9.776571089068192
6,0.0,3.0393910013755274,5.0,78,18.475795324719417,9.988839713958784
6,0.0,3.018513790490869,5.0,86,18.222851013533415,10.215680234568797
6,0.0,2.999784523021548,5.0,86,17.9974143760663,10.41437252080495
6,0.0,2.9706119923669814,5.0,86,17.64907122506613,10.711782981326728
6,0.0,2.947672204636382,5.0,86,17.377542859199195,10.932973296142585
6,0.0,2.923475005195177,5.0,19,17.093412219402367,11.15213074529769
6,0.0,2.8981529526370546,5.0,19,16.79858108046735,11.364197779739072
6,0.0,2.871775682971141,5.0,19,16.49419114821911,11.564848824042482
6,0.0,2.845460169077776,5.0,50,16.193287145704442,11.743416926814886
6,0.0,2.8149020312844053,5.0,50,15.847346884427228,11.923049564252302
6,0.0,2.7825568631193187,5.0,50,15.485245393797438,12.080954136766536
6,0.0,2.749232324273434,5.0,50,15.116556773301845,12.210426693882583
6,0.0,2.7117982410569024,5.0,50,14.707699491190748,12.318894429910035
6,0.0,2.6742109824208296,5.0,50,14.30280893292009,12.393201918605278
6,0.0,2.629918415434002,5.0,50,13.832942014518151,12.44429812539939
6,0.0,2.584364097710994,5.0,2,13.35787591388466,12.466586343198177
6,0.0,2.537890003310175,5.0,2,12.881771669570092,12.470683624930633
6,0.0,2.4909647293473176,5.0,2,12.40981082852315,12.469467298060021
6,0.0,2.4476929197300956,5.0,2,11.982401423557896,12.475153755984259
6,0.0,2.4020505644777552,5.0,2,11.539693890151206,12.499046651411916
6,0.0,2.3633209517216063,5.0,41,11.170571844397905,12.540608224525645
6,0.0,2.322976757684106,5.0,41,10.792442011877371,12.609644056334755
6,0.0,2.2854463543851438,5.0,50,10.446530057390754,12.700266030358218
6,0.0,2.255311943972225,5.0,50,10.172863919863365,12.792531253670838
6,0.0,2.2167459288100537,5.0,55,9.82792502851009,12.936548833181748
6,0.0,2.2039111538390506,5.0,55,9.714448753495116,12.99094694235341
6,0.0,2.179121010209726,5.0,55,9.49713675950604,13.105064250559082
6,0.0,2.1490413103841655,5.0,55,9.236757117561853,13.259203273582237
6,0.0,2.1131950146298446,5.0,55,8.931186345741889,13.464320799079985
6,0.0,2.086140806486556,5.0,55,8.703966934742928,13.633543581880414
6,0.0,2.0519708261968796,5.0,55,8.4211685465112,13.8634298224895
6,0.0,2.018692657277022,5.0,124,8.150240090634576,14.102811376583288
6,0.0,1.987532798673179,5.0,124,7.900573254423389,14.338949776614882
6,0.0,1.9587793724555085,5.0,124,7.673633262218017,14.56554599566915
6,0.0,1.9302034862381197,5.0,124,7.451370999739922,14.797539684707365
6,0.0,1.8968065244503218,5.0,124,7.195749984554759,15.075353558396996
6,0.0,1.8649428134298418,5.0,124,6.9560233984670194,15.34517665788137
6,0.0,1.8323933219739619,5.0,124,6.715330574844668,15.62363761810387
6,0.0,1.7872239738556928,5.0,44,6.3883390648927865,16.01132747301382
6,0.0,1.7613498699472108,5.0,44,6.204706727243032,16.232479751099614
6,0.0,1.7227476271969522,5.0,44,5.935718772703289,16.559122348937535
6,0.0,1.6814058829842626,5.0,44,5.6542514882306705,16.902280504465782
6,0.0,1.6348878825766566,5.0,86,5.345716786129554,17.277317311001507
6,0.0,1.599899976557234,5.0,86,5.119359885651782,17.55012415532278
6,0.0,1.546804576837522,5.0,86,4.785208805725219,17.94688533446639
6,0.0,1.4987911093178568,5.0,86,4.492749539058053,18.28639203169365
6,0.0,1.4502253571240171,5.0,86,4.206307076141627,18.610455901022284
6,0.0,1.391418138426539,5.0,86,3.8720888351708282,18.976908802416837
6,0.0,1.331855930136396,5.0,86,3.5476807146317313,19.320261152148593
6,0.0,1.263310638258296,5.0,78,3.191908207431272,19.683359878884218
6,0.0,1.189342317695416,5.0,78,2.8290706701110224,20.041225780807824
6,0.0,1.106013174466551,5.0,78,2.446529176935062,20.409982807478922
6,0.0,1.0180294354465182,5.0,152,2.072766122872089,20.770187638111544
6,0.0,0.918486006146664,5.0,152,1.6872349132963755,21.154772740477824
6,0.0,0.8027086698298,5.0,152,1.2886865772169784,21.587461968485357
6,0.0,0.6646762383907036,5.0,152,0.8835836842578537,22.10406070286257
6,0.0,0.48477755355649715,5.0,152,0.47005466686639963,22.80918368659612
6,0.0,0.19924342396631461,5.0,152,0.07937579600358902,24.043354780976486
7,0.0,4.809191229287996,5.0,2,46.25662812324957,0.046598099310077856
7,0.0,4.761743044926371,5.0,2,45.34840937406923,0.5601211473909835
7,0.0,4.722691788522544,5.0,17,44.60764555020661,1.0789748822394234
7,0.0,4.687779791632845,5.0,17,43.9505605365169,1.5769730679416725
7,0.0,4.651341407304485,5.0,29,43.26995021990521,2.091980357032446
7,0.0,4.615323440109179,5.0,29,42.60241601609731,2.559873342788631
7,0.0,4.566675385265918,5.0,13,41.709045160469685,3.0739520171205186
7,0.11639363797827953,4.300036619223519,5.0,13,37.94061905861964,3.1533407702724254
7,0.0,4.162348487815138,5.0,13,34.65028982000366,3.1893098453691557
7,0.0,4.111381528866862,5.0,40,33.80691618215006,3.51269504097813
7,0.0,4.072014003975207,5.0,40,33.16259612229702,3.8734516993121932
7,0.0,4.041039422371965,5.0,40,32.65999923714876,4.2121141458463445
7,0.0,4.010580522626608,5.0,40,32.16951225524956,4.579160611522907
7,0.0,3.984147075604027,5.0,40,31.74685583169368,4.9145534617931474
7,0.0,3.960560594592569,5.0,55,31.372080436192768,5.219116693858384
7,0.0,3.929870554123262,5.0,55,30.88776513676921,5.611669787233486
7,0.0,3.904906062525896,5.0,55,30.49658271068676,5.919111092477616
7,0.0,3.876597557592101,5.0,55,30.05601724210868,6.2457598763167095
7,0.0,3.845619759306139,5.0,55,29.577582657937853,6.567036917089817
7,0.0,3.8155840645259653,5.0,55,29.11736349917554,6.834531156589366
7,0.0,3.7756600979051957,5.0,55,28.51121834136544,7.114300501813531
7,0.0,3.7337805146862313,5.0,55,27.882233852369147,7.311222508776101
7,0.3307790859590958,3.46131748905153,5.0,55,26.22636758362071,7.169835341731453
7,0.0,3.5485671297612855,5.0,55,25.184657335674054,7.285011944037901
7,0.0,3.4405763718734295,5.0,55,23.675131539087214,7.131332803955425
7,0.0,3.3784048500973345,5.0,52,22.82723866679877,7.194106870950607
7,0.0,3.334272174500228,5.0,52,22.2347418714325,7.336041343386608
7,0.0,3.2980300856164115,5.0,52,21.754004893357944,7.5168626052436665
7,0.0,3.2689497487855723,5.0,52,21.372064922985803,7.702779207141024
7,0.0,3.239227561383358,5.0,67,20.98519039167257,7.927713993453974
7,0.0,3.2160838817717003,5.0,67,20.68639107064081,8.124938205456774
7,0.0,3.1900226057123104,5.0,67,20.352488449185365,8.36717534938687
7,0.0,3.1664988173955977,5.0,67,20.053429521279007,8.601266191976038
7,0.0,3.1445037267459286,5.0,67,19.775807376183995,8.830734819781132
7,0.0,3.1234806688779666,5.0,67,19.512262977569307,9.057272996384363
7,0.0,3.1046709204716016,5.0,67,19.27796305119272,9.264075399281936
7,0.0,3.0826858621253175,5.0,67,19.00590425106185,9.508475787250903
7,0.0,3.059903203958691,5.0,67,18.72601523777924,9.76221535109664
7,0.0,3.0385995093094453,5.0,67,18.466173956913035,9.99752194416903
7,0.0,3.0189164663596757,5.0,44,18.227713259996975,10.21135321831359
7,0.0,2.9956911856597657,5.0,44,17.948331362922517,10.457059993301911
7,0.0,2.9742264619049577,5.0,44,17.69204609433092,10.675849917913705
7,0.0,2.955065277893424,5.0,38,17.4648215966604,10.863035671370078
7,0.0,2.926076125703942,5.0,38,17.123842986427544,11.129320162466396
7,0.0,2.901373980732638,5.0,38,16.835941959271764,11.338254963269597
7,0.0,2.8753447181298233,5.0,38,16.535214493386626,11.53894996446964
7,0.0,2.849005441777143,5.0,38,16.23366401125715,11.720640121527905
7,0.0,2.818823491664948,5.0,38,15.891531748354954,11.901667832922595
7,0.0,2.7876893840438233,5.0,77,15.542424204276044,12.058075306933768
7,0.0,2.7545768857781723,5.0,77,15.175387654232217,12.19184084248486
7,0.0,2.7186583522454324,5.0,77,14.78220651795395,12.301714260173192
7,0.0,2.679187340431755,5.0,42,14.356089705318347,12.385022213157905
7,0.0,2.6396690982088593,5.0,42,13.935706047110576,12.435672235447104
7,0.0,2.5927850102937713,5.0,42,13.44506841435564,12.463770067995828
7,0.0,2.5462169805881247,5.0,42,12.966442025286685,12.470162106072838
7,0.0,2.5012493483694827,5.0,42,12.512496773221818,12.46892343018567
7,0.0,2.453926364777143,5.0,42,12.043509316191455,12.473097166941178
7,0.0,2.4097640722472486,5.0,42,11.613925815106244,12.493108223907988
7,0.0,2.3708014755821685,5.0,42,11.241399285276435,12.53086094471789
7,0.0,2.330673760044263,5.0,58,10.86408034686473,12.594497447967754
7,0.0,2.293223809645984,5.0,41,10.517750878567865,12.679512999739291
7,0.0,2.256945132740216,5.0,41,10.187602662808157,12.787144760077389
7,0.0,2.2201621719233664,5.0,41,9.858240144827356,12.92257446535276
7,0.0,2.2148326462101706,5.0,41,9.810967304236863,12.944411279054227
7,0.0,2.1815369085487353,5.0,41,9.518206569284441,13.093399976565756
7,0.0,2.1490961823801613,5.0,41,9.237228810651857,13.258915018412159
7,0.0,2.1171827271642374,5.0,162,8.964925403138492,13.44040516811862
7,0.0,2.090764077896718,5.0,162,8.74258886326324,13.603790118531181
7,0.0,2.058730182402204,5.0,162,8.476739928927802,13.816607945284256
7,0.0,2.027947719193393,5.0,162,8.225143904297434,14.034823047195614
7,0.0,1.9963307725434667,5.0,162,7.9706731090001295,14.271209533059004
7,0.0,1.9607405474751838,5.0,162,7.68900699246732,14.549855839160042
7,0.0,1.933362256652916,5.0,162,7.475779229431877,14.771606361385444
7,0.0,1.9002950520079722,5.0,162,7.222242572180635,15.046058803837791
7,0.0,1.8656077658885954,5.0,162,6.960984675510401,15.339511524493346
7,0.0,1.8319307843521484,5.0,162,6.711940798049673,15.627606620592081
7,0.0,1.7960085402686055,5.0,162,6.451293357263115,15.936002251276355
7,0.0,1.7594199569907545,5.0,162,6.191117175614739,16.248917851175726
7,0.0,1.718035493616386,5.0,162,5.903291914389452,16.598629056389488
7,0.0,1.6810132926109778,5.0,162,5.651611382026651,16.90549819565346
7,0.0,1.6381474881040317,5.0,162,5.367054385612047,17.251476355996864
7,0.0,1.5924125677233412,5.0,162,5.071555574912505,17.607369318155026
7,0.0,1.542615986275787,5.0,162,4.75932816202625,17.97723810831165
7,0.0,1.4925520791441764,5.0,162,4.455423419218569,18.32911932922285
7,0.0,1.4370250113231746,5.0,162,4.130081763350393,18.695202809358168
7,0.0,1.3774152166575828,5.0,150,3.794545351784379,19.060101823785907
7,0.0,1.3112784655864498,5.0,150,3.4389024263606096,19.43258193439119
7,0.0,1.2419168315518818,5.0,150,3.0847148695099413,19.790009228360187
7,0.0,1.163680233572952,5.0,150,2.708303387345449,20.1582212606221
7,0.0,1.0709865749152234,5.0,150,2.294024226496827,20.55662534486377
7,0.0,0.980859430834186,5.0,150,1.9241704060967706,20.91607475893146
7,0.0,0.8637613624520033,5.0,150,1.4921704441123218,21.360117583860614
7,0.0,0.7369404465013768,5.0,162,1.086161856808296,21.832098864763616
7,0.0,0.5820130230715775,5.0,162,0.6774844540031033,22.42226516731472
7,0.0,0.35786608349837823,5.0,162,0.25612861718255076,23.33838001434354
8,0.0899919593917012,4.908527549463772,5.0,9,49.057871015884835,-0.40457693601725
8,0.0,4.805206911624925,5.0,9,46.18001972543203,0.08328058507472491
8,0.0,4.759332488946332,5.0,9,45.30250393202953,0.5901442328367636
8,0.0,4.718278005312374,5.0,9,44.52429969237579,1.1409140875063173
8,0.0,4.683727413807952,5.0,9,43.87460363555973,1.6351824687422862
8,0.0,4.646446524776922,5.0,12,43.17892711123172,2.1587376978618735
8,0.0,4.610620510865114,5.0,12,42.51564054518214,2.6162457972829127
8,0.0,4.565337214893007,5.0,12,41.68460748727907,3.085720193476684
8,0.28264821858061273,4.189564303675638,5.0,48,37.461896460286944,3.10378381390254
8,0.0,4.159046621310455,5.0,48,34.595337586989196,3.2049465796627246
8,0.0,4.108549237808484,5.0,48,33.76035368921403,3.5356424276473213
8,0.0,4.070903856904477,5.0,48,33.14451642650887,3.884844874169991
8,0.0,4.041557711565776,5.0,48,32.668377470542914,4.206120077225799
8,0.0,4.01053848190989,5.0,48,32.168837824236824,4.579680943735669
8,0.0,3.9878316810343204,5.0,48,31.805603025835136,4.867233756786776
8,0.0,3.9619706140773,5.0,48,31.39442228848356,5.200898983787662
8,0.0,3.9309990814892304,5.0,48,30.905507552326824,5.597452613163059
8,0.0,3.9041320499880956,5.0,48,30.484494122221065,5.928402210968876
8,0.0,3.8769078027851283,5.0,48,30.06082821617865,6.242341761367532
8,0.0,3.8482344922214966,5.0,48,29.617817407421235,6.541590931978545
8,0.0,3.8163842949477034,5.0,57,29.129578163736287,6.828020290187634
8,0.0,3.779585665916473,5.0,57,28.570535597740324,7.090801326267192
8,0.4369899460348322,3.5048528776511927,5.0,57,27.66647520876899,7.237357440596766
8,0.3110807791459502,3.4827781412349843,5.0,57,26.391720276993304,7.192104178383564
8,0.22360016903375468,3.428866027055168,5.0,57,24.98801425433496,7.152529754097438
8,0.0,3.44602667201669,5.0,57,23.750199644736586,7.132608413927629
8,0.0,3.381846288246963,5.0,57,22.873768631766556,7.186587450275921
8,0.0,3.337664565262658,5.0,57,22.280009495381087,7.322087036120978
8,0.0,3.301385129930364,5.0,57,21.798287549664256,7.497719619358094
8,0.0,3.2781951434771974,5.0,57,21.49312679361368,7.6398679563834175
8,0.0,3.243437062337018,5.0,57,21.0397679544339,7.893837108797294
8,0.0,3.219651814074349,5.0,41,20.732315604617735,8.093369825680556
8,0.0,3.193839305648441,5.0,41,20.401219019751267,8.33049387698701
8,0.0,3.1746901142284756,5.0,41,20.157314642772892,8.518279317620706
8,0.0,3.1491061161806693,5.0,41,19.83373866166576,8.781999211961807
8,0.0,3.1278839577478736,5.0,41,19.567316106106436,9.009354344360943
8,0.0,3.106759166494712,5.0,41,19.303905037324647,9.2409785926511
8,0.0,3.085823677521429,5.0,41,19.04461553983583,9.473506313956179
8,0.0,3.067447837260265,5.0,41,18.818472469125776,9.678301930203393
8,0.0,3.0450338283054714,5.0,41,18.544462029790353,9.926786954265992
8,0.0,3.02440010576432,5.0,41,18.293991996054636,10.152222720430661
8,0.0,3.001595535479785,5.0,41,18.019151514238686,10.395396858757863
8,0.0,2.983135735324579,5.0,57,17.798197626834046,10.586121706004315
8,0.0,2.958537575204374,5.0,57,17.505889164010565,10.829734538889031
8,0.0,2.9345719322669406,5.0,57,17.223424848750344,11.053537418016855
8,0.0,2.9093523986947947,5.0,57,16.928662754277386,11.272683660579823
8,0.0,2.8855709871890536,5.0,57,16.653039841361984,11.462560658723003
8,0.0,2.8575285812261306,5.0,107,16.330939182650127,11.664240507597274
8,0.0,2.829465709143812,5.0,107,16.011752394510587,11.841160282205383
8,0.0,2.7997766295203768,5.0,107,15.677498345317758,12.000986359585347
8,0.0,2.766930607625882,5.0,107,15.31180997963667,12.145771720636741
8,0.0,2.733514817754334,5.0,107,14.944206534073139,12.260425876983877
8,0.0,2.6941529457955893,5.0,107,14.516920229923,12.357294866287429
8,0.0,2.6547814031500314,5.0,31,14.095728659706644,12.418822236767351
8,0.0,2.613159455713338,5.0,31,13.657204752079306,12.453565519308249
8,0.0,2.5668311306144025,5.0,31,13.177244171003727,12.46712195624277
8,0.0,2.5203197361245944,5.0,31,12.704023190479896,12.46751226967026
8,0.0,2.473387545895021,5.0,125,12.235291919358616,12.468347534807883
8,0.0,2.43228861305146,5.0,125,11.832055793018782,12.479559130731849
8,0.0,2.3867962859136167,5.0,125,11.39359301448941,12.512653941364078
8,0.0,2.3461577953824144,5.0,125,11.00891279657128,12.566855031900147
8,0.0,2.3073635286034113,5.0,125,10.647852902262077,12.644424789163578
8,0.0,2.272837179483661,5.0,125,10.331577686274278,12.736848703009192
8,0.0,2.238080348895557,5.0,125,10.018007295957357,12.853266895108954
8,0.0,2.2183940009057435,5.0,125,9.842543883860202,12.92976912465249
8,0.0,2.195864090713482,5.0,125,9.643638205503187,13.02666358977758
8,0.0,2.168304993770401,5.0,171,9.40309308896633,13.15853434776626
8,0.0,2.1359269810820374,5.0,171,9.124368133342069,13.331623829710317
8,0.0,2.1037448393300475,5.0,41,8.851484696614014,13.522078256287642
8,0.0,2.0709825183808377,5.0,41,8.57793718084248,13.733398690847888
8,0.0,2.0403345106691417,5.0,179,8.32592982968267,13.94550187534574
8,0.0,2.011966890915952,5.0,179,8.096021538401404,14.152865009567064
8,0.0,1.9804476509951612,5.0,179,7.844345794819661,14.394069953796611
8,0.0,1.9484453755895386,5.0,179,7.592878766114971,14.648735462028636
8,0.0,1.9119837787607596,5.0,179,7.311363941726112,14.94833901460295
8,0.0,1.8826319386964427,5.0,41,7.088606030708345,15.194926978070182
8,0.0,1.845644794234025,5.0,41,6.812809412065663,15.510048115655415
8,0.0,1.8129978947611325,5.0,179,6.573922734965823,15.79015330373828
8,0.0,1.7777230268226052,5.0,179,6.320598318318709,16.092679390481482
8,0.0,1.7394452326019034,5.0,179,6.051339433612053,16.418437173132173
8,0.0,1.6958533842228167,5.0,128,5.751837395646742,16.783292754320623
8,0.0,1.6559636637167177,5.0,128,5.484431308171853,17.1090261200709
8,0.0,1.6124933591488984,5.0,128,5.200269659130701,17.452919032801507
8,0.0,1.5632916862559636,5.0,128,4.887761789970259,17.82600742908198
8,0.0,1.5105225836217373,5.0,108,4.563356948544232,18.20517362482067
8,0.0,1.4624289384020646,5.0,108,4.277396796390658,18.530886612658207
8,0.0,1.399988148728792,5.0,107,3.919933630391025,18.925283074994788
8,0.0,1.336213644838979,5.0,107,3.570933809359378,19.295979375620067
8,0.0,1.26989783384176,5.0,107,3.225281007725613,19.64963561027061
8,0.0,1.1912940479618022,5.0,179,2.8383630237335957,20.032058920084904
8,0.0,1.1088894577275448,5.0,179,2.4592716992222954,20.397919000482098
8,0.0,1.0200601221716596,5.0,179,2.08104523833979,20.762367974665512
8,0.0,0.9096334017163749,5.0,179,1.6548659519305424,21.188024540321845
8,0.0,0.7925033967850823,5.0,179,1.2561241338778935,21.625086448796893
8,0.0,0.644911629201857,5.0,179,0.8318184203993049,22.179433722658214
8,0.0,0.44537155078291646,5.0,179,0.3967433574631123,22.97039741740575
8,0.0,0.05789948250347038,5.0,179,0.006728179464090545,24.714036117224417
9,0.0,4.91382395873948,5.0,0,48.29077260765135,-0.4033448095111982
9,0.0,4.810402079076903,5.0,0,46.2799317093987,0.035708065416468315
9,0.0,4.761235973724754,5.0,0,45.33874748747741,0.5664108499245994
9,0.0,4.72054332667031,5.0,0,44.56706085069624,1.109049825306359
9,0.0,4.683904655510817,5.0,0,43.877922632129874,1.6326383731004697
9,0.0,4.66962968973366,5.0,0,43.61087936217116,1.8364940740667244
9,0.0,4.623331310985515,5.0,0,42.75038306775394,2.4610812147115713
9,0.0,4.577114186135494,5.0,0,41.8999489944747,2.977500307593475
9,0.22985553217508825,4.233169630015581,5.0,0,37.70837769990645,3.044137340013677
9,0.0,4.186249124806633,5.0,0,35.049363508473576,3.098820935985634
9,0.0,4.149427600665025,5.0,0,34.43549882879166,3.254723795118265
9,0.0,4.088596273876448,5.0,0,33.43323897002087,3.710903099143609
9,0.0,4.056194285696931,5.0,2,32.90542416491594,4.041241394353847
9,0.0,4.031570804138656,5.0,2,32.5071262968618,4.323215255525735
9,0.0,3.991205438862293,5.0,2,31.85944171721458,4.824028249391031
9,0.0,3.9651989963976804,5.0,2,31.445606163995635,5.159165977657443
9,0.0,3.9509956942812248,5.0,2,31.2207339547628,5.342462961964394
9,0.0,3.9166092579979326,5.0,2,30.67965615995727,5.776830671131364
9,0.0,3.894799791173922,5.0,2,30.33893082635211,6.038844929262252
9,0.0,3.8701892434580625,5.0,2,29.956729559973795,6.315623132767094
9,0.0,3.845764687650685,5.0,2,29.57981206649435,6.565626866407937
9,0.0,3.806818694827178,5.0,2,28.98373715388973,6.90358843255154
9,0.0,3.7607256311047994,5.0,2,28.286114550675606,7.1958345968517445
9,0.4281331447863309,3.4503370796873583,5.0,2,26.641128326699196,7.174140197341698
9,0.3311411231760576,3.421010049215255,5.0,2,25.520197620352747,7.166299503960541
9,0.0,3.486444569392857,5.0,2,24.310591483865302,7.1691766729718065
9,0.0,3.4285499394689523,5.0,2,23.509909375167215,7.132065281847934
9,0.0,3.36256761214585,5.0,0,22.613721887125443,7.2352334042719715
9,0.0,3.326876559715166,5.0,0,22.136215280080364,7.368242459419093
9,0.0,3.2868749178068906,5.0,0,21.607093442646192,7.584006648014834
9,0.0,3.269315706011568,5.0,0,21.3768503671801,7.700221967658665
9,0.0,3.244315100406921,5.0,0,21.051160940093702,7.886853378306966
9,0.0,3.20922850823786,5.0,0,20.5982952353695,8.186718106193634
9,0.0,3.1832712060065442,5.0,0,20.266431137123167,8.432995827725627
9,0.0,3.1610073957918026,5.0,0,19.983935513455908,8.657699028892026
9,0.0,3.1389417502353334,5.0,0,19.705910623961355,8.890077865317748
9,0.0,3.1345646386068053,5.0,0,19.650990944829346,8.937097688069588
9,0.0,3.1032693950005408,5.0,0,19.260561875464713,9.279593444720847
9,0.0,3.080411617632643,5.0,0,18.97787146688636,9.53382815346072
9,0.0,3.0564722386807452,5.0,0,18.684045093087143,9.80029974312479
9,0.0,3.0349082841774515,5.0,0,18.42133658360931,10.037936061748647
9,0.0,3.021014572193379,5.0,0,18.25305808308214,10.188774019281166
9,0.0,3.0052732846211816,5.0,0,18.06333502816706,10.356697025331762
9,0.0,2.9703666960310127,5.0,60,17.646156612911355,10.714210936295377
9,0.0,2.953328328869382,5.0,60,17.444296430180756,10.879585099308613
9,0.0,2.92668219328722,5.0,60,17.130937321379417,11.123980872495482
9,0.0,2.8994488064469586,5.0,60,16.81360675713703,11.353802535230031
9,0.0,2.8776121711752105,5.0,60,16.561303608602927,11.522287632761854
9,0.0,2.8461726686273616,5.0,122,16.2013977183425,11.73885436931496
9,0.0,2.8175693120163077,5.0,122,15.877393649357177,11.908568003773333
9,0.0,2.787783115553202,5.0,122,15.543469396558574,12.057709079033673
9,0.0,2.7546164746371615,5.0,122,15.175823837139887,12.191731636821315
9,0.0,2.7187233099541364,5.0,122,14.78291286319984,12.301303192680168
9,0.0,2.6836071981419227,5.0,122,14.40349518420492,12.3767063597387
9,0.0,2.64099215455357,5.0,122,13.949679115935384,12.43296402321608
9,0.0,2.5931392680307184,5.0,47,13.4487425232104,12.461549020296944
9,0.0,2.55558877660175,5.0,47,13.062067986323742,12.467622947112748
9,0.0,2.505166349172274,5.0,47,12.551716869824281,12.466976140986272
9,0.0,2.4558619307643257,5.0,47,12.062515641054583,12.471422421404984
9,0.0,2.4188949913125466,5.0,47,11.702105956332899,12.486695478727079
9,0.0,2.3717933099296458,5.0,47,11.250807007438361,12.529674586326191
9,0.0,2.3330426840580785,5.0,60,10.886176330091649,12.590090008915608
9,0.0,2.2933723623891282,5.0,60,10.519113584584872,12.679138260135408
9,0.0,2.2572596173185504,5.0,60,10.190441954902143,12.786090395396641
9,0.0,2.2260062363043334,5.0,122,9.910207527060253,12.899280114253601
9,0.0,2.208513108986792,5.0,61,9.755060305346083,12.971039550411987
9,0.0,2.166840045457224,5.0,61,9.390391562224995,13.16594753502715
9,0.0,2.148903982400532,5.0,61,9.235576650052131,13.259951419322343
9,0.0,2.1135321376312994,5.0,61,8.93403618999021,13.462291987487138
9,0.0,2.0746077941701357,5.0,61,8.607994996825314,13.709200254498473
9,0.0,2.045417543969304,5.0,61,8.367465853679022,13.909426547716134
9,0.0,2.0076520856329623,5.0,61,8.061333791973343,14.185250759887342
9,0.0,1.9705525296340838,5.0,61,7.766154539580205,14.471853852244175
9,0.0,1.957786816109951,5.0,61,7.665858436517384,14.573498494347255
9,0.0,1.9154900815207192,5.0,61,7.338204503666743,14.919166555810168
9,0.0,1.8839273663211054,5.0,61,7.098364640838561,15.18396555127553
9,0.0,1.8642584869394196,5.0,61,6.950919409989943,15.351008521349259
9,0.0,1.8035441154292937,5.0,61,6.505542752190175,15.871329643749418
9,0.0,1.7872845892190836,5.0,61,6.388772402554789,16.010808020049065
9,0.0,1.7383041801428956,5.0,61,6.043402843147074,16.428083179774237
9,0.0,1.7068553294419702,5.0,61,5.826710230842153,16.691984496883304
9,0.0,1.6432000693222388,5.0,60,5.400212934023941,17.211283261781
9,0.0,1.6264106027458602,5.0,60,5.290422894689961,17.34419359049595
9,0.0,1.5767996522990453,5.0,60,4.972594282450778,17.72539530678273
9,0.0,1.5073285348028058,5.0,60,4.544078616375199,18.227398150347533
9,0.0,1.466126363847979,5.0,60,4.2990530231219,18.506526109733638
9,0.0,1.3937457058086018,5.0,60,3.885054182294322,18.962971254577976
9,0.0,1.3413539748904968,5.0,60,3.598460971832118,19.26725306890682
9,0.0,1.2443575128665558,5.0,60,3.096851237451176,19.77796215543816
9,0.0,1.2069852686649858,5.0,60,2.9136268748728824,19.958584970610076
9,0.0,1.117326613324388,5.0,61,2.4968375240944702,20.36185194169555
9,0.0,1.000987200741431,5.0,61,2.0039507386309197,20.837600978350242
9,0.0,0.8965383936133986,5.0,61,1.607562182460427,21.237290594873166
9,0.0,0.8091776539438095,5.0,61,1.3095370577875656,21.56309730104227
9,0.0,0.6692645360382804,5.0,61,0.8958296916999444,22.086767668651575
9,0.0,0.44099308012312044,5.0,61,0.3889546257148737,22.98829038940883
9,0.0,0.13273595327878862,5.0,61,0.03530422183517601,24.3543263651284
10,0.0,4.897247398847629,5.0,1,47.96609616427223,-0.39918518097621103
10,0.0,4.807120824290249,5.0,1,46.216837471421826,0.06549561987374908
10,0.0,4.7570046497645055,5.0,1,45.25817884159315,0.6194327193869729
10,0.0,4.720599718303992,5.0,24,44.56811475430035,1.1082584600211831
10,0.0,4.685201314895432,5.0,24,43.90221863224103,1.6140195780139948
10,0.0,4.65477400143958,5.0,5,43.333841655656755,2.044706797639842
10,0.0,4.616840886627781,5.0,5,42.630441428214645,2.5414172234444603
10,0.0,4.576302418645989,5.0,10,41.88508944097569,2.98529179001018
10,0.27702187214120316,4.234297832913819,5.0,10,38.14095825479539,3.048778826222975
10,0.0,4.177192226852176,5.0,10,34.89786985984793,3.1284721265670505
10,0.0,4.122551395181013,5.0,10,33.990859994482086,3.427112112233054
10,0.0,4.0848787436458505,5.0,48,33.372468684911496,3.7460738620414507
10,0.0,4.049540208069763,5.0,48,32.79755178939175,4.115135263328945
10,0.0,4.023083367406869,5.0,48,32.37039956623247,4.425256934088244
10,0.0,3.994225848406268,5.0,48,31.907680262038443,4.785463873591979
10,0.0,3.974576329166379,5.0,48,31.594514003509104,5.037943104163075
10,0.0,3.9427255406994277,5.0,48,31.090169386605176,5.448531707237265
10,0.0,3.9231297718814573,5.0,48,30.7818944200876,5.696083699139221
10,0.0,3.894217730845563,5.0,20,30.329863472271246,6.045646036512499
10,0.0,3.8635415703785307,5.0,20,29.85390693917712,6.3862878547613295
10,0.0,3.8349361206008465,5.0,20,29.413470100009885,6.667459006247196
10,0.0,3.811825254500032,5.0,20,29.060023553667822,6.864679706918377
10,0.0,3.768844879782549,5.0,20,28.4083834682656,7.153213564701138
10,0.43309252619032723,3.4858212504361763,5.0,66,27.206693422459402,7.2101872040457105
10,0.36677917860859655,3.442683707331875,5.0,66,26.08803276617413,7.167770142163551
10,0.0,3.5192715858152406,5.0,19,24.770545011206988,7.225053589272495
10,0.0,3.4219363903948548,5.0,19,23.419297327829756,7.134655084469479
10,0.0,3.369310846464923,5.0,19,22.704511161841342,7.216398394673723
10,0.0,3.3328711349677387,5.0,19,22.216060004387238,7.341957517897105
10,0.0,3.294402562863797,5.0,19,21.706176494089775,7.538121433111174
10,0.0,3.263578675738334,5.0,19,21.301891544802128,7.740905372622644
10,0.0,3.2403731663085154,5.0,19,21.000036512203387,7.91842974971717
10,0.0,3.214558213531673,5.0,50,20.6667690204755,8.13856115868387
10,0.0,3.1893660463219686,5.0,50,20.344111548588735,8.37352528522391
10,0.0,3.1676274330328185,5.0,50,20.067727115585274,8.589745114196083
10,0.0,3.14550219600254,5.0,50,19.788368128391973,8.820132321470652
10,0.0,3.1268145024493283,5.0,26,19.55393786611191,9.020972353612981
10,0.0,3.108514401568873,5.0,26,19.325723566937683,9.221587048943288
10,0.0,3.0879507470525653,5.0,26,19.070879638071006,9.449810145900518
10,0.0,3.066622473055607,5.0,50,18.808346788461357,9.687490720784606
10,0.0,3.04171725465526,5.0,50,18.504087714656983,9.963290076707953
10,0.0,3.020669833996512,5.0,32,18.248892491399076,10.192487925363066
10,0.0,2.999894758711554,5.0,32,17.99873712885775,10.413219924969582
10,0.0,2.9777501924102983,5.0,32,17.733992420318295,10.640554502572908
10,0.0,2.956034923887122,5.0,32,17.476284945317403,10.853764123190825
10,0.0,2.932435251971108,5.0,32,17.198353016780473,11.072779441115514
10,0.0,2.910024569912224,5.0,32,16.936485990578493,11.267076357600214
10,0.0,2.8824026997396466,5.0,32,16.616490657567923,11.48657085882253
10,0.0,2.855368121259756,5.0,81,16.306254220047624,11.67874802304607
10,0.0,2.8279993026661177,5.0,81,15.995160112224703,11.849710978012812
10,0.0,2.798569372022693,5.0,81,15.663981061274661,12.006911014966503
10,0.0,2.765165095863745,5.0,48,15.292276011842581,12.152653895328305
10,0.0,2.731501993049095,5.0,48,14.922206272504567,12.266297366913776
10,0.0,2.6910908123914066,5.0,12,14.483939525299188,12.363042118447112
10,0.0,2.650017469020459,5.0,12,14.045185174473941,12.423834357828508
10,0.0,2.6047274240908873,5.0,12,13.569209914274339,12.457210797167201
10,0.0,2.5608211685900706,5.0,12,13.115610121020138,12.46728384547868
10,0.0,2.513692775191111,5.0,12,12.637302738728875,12.467122138479052
10,0.0,2.4715658993970155,5.0,12,12.217275990425863,12.468533757642255
10,0.0,2.4255911501029157,5.0,12,11.766984857985205,12.482897975049067
10,0.0,2.383085704824551,5.0,81,11.358194954361421,12.516559516830425
10,0.0,2.343937423729346,5.0,81,10.988085298675049,12.5705623738699
10,0.0,2.3010038765011434,5.0,56,10.589237679612932,12.659741697620294
10,0.0,2.262535412228038,5.0,56,10.238132984420169,12.768882961718967
10,0.0,2.2293311727986715,5.0,56,9.9398349551404,12.8863216975715
10,0.0,2.2265928151816383,5.0,56,9.91543113079963,12.896977824041151
10,0.0,2.1928405640613517,5.0,56,9.617099477077288,13.040417068415227
10,0.0,2.154992215751949,5.0,4,9.287982905011688,13.227377119771974
10,0.0,2.1269266176183272,5.0,4,9.047633677460754,13.383094014348146
10,0.0,2.0941120976285568,5.0,4,8.770610954413275,13.582456124776124
10,0.0,2.059174415993317,5.0,4,8.480398553247456,13.813553465307516
10,0.0,2.0314707399261014,5.0,4,8.25374673631175,14.009218981799878
10,0.0,1.9968096410975824,5.0,4,7.974497485940001,14.26754533837102
10,0.0,1.964385593903579,5.0,4,7.717621524546264,14.520781359747472
10,0.0,1.9319362729125649,5.0,7,7.464755523440038,14.783305403575607
10,0.0,1.9007163264474922,5.0,7,7.225445110018731,15.04252499211611
10,0.0,1.8644650176349358,5.0,7,6.952459608502011,15.349248410768137
10,0.0,1.8309625696644682,5.0,63,6.70484786686051,15.635914309459928
10,0.0,1.7918229800300367,5.0,63,6.421259181649264,15.971902990608504
10,0.0,1.753137530887992,5.0,25,6.1469824045384165,16.302361151714386
10,0.0,1.714705254757225,5.0,25,5.8804282218156985,16.626493931944246
10,0.0,1.6733320436602535,5.0,25,5.6000802627090955,16.9682901065846
10,0.0,1.6265716215902826,5.0,25,5.29147047964484,17.342927869245706
10,0.0,1.5819463980061166,5.0,25,5.005108811175674,17.686691750246297
10,0.0,1.528299218340468,5.0,25,4.671397003055258,18.07995399465387
10,0.0,1.475721711044902,5.0,156,4.355509138805733,18.44277824319601
10,0.0,1.4181867592241546,5.0,156,4.022507367132192,18.813622821552777
10,0.0,1.3542927406185075,5.0,156,3.668217657216342,19.1940697401939
10,0.0,1.284439736106181,5.0,156,3.2995708736417804,19.574683941150937
10,0.0,1.2071398336088837,5.0,156,2.9143731555826413,19.957854182220995
10,0.0,1.122419220660659,5.0,156,2.519649817502856,20.339940670758725
10,0.0,1.026193336139405,5.0,156,2.1061455302556524,20.737981248450872
10,0.0,0.9194133184508352,5.0,142,1.6906416922190814,21.15111571420753
10,0.0,0.7933837322744319,5.0,142,1.2589156070085927,21.62179696303773
10,0.0,0.6406285752682555,5.0,56,0.8208094279134208,22.19584574325578
10,0.0,0.4348033800575085,5.0,56,0.37811272114936045,23.013924396642167
