iterID,x1,x2,x3,f1,f2,f3,Expected_f1,Uncertainty_f1,Acquisition_f1,Expected_f2,Uncertainty_f2,Acquisition_f2,Expected_f3,Uncertainty_f3,Acquisition_f3,Hypervolume_indicator
0,3.9473684210526314,0.7894736842105263,2.3684210526315788,16.204382991797004,54.365525614066435,84.84459767037248,0.0,0.0,0.0,0.0,0.0,0.0,0.0,0.0,0.0,161956.4732341293
0,2.894736842105263,4.2105263157894735,0.2631578947368416,26.112224280385014,51.10807381257992,33.49436102519104,0.0,0.0,0.0,0.0,0.0,0.0,0.0,0.0,0.0,161956.4732341293
0,0.0,3.4210526315789473,2.894736842105263,11.708742416667587,102.49746394645588,43.274582704227136,0.0,0.0,0.0,0.0,0.0,0.0,0.0,0.0,0.0,161956.4732341293
0,4.7368421052631575,1.3157894736842104,4.473684210526315,24.173464131954997,41.27704718199857,75.55766145477351,0.0,0.0,0.0,0.0,0.0,0.0,0.0,0.0,0.0,161956.4732341293
0,0.7894736842105263,3.6842105263157894,-1.8421052631578947,14.19521875806639,86.56143432389804,40.0005446706337,0.0,0.0,0.0,0.0,0.0,0.0,0.0,0.0,0.0,161956.4732341293
0,3.1578947368421053,2.3684210526315788,5.0,15.58513024982776,53.74144867996818,57.853540176407655,0.0,0.0,0.0,0.0,0.0,0.0,0.0,0.0,0.0,161956.4732341293
0,1.8421052631578947,2.894736842105263,-1.3157894736842106,11.773687475771052,70.98677921658484,50.56564818252196,0.0,0.0,0.0,0.0,0.0,0.0,0.0,0.0,0.0,161956.4732341293
0,1.5789473684210527,1.5789473684210527,-2.8947368421052633,4.982178705129303,82.61463772484991,70.64219773467987,0.0,0.0,0.0,0.0,0.0,0.0,0.0,0.0,0.0,161956.4732341293
0,0.2631578947368421,0.2631578947368421,3.421052631578947,0.1352115500165849,117.23557696229594,94.83320457021088,0.0,0.0,0.0,0.0,0.0,0.0,0.0,0.0,0.0,161956.4732341293
0,2.3684210526315788,2.1052631578947367,-5.0,10.043473189302345,66.62304593650151,62.52926950048703,0.0,0.0,0.0,0.0,0.0,0.0,0.0,0.0,0.0,161956.4732341293
0,5.0,4.473684210526316,-3.4210526315789473,45.01286705611808,25.268970604268244,30.43351171258546,0.0,0.0,0.0,0.0,0.0,0.0,0.0,0.0,0.0,161956.4732341293
0,4.473684210526316,1.0526315789473684,1.3157894736842106,21.131439742011658,46.12143629890183,80.02132857312131,0.0,0.0,0.0,0.0,0.0,0.0,0.0,0.0,0.0,161956.4732341293
0,3.6842105263157894,0.0,-3.947368421052632,13.584714633797132,64.89644492698545,99.9326320971412,0.0,0.0,0.0,0.0,0.0,0.0,0.0,0.0,0.0,161956.4732341293
0,1.0526315789473684,3.9473684210526314,1.8421052631578947,16.683657258129756,81.16069579377753,36.60932684959214,0.0,0.0,0.0,0.0,0.0,0.0,0.0,0.0,0.0,161956.4732341293
0,4.2105263157894735,3.1578947368421053,3.947368421052632,27.694485978450725,36.90820910064368,47.04984374810862,0.0,0.0,0.0,0.0,0.0,0.0,0.0,0.0,0.0,161956.4732341293
0,0.5263157894736842,5.0,0.7894736842105257,25.284800746650347,89.75434036264363,24.95709770730957,0.0,0.0,0.0,0.0,0.0,0.0,0.0,0.0,0.0,161956.4732341293
0,1.3157894736842104,0.5263157894736842,-4.473684210526316,2.0094288112979606,95.42784070904526,89.90712135377224,0.0,0.0,0.0,0.0,0.0,0.0,0.0,0.0,0.0,161956.4732341293
0,3.4210526315789473,1.8421052631578947,-0.2631578947368425,15.097398562287164,53.25843393616892,66.56627030439178,0.0,0.0,0.0,0.0,0.0,0.0,0.0,0.0,0.0,161956.4732341293
0,2.631578947368421,4.7368421052631575,-0.7894736842105265,29.36502843479975,54.367449072574,27.714469501799258,0.0,0.0,0.0,0.0,0.0,0.0,0.0,0.0,0.0,161956.4732341293
0,2.1052631578947367,2.631578947368421,-2.368421052631579,11.35694448854566,67.94409076575181,54.456835015414946,0.0,0.0,0.0,0.0,0.0,0.0,0.0,0.0,0.0,161956.4732341293
1,4.7134552913085646,3.7233967421538368,5.0,36.04683826437499,29.53429738206895,39.87646369359389,35.995384222131214,0.019044508342519893,1.8490952939785075,29.469411483218195,0.009536698913285293,-1.6318528165322732,39.7905264997731,0.009950782354245012,-0.8212226268561835,177198.4301057312
1,3.127156967682483,3.3969313125128178,5.0,21.306879850925935,49.854934621837536,48.12181865834078,21.271712105531407,0.007906314964665876,0.4077292859149111,49.77003996603574,0.00346010911783193,-0.75165390625898,43.84699418059393,0.0032870603163951623,-0.6437604176802552,177198.4301057312
1,1.1697582813047283,2.389120562363712,5.0,7.087643986901094,84.80083455323543,56.93412799218074,7.1936083245099915,0.014403898445449953,-0.9704391551683784,84.94806556223611,0.007104373862451607,0.773602310392107,57.229260305246584,0.003905392355174978,-0.05831349757056614,177198.4301057312
1,3.561839414175947,4.743113024334752,3.537558172466504,35.17688317261946,41.51687790717825,28.30191870675615,35.030653494734295,0.029099076421019728,1.754653495329876,41.308718665858656,0.013609126404232761,-1.1185216509788916,27.992298554739307,0.015613266649428777,-1.337371098933545,177198.4301057312
1,1.5484862483980733,4.320216781155039,-1.5855352658865964,21.02338923266495,71.92927907987242,32.774758416400495,21.090902506810437,0.010654172864831831,0.3900290269398283,71.92898890501056,0.004436413634273196,0.20911845236014415,32.100656952050045,0.007797721244337401,-1.1576387764697529,177198.4301057312
1,4.543021241717775,3.323369110364183,5.0,31.72660076772471,32.62933208852758,42.01137679018612,31.65404148039795,0.009145196876071451,1.4241018679001627,32.55589820412704,0.0043655719990166415,-1.4980282775227352,44.93850550360119,0.003188960609361944,-0.5960090177030679,177198.4301057312
1,3.9351624031859247,2.552541239630679,5.0,22.00460480009592,42.750560447148544,53.96213909517304,21.999183887899456,0.005992771166957426,0.4789447470191135,42.77961576243639,0.002511483299666483,-1.0547461859666782,55.21768158012101,0.003312113205854548,-0.14631597474544833,177198.4301057312
1,1.9474564228330984,3.771338100420525,5.0,18.042988850494424,66.38053766046716,41.768788007112526,17.984850034192,0.008912657649595689,0.08596368115922814,66.32432137957827,0.004295403108101502,-0.03388989846530421,38.939760245937755,0.005545886874642607,-0.8584419197921989,177198.4301057312
1,2.210673855930167,1.7260892988683425,5.0,7.8573507344426625,71.39605762066407,69.47632888958437,7.950041652003163,0.015304857078279725,-0.8963885190919427,71.50037317105154,0.006963450835860636,0.19053444141309228,68.20196273555544,0.006050609469211501,0.42171991256094543,177198.4301057312
1,0.7051605900859073,1.7243679406444334,3.38392423712955,3.490424380287321,97.12506982058689,67.41390646459537,3.5935037626011717,0.016845382460583785,-1.322869466025395,97.32861534350923,0.007608087660096041,1.3104007861281843,68.02587574063023,0.007861905522252056,0.4140164647375286,177198.4301057312
2,1.5991186049246853,4.5444108948538995,4.528125301716372,23.28752601110712,70.82370168538222,27.501134081221668,23.214673643249775,0.007073265338942108,0.47279273068124894,70.82223345349438,0.0035304544914971313,0.28260266403958667,28.393385153591154,0.11328188301900326,-1.2861831452569419,182205.7666701036
2,3.035563787906515,1.9419104395748499,4.423246768434076,12.935523337031109,57.871874546443365,61.41353190843244,12.988921047065102,0.0022649896340554134,-0.4906574931665091,57.85668440197293,0.0010628256304114035,-0.28217565575323533,64.99954095893465,0.036760435695620056,0.4792145034087838,182205.7666701036
2,3.748620139050321,2.044442527457819,5.0,18.169592989643178,47.765106282033585,63.24343727893977,18.257582752205415,0.002698604845983664,0.005745412287069485,47.80128800393784,0.0012258441269575207,-0.7201879497151822,62.196283653449726,0.054453923504584126,0.3440223821157389,182205.7666701036
2,0.9547716168316442,2.7059142925079724,-0.2859074875989531,8.247167532143555,87.01280017114733,53.41659291811057,8.221677190048469,0.004949467002222593,-0.9398177987750387,87.05128578197413,0.0023361690279922556,0.9895389356533997,50.83518281128381,0.07875555946529653,-0.2038871230414827,182205.7666701036
2,2.559205040245226,3.720488504794911,-4.114354967301146,20.475839810573376,56.92854870793348,39.086520415070964,20.39674132263723,0.006227657588664155,0.20729271006712224,57.02069380319989,0.003196800628294016,-0.31859134195838124,40.98524790343393,0.12758210960022728,-0.678917935298756,182205.7666701036
2,4.504593783737391,4.223544056103494,-4.683698632360063,38.09718220563498,30.749554570091174,31.017726538491257,38.28347970310533,0.010465794623392252,1.8925458916273783,30.882722382034487,0.00551765896636231,-1.457159367375425,33.23308388757779,0.10164143810552652,-1.0527799763838175,182205.7666701036
2,3.623381717781914,4.181684210465699,-1.876587525898775,30.603843149929595,41.36344999076183,34.225068383967766,30.642347776676573,0.006835715914135626,1.1726135252101813,41.32415249892992,0.0035105131931831733,-1.0023314743011724,33.96047522521891,0.05911017683989333,-1.0177002219304967,182205.7666701036
2,4.8338440435945,2.2648602508006976,5.0,28.502790399875643,34.12426611401193,55.27730792274244,28.65751167143829,0.006752105119504284,0.9856061854661675,34.30493319853844,0.0030706344647244105,-1.3080881273344858,55.33333659777895,0.08650335367366703,0.013044426948155774,182205.7666701036
2,0.6670112406492618,4.512943209308949,3.8596737080497636,20.789224135101534,87.32330929200646,33.15224837175629,20.871832341066867,0.005229526638419997,0.25205484798789257,87.37684746452618,0.002835060970243771,1.0037203775136732,28.417908223682765,0.11427313673058725,-1.2850004761313443,182205.7666701036
2,0.502715341086804,1.9734271205713707,0.7409937185212261,4.157167875449135,99.418651903372,64.71565953852881,4.160246788824111,0.006704460831143016,-1.3224777538634953,99.33217697321541,0.0033360035285290184,1.5244936116941972,61.730750430062706,0.08428324093384393,0.3215712058077571,182205.7666701036
3,2.7052300407606666,4.759532182090737,4.211047529935588,30.026995353309594,53.293358719092346,27.903407490243154,30.011232618310654,0.004120901944039149,1.072926868502691,53.25698047274535,0.0022245095600263217,-0.450306899700081,23.767653832884427,0.07137740791447672,-1.482525793521802,184354.3033666508
3,1.6827498327217763,4.76952440233007,3.2811319942791,25.53363681765351,69.24996832764882,27.955517956688958,25.675679650968178,0.0028418053086264666,0.6587819491760456,69.27685157477451,0.0009371011334611976,0.2481372071779333,23.309181982587877,0.08315660144287457,-1.5058784670031002,184354.3033666508
3,1.8244173563214012,2.4732091430322534,2.9085837109708033,9.34798511733023,73.19843770946336,55.49700472581734,9.419186159563262,0.0028012061723582415,-0.89408667825046,73.28670354614928,0.001649115147696063,0.42296117804653477,51.89007980143233,0.11760023709855454,-0.050084890725500486,184354.3033666508
3,2.7171159416403556,2.955704660672105,-5.0,16.097389511328632,57.2366771581346,46.59467726104592,16.240236986097422,0.004704517302155205,-0.2425196081312606,57.14596495343284,0.0020183264200499653,-0.28075258337776177,49.08382741517788,0.12759583271226024,-0.193023864274096,184354.3033666508
3,3.4993623771753386,3.669581439702354,-5.0,25.635944903544406,44.02800295190636,41.102829628768056,25.775406773217107,0.005238372051163911,0.6683081806186237,43.97224112195124,0.0025648272674436297,-0.8551086263905745,38.1540211639641,0.1102437007769955,-0.7497433148430943,184354.3033666508
3,1.8789614893911946,3.1662957652689014,-5.0,13.558975692871302,69.33474571320482,49.189524375500625,13.602809696979357,0.0034784186162597304,-0.4944545101170661,69.26071525278118,0.002020573543798105,0.24743368597410154,46.241293656807315,0.14938552875057148,-0.3378108619400564,184354.3033666508
3,3.4801320286168522,4.98856213862388,4.135302275803143,37.01025158016939,42.45494125731528,26.74624603565839,37.03231278888,0.004274775387282401,1.7436013367259875,42.47507689360852,0.0019028570983158387,-0.9203829051693901,24.62597828469734,0.09775276673195751,-1.438806270390259,184354.3033666508
3,1.9769675491100767,4.541145715190228,3.5401536607411366,24.491701640488245,64.5369075011063,28.693845765144292,24.57806295463518,0.002289844433664606,0.5539343365235254,64.5974999535889,0.0012237913260137838,0.04412398241402116,26.262503061177352,0.06794539672685028,-1.3554484181590425,184354.3033666508
3,1.1322549656947494,4.491133644933535,1.0965920386782813,21.496059603383028,78.85768003276395,31.060512322587147,21.43493698113231,0.0026535516334499757,0.2536935915632057,78.95462000321444,0.0009874130351693663,0.6700744552072138,29.111030698484125,0.07280560025469225,-1.210356116912081,184354.3033666508
3,4.127311400464927,3.9471797102359023,-5.0,32.612373029896546,35.490819165856514,36.6666200875952,32.597852615595635,0.003509195171736222,1.320008506801969,35.5306736514294,0.0019142452590892953,-1.2231492314022034,33.91945610827163,0.07322957123643326,-0.9654346708487864,184354.3033666508
4,3.712844751591218,4.755919827581074,-5.0,36.398106279414236,39.64842296973416,29.952192558099945,36.47360293143045,0.009270358305485834,1.6340289430590929,39.63963321711002,0.004158462941074275,-1.0680078198274714,24.58885454021894,0.12638669642569655,-1.3114459756196695,186902.93455899056
4,4.964115467143834,3.4874015471623023,-5.0,36.814377323657716,27.651460297887724,45.93464822373998,36.98801467329432,0.023187521890856322,1.6842595370544586,27.654675644106597,0.009206193942449616,-1.6249580150506517,36.3452190002276,0.2311092982088243,-0.6981192215597174,186902.93455899056
4,4.685275302019077,3.2409710155595963,-5.0,32.42537146685723,31.33340287722634,45.73136890312357,32.59351401127924,0.0167438418102243,1.2551511777346605,31.261683580250995,0.0068416750182463916,-1.4573375823565584,39.831920553464286,0.1962577337900805,-0.5162188259657485,186902.93455899056
4,2.8331721051106875,3.2582146472035376,-5.0,18.583838893740705,54.43730519434497,44.96911640053496,18.63548382327476,0.0024256229100086467,-0.10780400055955397,54.39394807877161,0.0011524384862660157,-0.3823634616783238,42.61715464318199,0.04542869579183869,-0.3709138220800128,186902.93455899056
4,1.5613207673336045,1.283348847745802,-5.0,4.088196429049454,85.05289488662027,78.01477644471798,4.1222986585846115,0.005166760363837114,-1.5249682140856748,85.05995146305271,0.0019952943244613175,1.0427092987010838,75.54329724874708,0.08779980328939972,1.3468352521921751,186902.93455899056
4,3.4607552029521162,4.484572023748879,-5.0,32.03883828143396,42.94537806085621,28.95768505312057,32.1487775049872,0.006310209293251499,1.211724138527643,43.11566381896865,0.00297530727132486,-0.9064740045832878,27.64890427075704,0.08984008709594418,-1.1518039047331072,186902.93455899056
4,3.8502503967762793,3.00590133754077,-5.0,23.839242436883918,41.71970484382284,46.425644213134504,23.821463190341714,0.007573679992171967,0.3985896192898508,41.677092307989426,0.0027577152202581316,-0.9733255290047964,48.53016881010699,0.12714715400680413,-0.06243327113697461,186902.93455899056
4,2.8375217591838666,3.9218087944142987,-5.0,23.458437078057578,52.53481037234965,33.41153310473751,23.466859389553335,0.002929777656216254,0.3639637387022958,52.436695341483464,0.0018614553122639614,-0.4733185015684285,35.53594147718145,0.043647863786273056,-0.7403390385815527,186902.93455899056
4,3.999753938438481,2.0644884547660003,5.0,20.272372183173033,44.635946477116896,64.47715836393951,20.1848343074338,0.003622155817096157,0.04348491606651805,44.563379296131686,0.001175209245696616,-0.8391975530212221,62.94281240823102,0.04363718547478463,0.6894709374753063,186902.93455899056
4,2.643384255520387,1.6320450629912477,5.0,9.683568884929285,65.53434711070014,67.62744572858652,9.639301511185234,0.004414053744993137,-0.9862512529289233,65.494855928561,0.0014098861054800379,0.13350426304532448,68.21879058324903,0.07015940107082137,0.9647174713491431,186902.93455899056
5,0.8610608588937453,2.8539023555797516,5.0,8.857511920992659,88.10203443442968,46.59011213173545,8.903628349400366,0.007418971249111266,-1.1074580823042197,88.09994318558783,0.003811669388751786,1.3024561718571022,49.21362960020694,0.14421503142750414,-0.01700933030475671,188642.2983647327
5,5.0,3.240217245145235,5.0,35.54388724389324,28.1326108946241,42.722108190840366,35.553864050142245,0.007658907921746085,1.4576403959472373,27.95240687381844,0.003968074065192692,-1.5131435935254558,38.624458682845976,0.12025656655482017,-0.5849294552178321,188642.2983647327
5,3.2993941616591083,2.9639716165921643,-5.0,19.665280360291273,48.971556462738825,53.02592130379133,19.62553336100121,0.004394913120936526,-0.07546937728693592,49.074906271177376,0.002211105458830777,-0.5243665297530242,45.94597217484946,0.05250124376832576,-0.19226086110587204,188642.2983647327
5,1.9201059795406707,4.02045694154374,-5.0,19.74329329458807,66.23192051588771,34.155576583570294,19.774444684600834,0.00406017663554699,-0.06113658811955247,66.21730338177456,0.0020486800685035377,0.27809575286664767,35.4822396773816,0.08908560844199677,-0.7534534524234897,188642.2983647327
5,4.918725735076045,2.514347348291644,-5.0,30.580878937134994,31.969061052004125,55.062112323202236,30.434304546558273,0.011469117373382996,0.9648802402989531,31.982983714792823,0.005978605234689902,-1.3244660199507052,50.667051741083945,0.2581960268962426,0.060940840699188925,188642.2983647327
5,2.970730298036863,4.007371566597228,-5.0,24.850604050808187,50.39445020362933,34.4481494034857,24.8681921825218,0.0010900556232722684,0.4291391491096874,50.462251456057174,0.0007178149012978096,-0.45942274291519425,31.998981073502684,0.018950126258185342,-0.9402681404531421,188642.2983647327
5,0.9130383688102479,3.713818347533418,5.0,14.653673664378603,84.19696786981403,46.54017458020666,14.622278910039688,0.005207362307957427,-0.5570351136120735,84.23511781980119,0.0023374443843848618,1.1215376827481123,38.58029383319795,0.1133895790058036,-0.5872981115672875,188642.2983647327
5,2.9543911631666986,2.4560689157475855,-5.0,14.765858213295695,56.148146796326664,55.40599440014203,14.796094327488822,0.004340832779195284,-0.5403052929905243,56.16256005765486,0.002423551525321291,-0.19258242749356214,54.459520302704505,0.10653203969315012,0.2643391271234137,188642.2983647327
5,2.523854766911151,4.575735623955113,-5.0,27.259800403242053,56.03994702693159,29.98897708782523,27.284129198025276,0.0032131669622301805,0.6616742918231466,56.06516544598735,0.0015714324545400696,-0.1971416208134542,27.530570374052765,0.08631402876253211,-1.1799186647858786,188642.2983647327
5,4.907859024235735,1.6553354865898597,-5.0,26.814792574605708,37.1534947800285,70.19032271326826,26.774882471181165,0.02105657107173219,0.6126590403728187,37.102746489967714,0.011514133613135911,-1.0848019580034816,71.31158637357011,0.3229674137374587,1.1681518564390139,188642.2983647327
6,0.6341975203526428,3.92196980686864,-5.0,15.689207744909744,88.87057160740831,38.97359942124202,15.755660350273649,0.005475478257021909,-0.48816155574968434,88.97013729328093,0.002971838503025104,1.3933099703335756,34.06144145097983,0.17530465573019285,-0.845654275613164,189292.00318273605
6,1.6778716689267883,1.8171716413067598,-5.0,6.069977736499521,79.41753157291838,71.83641788869342,6.1060844025410415,0.0038287244582934634,-1.4455436802290933,79.3717417305642,0.0020515578151610752,0.9397447558949352,66.91519456679077,0.1329573050741405,0.9965829718811552,189292.00318273605
6,4.020229732769877,3.0323153134994363,-5.0,25.38991587271333,39.670287043456824,52.05180392933417,25.312108485706943,0.0017509343790025268,0.45998089817112486,39.54510112408918,0.001360086989495347,-0.9422342341367766,44.7818955257441,0.04161185575841886,-0.24451687322979865,189292.00318273605
6,1.562076731877289,4.627154292970755,5.0,23.931738448488908,71.34407347665149,31.907169851853183,23.935869470374897,0.0006532290490781667,0.32343742315970303,71.36913569102212,0.00047943114033763246,0.5615874169234303,26.899273915177556,0.026005050433363323,-1.247264763180251,189292.00318273605
6,1.0476379218710012,3.7078566946782763,-5.0,14.842631432948151,81.88469840276638,42.64307375794981,14.790092660381777,0.003969294437523421,-0.5839602987498438,81.84562218222729,0.0022829420168220395,1.0566461807447922,37.60089745659297,0.11363652411924607,-0.6471832617712181,189292.00318273605
6,0.25089826646630564,2.142996439823533,5.0,4.627846938731767,103.20544642883203,65.3112215444682,4.602052957094891,0.011546346098020077,-1.5947660738684135,103.40282675273114,0.00695969958533119,2.0753162334458466,60.04161839863266,0.23630500611424332,0.6111549206069711,189292.00318273605
6,1.6006272534260344,3.872512442074161,-5.0,17.560285179840502,71.8030312025754,41.552100264692875,17.44311937976639,0.003363469297382555,-0.3207404048744138,71.88156205433098,0.0017301783441729848,0.5858017527298216,36.3453376842564,0.11775921764055881,-0.7175873635765839,189292.00318273605
6,4.786278206164561,3.2829531596573585,5.0,33.77319981116582,30.14288129337622,46.64744708336618,33.73328027856537,0.0015818749930849596,1.2954869748446072,30.128160522808905,0.0012454765923163808,-1.3872249260984972,41.73023357106347,0.03421572002807998,-0.41563538440435366,189292.00318273605
6,2.4324841688252463,2.790141610283094,-3.0708822480903954,13.68802930583272,62.17601433007216,50.668694990977635,13.728603345386588,0.002201639031584509,-0.6892759002857929,62.108904954398696,0.0015594025154809644,0.12400193585381203,49.253678141956385,0.06700995606677008,0.006233306490742052,189292.00318273605
6,1.7199525921595318,2.6433594259763638,5.0,9.90948121185583,74.126206024009,55.10606164703775,9.865456818669786,0.0020859606760119304,-1.072557761473945,74.10718301976601,0.0012726531570540632,0.6909718557799351,51.3057563867244,0.09209707927152862,0.12130128560284703,189292.00318273605
7,1.7587892668557963,4.12882468454324,2.6995981172182226,20.120252274719654,68.65707777035077,33.086622808378195,20.183876529994915,0.0020417763431302997,0.0023935049921419704,68.73748874716628,0.000988105944806492,0.3693665531500301,24.79348698340867,0.11503056873247594,-1.4217440082402675,191300.86204868206
7,3.1587403291084555,4.743610798025818,-5.0,32.37824127893644,46.86590176808906,24.594148299247554,32.42814170353617,0.005249262139320951,1.226934748048734,46.660651497477,0.0030823478052913462,-0.6621481024485547,25.32490809325753,0.2439765313494805,-1.3907979989869261,191300.86204868206
7,1.7106764767996547,3.4412419525131983,2.2717080132267364,14.787514399790522,71.09793617244672,44.66970095315541,14.827528802876989,0.003635981791708926,-0.5332914553582668,71.16018763693853,0.0016138847509587946,0.48256435329858505,39.611468172848596,0.17075622604473972,-0.5588550967804622,191300.86204868206
7,1.5162744763020441,1.3466826509040022,4.946800799095518,4.062729890971336,85.32887619102856,73.45017488914777,4.174300698638396,0.00860423442036879,-1.5987140838651612,85.25582125225947,0.004245198348747748,1.1411665112846094,67.4607547692809,0.40281940338491634,1.062880029543848,191300.86204868206
7,3.4137487429805486,2.1352260861178585,5.0,16.288280223034317,51.52066873271028,62.829023341236876,16.172636222060326,0.002759469503383538,-0.3987681101198177,51.54165264184091,0.0017337524855023192,-0.4340889761588187,60.81264404298229,0.16954089817402668,0.6757435529522695,191300.86204868206
7,1.8761954707001018,4.025484390851,2.0243276797475893,19.80457768796318,66.90643069162316,34.367798762358966,19.725589061428984,0.0017264309332701078,-0.04343953590341698,66.9686222474546,0.0008001999492835537,0.2867183142916474,30.034428105391104,0.12972647670459572,-1.1165506136775036,191300.86204868206
7,2.8119498904051197,4.072230849777288,-5.0,24.44810726985848,52.49044537212185,32.6806631785922,24.522525156071147,0.0011994398417338606,0.4362990196523242,52.59359821197657,0.00043334975321348467,-0.38493803754317923,30.880881595145553,0.04364745311179922,-1.0672594638887531,191300.86204868206
7,3.752575883076922,3.003717962641187,-5.0,23.12390026397817,42.94584535882966,45.456803278615055,23.058911179898033,0.0007796207163353421,0.2899239083380962,42.89250906507752,0.0006352652442403949,-0.8382101941078872,44.617242431354995,0.055580882910542626,-0.2673560696380637,191300.86204868206
7,0.842592129734308,2.769585171046977,5.0,8.377434278959814,88.85946788895875,49.79269948654851,8.338907550991626,0.0011868385201831905,-1.182214377305172,88.80672334183862,0.0003817221548613232,1.3070782994891488,46.85909004430401,0.032531842307630426,-0.13680755417801294,191300.86204868206
7,3.690774011051601,3.5185551687650545,-5.0,25.924133410340204,42.027676224432525,41.949184194360576,25.936582538562657,0.0024949143038005546,0.5777180072655028,41.95599515571005,0.0012747123844220945,-0.8819677220435551,39.91785960952891,0.11336219981831969,-0.5410131404506693,191300.86204868206
8,0.6953794400459941,3.2649742055135422,-5.0,11.14742081017798,89.57425022681701,40.836387400633306,11.087210106285717,0.013512666849867646,-0.9116062725361189,89.5712220898974,0.004503986715944216,1.3715764448788832,33.50444892610538,0.24090515951539263,-0.8954860077012654,192101.69332468248
8,1.8123547932587076,4.425509461094956,-5.0,22.792186698528827,67.30004655671608,29.54925115014834,22.588934753524228,0.006766446353757244,0.2617107218320598,67.46809640854244,0.002250480039052393,0.3132723496637482,24.243744363214795,0.1179713270272691,-1.4426067517360792,192101.69332468248
8,0.8019628356180653,2.9012741195269847,-5.0,9.005256334762915,89.06299629995503,54.44216320432111,9.031264584601178,0.011792878068591644,-1.1213379340106258,88.98304617365318,0.003789577155281347,1.3434144107013708,42.924149678329655,0.14854683822607553,-0.33897179767083685,192101.69332468248
8,0.033703438128708796,1.6537891870443753,-5.0,2.7360784462538863,110.49185647079827,70.74181985973709,2.496647454487313,0.06347985208779602,-1.7879490350069318,110.01244608391515,0.026218325004240962,2.3503082032711973,70.88014523437438,0.6172688883005587,1.3126633435848678,192101.69332468248
8,2.5793329544961745,1.9650431359646419,5.0,10.418370202594463,64.24940529443553,65.00018871720903,10.433539570903912,0.01111687466614952,-0.978288685078951,64.30828403866961,0.004292018033375401,0.1619796130908071,63.28485337121399,0.2040981372755053,0.863934879447708,192101.69332468248
8,1.4843841730331921,1.5050227570491959,5.0,4.429871706881148,84.6911709377269,74.64149708543096,4.421914853342894,0.004636060861642065,-1.5915481449610525,84.7239242498693,0.0014159492138769844,1.1394864125104505,68.07347464711815,0.0786706640610359,1.1468457549195676,192101.69332468248
8,4.466496031622474,3.6506691793010737,5.0,33.19566312348306,32.3764450121223,38.35535850289544,33.198694079432954,0.006352333310486825,1.344036312562821,32.379568132512915,0.002356390052241919,-1.3667766038161062,36.813806297925225,0.18527540679047635,-0.699969775080838,192101.69332468248
8,2.8142501299016653,3.8419834078783923,-5.0,22.74035618662533,52.90220708869732,39.42544599602051,22.736530510306984,0.0006809329309465855,0.27676729943596,53.082932520410324,0.0002542744808494905,-0.375493487015774,34.04841948115815,0.029582619726019683,-0.8633483260818657,192101.69332468248
8,3.829334475314293,2.260295866611214,-5.0,19.77865018497202,45.673862558360945,57.91850335469107,19.839200888577416,0.016259835058044157,-0.01879586067479977,45.67712908133795,0.005209587299663999,-0.7300855126377428,59.27974796935262,0.1713498377435,0.6273139795450042,192101.69332468248
8,0.7678086384606961,3.256775308588131,-5.0,11.115595993406611,88.30730578310134,45.398099097157264,11.145986347251887,0.011447869013117076,-0.9056103750071998,88.24262158236473,0.0036150950308814207,1.3079626656199252,35.10240607616939,0.19233545809804872,-0.8010789894294419,192101.69332468248
9,0.6277593624724123,3.4578535664479837,-5.0,12.40330117869079,90.22759195880991,47.69852206497902,12.42709155785763,0.0032991048614011333,-0.7167614301029062,90.14716967156305,0.0036690802247820145,1.3133657159633003,34.05864838991562,0.22886449399767952,-0.8911863658972763,192544.856960646
9,2.1602309234356527,4.774009092814631,-3.5984878239085942,27.45205391353941,61.46156645308457,28.691184703833457,27.236265681962458,0.011094983747407007,0.7851105442005064,61.49882356433865,0.005126243709463207,-0.02714952682981675,25.653992972898646,0.29157581682998257,-1.3938804957140505,192544.856960646
9,0.33998954810939647,1.2369964562401627,5.0,1.6962336117464583,107.5214612038652,73.29564002744722,1.582206135507537,0.0344354999249229,-1.8165951780124487,107.80720790651353,0.0367417837549381,2.139715354216605,70.85442939403167,0.7648539449604328,1.3096204721012974,192544.856960646
9,2.630099782639304,3.9776866191965308,-3.457653903920062,22.80767197276121,55.41603483598084,38.749015160283804,22.813511384855097,0.003485977261331087,0.33657704244069464,55.541668508572684,0.0018115397752533962,-0.3058971070931875,29.041562422971204,0.12769845859003687,-1.1912652554211274,192544.856960646
9,4.0198330207892035,3.4112879893145625,5.0,27.71330952879472,38.257362550226965,43.84493293474415,27.63818017881496,0.008102869984701435,0.8258706915139555,38.32604819542031,0.0045990002006998446,-1.1114515135341207,37.616774509358294,0.269339200235886,-0.678369893996468,192544.856960646
9,0.5314264930157243,3.0004440108527692,5.0,9.331967903885587,93.63790203432251,51.464676331483396,9.4744829639116,0.01162032400681187,-1.0162001470207542,93.68905437744664,0.007615146931928874,1.479097811585234,42.4064907601299,0.34410558039800093,-0.3918903034262371,192544.856960646
9,2.557954144454222,3.2531935050918817,0.7941642723091524,17.160713491318074,58.37373913794206,45.62687172947581,17.110310338117223,0.009268450434816958,-0.24181293016226846,58.49450979035763,0.006378106224894999,-0.16772756903446862,41.57828530444978,0.3005638148790558,-0.44142642361144624,192544.856960646
9,2.3194292493185475,3.0245238366427456,2.8712554988161623,14.501784491914401,62.80288197258732,48.04760012389095,14.410424705571803,0.01084496012241968,-0.515621755108441,62.95580296424976,0.0073685436334172405,0.04102554640849121,44.73057864503358,0.33032791211084767,-0.25288337465270416,192544.856960646
9,1.322984771384426,2.7923780494822603,5.0,9.582823321973663,80.11544628643608,52.89944462778697,9.595549303146724,0.008432723437334099,-1.0039222076566148,80.03509972889103,0.0041276709310162476,0.8402010926511139,49.26360221138609,0.25263138604303775,0.01824306945025711,192544.856960646
9,0.4764645260907127,1.3315141983415082,5.0,1.9427962064460618,104.20999935581592,77.09673474005436,1.9635420896661913,0.026866559645752693,-1.7779220030233773,104.38773939170594,0.026730849576744008,1.9797113648346567,71.16319642775342,0.6721320901244517,1.3280882578261703,192544.856960646
10,0.5876952708486145,3.2454393332660847,-5.0,10.828683200658306,91.64966847158428,44.65146132671985,11.015199228041686,0.001991620985981498,-0.8114951737743468,91.5992551221173,0.0009241211330770909,1.3016578245296841,35.987571304412285,0.08186402362532387,-0.7964325245309709,192995.4942217081
10,1.7858775900548163,0.0,5.0,3.2486190264098638,92.49321939145571,99.52140937600727,3.447860545110238,0.09898760398614537,-1.5770226758486388,92.11336333176692,0.09527821814425369,1.3252815285186443,65.6648991590148,0.897786473216093,1.0032940491404663,192995.4942217081
10,2.4200001225941583,3.6112482208693604,-5.0,18.862324434431912,59.4073329737796,42.788677082548055,18.90931399450817,0.003522780629440284,-0.01291033285906451,59.42003141164697,0.002823741010523532,-0.17700452954704815,36.29491345178265,0.23460597628256263,-0.7777943293221021,192995.4942217081
10,1.764985086291786,2.2969192076347205,5.0,8.375315703139464,75.09228926354291,53.393941263228186,8.261206793433914,0.004369234598824666,-1.0900946970059522,75.1091582277117,0.0045689934124611645,0.5439240236082696,58.556701719604376,0.32436980120642706,0.572230582601776,192995.4942217081
10,3.2761417639349535,4.349743383440147,-5.0,29.600713152727607,45.78037960700346,30.531710701410017,29.55483983304594,0.0037743700197770996,1.0640128953591557,45.484888991619385,0.003439100715394233,-0.817336026682824,31.547176994169494,0.26889013830499,-1.065712012120823,192995.4942217081
10,1.1519201516412834,2.868814146741419,5.0,9.627342998414816,82.85716005654123,52.33054641018166,9.55209547457416,0.0029658574003831903,-0.959505750358403,82.7535869032157,0.0016571352080372533,0.8951919411501876,48.344988519919546,0.1621527397728724,-0.04703984828824659,192995.4942217081
10,0.22760475757667376,1.1081095485720405,5.0,1.2873363709729264,110.56144301984972,82.52006768351009,1.4701375366585765,0.004796982311715844,-1.7770931917712005,110.66500135880179,0.005691432880756769,2.177744875796634,69.44197831337503,0.2927974193724117,1.2323480178220958,192995.4942217081
10,0.29446800944070844,3.2046675094150596,5.0,10.338602589076192,97.44506308891603,46.1136445040161,10.438198693239352,0.008021069634530979,-0.8698657313257172,97.28428934275502,0.005051898218468296,1.562889921342503,40.12541159941467,0.3352355521842658,-0.5455008647464687,192995.4942217081
10,3.682215855831182,2.8360023794479754,3.0552046524845125,21.5984753707062,44.55065049034939,52.54709549811404,21.637811762371484,0.008371189167822186,0.2631100975941081,44.27997877145617,0.005313501847845687,-0.8727026632004709,48.031996297130945,0.3469721556930781,-0.06602068185469534,192995.4942217081
10,3.2467939802050774,1.9292200717082642,-5.0,14.3525354483939,55.01086471893404,66.73037304866939,14.323765377054592,0.010874378658560176,-0.47679383614104154,55.0790060144538,0.005450021328585771,-0.37647829220441054,63.63016384028817,0.23396333403551225,0.8799012948655154,192995.4942217081
11,1.7673121763704374,4.416987308798161,5.0,22.6147025468017,68.06947660726199,28.614179190905155,22.660331248474094,0.002867681043859672,0.418310323667356,68.15866275717971,0.0022953315586760844,0.17552819828415522,25.779326090683767,0.1512194434446448,-1.4204448230035283,193434.12254912665
11,1.127412201446658,4.174271268609992,-5.0,18.713672383531172,79.37943591850124,32.965454011361125,18.703548207559216,0.007592299008721167,0.018719185465670307,79.41452805447528,0.005419515937809238,0.6862007505214933,30.25107011863599,0.2784987575196671,-1.1558649327316743,193434.12254912665
11,2.868252149939172,3.982593995893169,-3.9049491237883336,24.041441788339363,51.911855823562384,38.91415262617298,24.103819365995804,0.0007161295682717858,0.5640865903710619,51.97152032537875,0.0006154821978019381,-0.5588737442358251,31.111291090330884,0.03789179682815369,-1.104968197838553,193434.12254912665
11,4.584072101512646,4.054709672366453,-3.054787719465171,37.51186414803542,30.234063579573917,38.169503493957954,37.37330832341243,0.006013535924113918,1.9041575876989327,30.11467510077148,0.005624254410980654,-1.5505070518402135,32.247543913197575,0.25746830001166565,-1.037739473359701,193434.12254912665
11,3.2618137687025275,4.631291026792616,-3.930911161540373,32.08796482289095,45.49048304480697,30.023991691575795,32.03340243764167,0.003444685379056009,1.364886404841343,45.548324878483115,0.0023306144412440994,-0.8502906656140112,25.1009861929925,0.17744664289507492,-1.4605801917939383,193434.12254912665
11,2.8547933912188372,3.095737036201072,-1.5878870858454452,17.744100467647176,54.65397305567723,47.120090024651844,17.64837306424563,0.0046675029674864334,-0.08784178392761532,54.71383883544165,0.0031092974766945827,-0.43445622895887936,44.532918307115516,0.19656317751022356,-0.31085014589075755,193434.12254912665
11,3.7871431786757226,2.1526787503450215,5.0,19.0511497935075,46.62504345125401,59.055261643888315,18.931965870781863,0.002405978645577078,0.041786832361822235,46.67555776952577,0.0026148262055644073,-0.799148715863339,61.15850207721351,0.12947358298184666,0.6728365548912674,193434.12254912665
11,4.45778495759761,2.9214830368031377,5.0,28.47683585207668,35.124028273088726,49.54466418954487,28.52854237262696,0.010861953315885827,1.01093446758955,35.08039218422301,0.009170231045058218,-1.325215139604552,48.039817557223614,0.49054772251195755,-0.10335727219580537,193434.12254912665
11,1.7954270491608444,0.538754025171771,-1.6670149627637003,3.42585081051355,87.14664447040585,89.76269576225333,3.6016380196206086,0.030328093573893312,-1.5064060030063047,87.0109264035542,0.03047765154912539,1.0308452563212995,89.1970226598186,0.7081157621223402,2.331793027524597,193434.12254912665
11,2.045200833772323,2.150084485838902,5.0,8.799132487765979,71.29427064010254,59.1768670519377,8.734719639032958,0.009298598559310027,-0.9880217738045758,71.38846237400416,0.005108076902973009,0.32206246908208414,59.646604628893236,0.42314685044292555,0.5833820471022655,193434.12254912665
12,1.7546284255190838,4.569752449498806,1.405129281486916,23.96742224233403,68.21571697969702,30.639441882916707,23.967073936362816,0.003853952571469805,0.5284949468696141,68.18898870862424,0.0014839428806961079,0.20426041361497482,22.781168331311495,0.2303897460003119,-1.5804515902024807,193975.3208888624
12,3.0150842351490232,4.706136297142107,-5.0,31.323892095015662,48.85227846153265,26.52970393533476,31.079175387331645,0.00525344338857445,1.2459426882032858,48.88537532829663,0.0017302874452207425,-0.6797158947410935,23.45949124785485,0.2452793142607414,-1.540474698730753,193975.3208888624
12,2.8976229777560887,4.3237666077069905,2.8863507884871034,27.05341912713053,50.874274133761276,30.474967884916136,27.24675909119445,0.004114532905977249,0.8593398768584848,51.041136291854585,0.0026801593884212714,-0.5809964694853988,25.929620471928338,0.28625655169812275,-1.394897886413787,193975.3208888624
12,4.891587315456054,4.06068499604456,-5.0,40.23271295506433,26.923357276677276,38.255213573391345,40.594561202000364,0.014982456802659442,2.2058266420131076,27.104964705671662,0.009391135908189045,-1.6771129414664756,38.90069495458979,0.4968652220577022,-0.630448942970327,193975.3208888624
12,4.422460927323816,4.31768093468629,-5.0,38.17410461782025,31.511797305623922,33.84336106460774,38.108067020733095,0.004859864646448388,1.9549964694560913,31.451310991194923,0.0034369843409892513,-1.4780793683930824,29.115232212956812,0.20862993607494756,-1.2071541853884402,193975.3208888624
12,2.096042527114591,4.184521608935286,-2.938786258171735,21.930226044504565,63.03624647805957,35.554548432396494,21.949712852436726,0.007958968996161237,0.32498953245794837,62.981332378523845,0.0039293904099763,-0.03421539540431695,30.54151751346669,0.37422386124887125,-1.123096207579342,193975.3208888624
12,1.5741709594377236,4.227948246157152,2.6439530858176354,20.36246169804646,71.59529071540567,31.19274657341728,20.33523319541491,0.0037139566562807485,0.16212560379426577,71.6329053285439,0.001526338267699044,0.36196874728193507,31.27988866740916,0.2207761300772535,-1.079580379399113,193975.3208888624
12,3.4493337630028877,4.061217885340581,-5.0,28.46538202248,43.799691752563604,39.86654878322023,28.329645044116305,0.004879642774076342,0.9685782062610997,43.82955412430312,0.0032188913367367797,-0.9112386711021827,34.164625321908964,0.3288509030161885,-0.9095687207202001,193975.3208888624
12,0.17875184681749118,1.5687107535283706,5.0,2.4988615532365497,108.20060254786486,69.15099651167267,2.633819364670675,0.01568929098860449,-1.6235406242303725,108.19359148820314,0.012504085819457214,2.036203500414558,66.0430877438067,0.5595348949911042,0.9691851904994628,193975.3208888624
12,1.264150919349165,1.5728660030975776,-5.0,4.109181337952193,88.07235464195531,70.5234869903811,4.248719404593313,0.025573292916309314,-1.4606342885840604,88.05069392977555,0.007258431651363002,1.1137935933948029,69.39374096017977,0.6167763729424341,1.166655593936408,193975.3208888624
13,3.197959274711436,4.802402226326902,-5.0,33.361146495379394,46.271800169609236,27.443341916307837,33.10544505441083,0.002284580872901122,1.3800362641532047,46.31471714249565,0.0012786526816738121,-0.7794807041682361,23.591674903612397,0.10148179380963628,-1.4920796662301345,194491.6930619822
13,0.8237434044505189,3.7877404606117815,-1.566743719980035,15.063917706805764,85.63711559732842,37.838705720479126,15.00855685634496,0.0025563209117044033,-0.4020326552595179,85.66731327895775,0.0018766644902154766,1.0085840170613665,36.710226247179634,0.14729333380249057,-0.7203559642088493,194491.6930619822
13,1.1923419049651718,1.6722580031797234,-5.0,4.1722700901007075,88.68864601855874,66.8889971890813,4.292389751441691,0.005849053660869098,-1.4572940971090702,88.67512686619246,0.003063396758501336,1.1452501049789134,68.29887306531677,0.23276797586174777,1.137906188821443,194491.6930619822
13,4.7984876681141095,2.095708051515697,-5.0,27.466407883251936,35.45442192449006,61.01492472995181,27.48201938671722,0.021687594835966984,0.8262763031398208,35.69195997833458,0.012511041739349143,-1.2621471402417228,62.540720301956156,0.5659706644275772,0.7991719146651932,194491.6930619822
13,2.450941201100373,3.770472734277801,-5.0,20.262625147518477,58.44913451518631,33.289782611506865,20.264074064388613,0.0033125785475985967,0.11549797041425336,58.546373963549776,0.0017343716196166477,-0.22371066124469507,36.8389417265079,0.1795189518700706,-0.7127840316369376,194491.6930619822
13,1.6051899779276477,0.6966298179459638,-0.10660352295252551,3.081105178484438,89.04870657499005,86.518871247176,2.9413164316328526,0.01718565087151808,-1.5903393889143445,88.94017906999014,0.016004977394072886,1.1572932874223625,88.5799900579989,0.4526097194244228,2.330981420744381,194491.6930619822
13,2.8266919555380587,3.9741030199123797,-5.0,23.75205695355045,52.44125073116717,37.76793839181466,23.787693997400964,0.00028003915610265884,0.462482131321849,52.56942622500695,0.00027233068347609624,-0.4952853587528807,31.695890016937692,0.022322693394629497,-1.0153338178938363,194491.6930619822
13,4.531287438706183,4.211773331342885,-5.0,38.19036165004064,30.479824091387528,31.438360555374484,38.19977818472975,0.0016458035052345048,1.881694485020489,30.476345749340908,0.0004386597995893801,-1.4991291113947227,30.607927030505056,0.05632663045820639,-1.0793353072018486,194491.6930619822
13,2.798489936462288,3.1334368094811116,-5.0,17.654412234941628,55.28202835570418,44.590054607221155,17.59769088297515,0.001548049698790146,-0.1470708504148206,55.33799440059801,0.0015519942656842063,-0.36948986953211715,44.44629261846746,0.11810696657628984,-0.2652671649368097,194491.6930619822
13,2.281283842597479,2.0679959905059255,-5.0,9.48825615062266,68.19678350235768,60.882995759075555,9.476159921143493,0.005240987102264548,-0.9468286732362685,68.16610312449082,0.0019963450311081313,0.21338117078630603,63.82296431673016,0.1935454823092018,0.8746023545103103,194491.6930619822
14,0.12345206496132577,3.321040897442656,2.8699216203741233,11.030066303884826,100.40865885289863,43.21177593025524,11.039292902198662,0.01024382864770514,-0.7883576139944353,100.33883573890428,0.004457441171873581,1.690417736877862,25.056680565743346,0.28198472548688247,-1.3985057268898338,195250.05092443692
14,0.8519266411873705,3.329030713832912,1.8480585204047877,11.79140934790686,86.57865813715146,44.69260259008381,11.656213401921715,0.0062907738573383404,-0.7280341779573973,86.46494091702381,0.005210778729003327,1.0571422175489715,32.38623065974553,0.2566355690284799,-0.9693728676629689,195250.05092443692
14,1.4710253110840432,4.944019412105249,3.325136593236145,26.583894320809687,72.74674250845437,24.314278717759958,26.352420881611632,0.03190023332017036,0.7089836100494722,72.92149980312338,0.021963447630305943,0.4389502955964417,24.59838193893355,0.5709365117131461,-1.4253383424774633,195250.05092443692
14,0.7937533103079537,2.828610015781763,5.0,8.695402126335074,89.48332839889235,50.438753367061075,8.630594675217761,0.0022945103916975503,-1.0238838341363135,89.45252078874437,0.0008794290807564866,1.1935106432210887,44.85643860460605,0.06286053711789383,-0.23926311714627246,195250.05092443692
14,2.492172147511542,2.9357453121231893,-5.0,14.897504543496762,60.697126096528606,53.887053878453926,14.774910062771694,0.0074315632090414556,-0.42308321811060523,60.635143369301275,0.0021999669721071593,-0.12186185205064248,44.67801372141853,0.09123433070854772,-0.2497095946650134,195250.05092443692
14,1.7180734585185786,3.3719615515535533,-5.0,14.366268971973993,71.2680960728445,44.365790058321366,14.221335105639412,0.008232468757585293,-0.47721262949062293,71.27367330493013,0.006803068719295323,0.36373506621748675,43.43925394765663,0.355320775535695,-0.3222369008150423,195250.05092443692
14,3.413307628636235,3.907952413026279,-5.0,26.92323734759097,44.57061780970909,36.69680202457871,26.989224235167427,0.006361625517816372,0.7712512221382894,44.76747128496283,0.005228400590671703,-0.8461435630451888,36.15256286420512,0.1998727296683023,-0.748860436890368,195250.05092443692
14,2.9140769968328932,3.1823303450218576,-5.0,18.531324586998426,53.5882369519707,44.534862549322945,18.5839348068008,0.005274571671492941,-0.05063091572628764,53.51654276310485,0.0019744451438662904,-0.44679119263309985,43.11920870118175,0.15450842793909889,-0.34097501296930943,195250.05092443692
14,2.3489430204762547,3.7700374260690594,-5.0,19.752775778634227,60.14678647422929,37.299237373643685,19.658726646073635,0.00477660116076851,0.054463884654978756,60.05026890562506,0.000834342370108408,-0.14855851398169762,33.11317539812716,0.039133186922366246,-0.9268114730233563,195250.05092443692
14,2.799893266163253,4.041668186638195,-5.0,24.146146666428223,52.77837726627721,32.04320585159346,24.124045098512752,0.00047925142175766334,0.4910895960256312,52.684599797151556,0.00042624346124483934,-0.48476532466884237,31.391669196033938,0.05391546547453066,-1.0276027725173833,195250.05092443692
15,0.7330373586672503,3.3107174544182296,-5.0,11.49586266310393,88.72583537894214,47.26907964349405,11.49460808955314,0.0019022167076908699,-0.7494969704366667,88.68192765927934,0.0015337478879648841,1.152698590347427,35.47610437219323,0.12351309107390955,-0.7738241173165008,197612.62569317315
15,0.5366190372260882,0.8225067979195672,-4.171810887363274,0.8815153707012581,106.91760308376315,85.4663432024526,0.7252004125957647,0.06791230391471317,-1.823174037069748,106.78354309390465,0.041421762331066425,1.9870963228531764,68.41744051816869,0.8665036477051371,1.1900636544911256,197612.62569317315
15,2.586882080409622,3.77975948751076,-5.0,20.912995540011988,56.457675536960025,40.222459882893624,21.039715497889816,0.0022023256594601564,0.20212109717613203,56.227950505581745,0.0005481245961135132,-0.3432742439908907,31.11238975207548,0.05671164283003577,-1.033978888942375,197612.62569317315
15,1.4848964624152923,4.91885140257937,5.0,26.469076046437564,72.5026936664779,21.844323241030636,26.367501009404986,0.003056127656413154,0.7332850470647827,72.56496398670767,0.00427171748250908,0.4097837940498721,24.16735678257326,0.16320486796169253,-1.448026007831709,197612.62569317315
15,1.7359221925366604,0.9853264861459354,5.0,3.8970501169248837,84.44617643889964,76.32521303026074,3.8955533668411544,0.03291433909457714,-1.5070995265477904,84.76352163909755,0.04927271060822266,0.9720788489721599,67.21716875446026,0.8869237433814555,1.118506173363241,197612.62569317315
15,3.927240469833271,4.2356838917922115,-3.763704576005801,33.35219529623545,37.47845408438924,32.166750143690265,33.39391062517477,0.02328996434680832,1.4337966342864092,37.44074765347578,0.003985151528142723,-1.2092742712557083,31.027103023544083,0.306016178206441,-1.0390634903233895,197612.62569317315
15,1.6531927595121734,2.303818252833193,4.007815686212563,7.984196018672341,77.01723389965588,59.205075304365415,8.058955456569649,0.009910737779596827,-1.092021048974857,76.92631008772139,0.0023081847344178855,0.6108209506783169,53.47843465533499,0.12654777411922077,0.299433996757406,197612.62569317315
15,4.665938080021347,4.254459835486196,-3.588080801890665,39.9056897718717,29.025526746589893,34.17534154878706,39.51946662654675,0.010837172723693006,2.0444958664384103,28.977384104011506,0.004902780396758169,-1.5993947762763128,32.26621104740253,0.23767640077033242,-0.965190679420374,197612.62569317315
15,2.794790234708361,2.9969480099018058,-5.0,16.727587380143206,55.90513991542032,47.051792487062606,16.77837250281088,0.003122995230228812,-0.22272178964885825,55.88741561569015,0.0018382945762140364,-0.3589712706452701,44.114541787089365,0.15778716284579744,-0.25882006491674225,197612.62569317315
15,2.2314850148749854,2.3807489873492873,5.0,10.74014438181448,67.15773843925125,56.56177508056355,10.602740188229614,0.01729992784215726,-0.8384134773459664,67.17371423642778,0.007198477041195387,0.1612730142660439,54.517700136714396,0.46810488492321084,0.36139264838884966,197612.62569317315
16,0.7145889346553324,3.2629468122961165,5.0,11.080998852573991,89.19798413311368,47.50229783101281,11.368991323269132,0.007579911831059073,-0.7408052402306566,89.2595328831079,0.0047413849259783205,1.1652826567615193,32.71843485252853,0.27574960980070207,-0.9363234010240946,197965.4286596519
16,1.6571855005680103,4.858015598088845,5.0,26.372405471074167,69.62653667834425,23.437410381656964,26.31372760927621,0.005513978639871682,0.7277269787919067,69.57833277096844,0.005623572045487779,0.2607883827040496,22.77148372787084,0.25034055607709566,-1.5246737858274209,197965.4286596519
16,1.8781918351104903,2.3059633987012136,5.0,8.863695145812699,73.24051751504258,58.17811312774653,8.832102323446753,0.0046763344164546545,-0.9900905511940437,73.11214551004223,0.002143298508564686,0.4231927772466406,50.33330594405875,0.15154182780405234,0.10557537329198396,197965.4286596519
16,3.038568065678791,3.8993437712961265,-5.0,24.438196301211086,49.660166896356586,41.24936389719223,24.58139813050573,0.006622062474517242,0.5575010474103692,49.73448425901651,0.003531753315629688,-0.6511807681636128,30.5055648126162,0.26924316841081,-1.0672120445074995,197965.4286596519
16,1.401639133152178,1.030630049990309,-3.28947539572025,3.0567402645216646,89.7541593927692,78.13898044447464,3.095705746828301,0.03110191748104335,-1.5537728425799742,89.70570035168112,0.032232395682969185,1.1857872966359082,75.23101818738873,0.6751987863772533,1.578245581027602,197965.4286596519
16,2.742204804875973,1.1318897216750812,-5.0,8.77529021754291,67.64036525651392,78.62626302810695,9.104984947558142,0.1128824267106396,-0.9632759645830902,67.37469185604888,0.1073673540475959,0.15951505697864832,58.09717934191913,0.907607174662053,0.5647992946674556,197965.4286596519
16,3.464861790642892,1.3826434296243442,-5.0,13.951963342205246,55.889578384073104,69.30648390133922,13.928239084574932,0.07851341565645131,-0.4893228639602967,55.35546554941057,0.09956987773884528,-0.39285580003274845,58.273418650107594,0.9022155737180807,0.5752236411320837,197965.4286596519
16,2.1614187280242754,3.0629385996439233,5.0,14.047154091784348,65.18677117945742,45.57829297446643,13.945024290118798,0.010505852613998692,-0.48767347954344586,65.07133297866007,0.004769156961133428,0.053658965692193306,46.38227571878604,0.307045522225566,-0.1281233876928063,197965.4286596519
16,3.6138489531616473,1.4393893391752304,-5.0,15.2611369498036,53.520254975532865,68.20363101756399,14.946153532926989,0.07150225192579139,-0.3892983379328143,53.03035213464723,0.09203578430495349,-0.49971167051853627,58.70619567980528,0.8976691511093977,0.6008218901599172,197965.4286596519
16,3.1966348508608005,4.736433487456381,-2.4491769144510984,32.69922861561873,46.27909707341535,27.47324771361394,32.52919326086465,0.003313943902871682,1.338484598793002,46.367493984794606,0.0014963255892608072,-0.805918457252119,24.519424583263145,0.10092266728691504,-1.4212851532710395,197965.4286596519
17,1.048984711696939,0.0,-5.0,1.1234667814238755,105.11007196389575,98.53858678431693,1.342458097461357,0.12593105109722955,-1.7180136889052164,105.0624362743367,0.10980795787629799,1.9157299816236062,65.33850865109653,0.8777243974856437,0.9670278856920618,198366.16734097467
17,3.1074831096040736,4.74542743123877,-5.0,32.207117325591156,47.6173986945136,32.54001871194716,32.098557071907585,0.0015035648121630018,1.319462343590203,47.58501345489162,0.0008001633848974143,-0.767144646959423,24.069121747636235,0.06404973020175327,-1.4516696358500738,198366.16734097467
17,0.6713206351961076,3.79215781636524,-5.0,14.753063590742236,88.45552528069612,36.01475754930768,14.785622030283957,0.005827252748066334,-0.39036520263971397,88.3965897973,0.0048313454833533356,1.1378179862031175,36.57032446307602,0.29010335748149985,-0.7190048134997618,198366.16734097467
17,1.607715079994172,4.847040790187862,3.6946515428249764,26.147871486320106,70.47295510177518,26.307211799656734,26.05989209372204,0.003637810825158947,0.7230830643211448,70.45766913751022,0.003250051710186791,0.3004826858104934,22.64516002254724,0.11640392598140116,-1.5351245391976889,198366.16734097467
17,1.782663151096798,2.2350256100607933,5.0,8.157019436428993,75.12363002692432,57.757974612623315,8.171945584929295,0.003145574480575249,-1.0435326835395244,75.03870043244882,0.004654630346107308,0.514311560367787,52.41332645465474,0.2483200481196852,0.2095146660955507,198366.16734097467
17,3.0797613529074708,4.066273704863913,-5.0,25.982316615364493,48.71078538480438,35.158807113959085,26.028608908839413,0.0050340174134069805,0.7199935332209861,48.74462478595766,0.003099568495326288,-0.7130174494177481,31.407353067415368,0.24686717071558983,-1.0215939008464971,198366.16734097467
17,1.6038175629764666,4.036896836508933,-5.0,18.806570088304987,71.47844220152908,31.56673451427112,18.802129118508617,0.007833686287614975,0.006305520294517919,71.34539763121603,0.008172523470214629,0.3419192035944434,35.346509728355315,0.4486639860698385,-0.7907295927561151,198366.16734097467
17,2.964833341986502,0.6847777734805277,3.2957194977697615,9.230397762651544,68.10363022264444,87.1670700073433,9.010668361510445,0.12916248484420775,-0.9607003212854579,68.01374664678158,0.08261865329439462,0.18640767473708308,59.299148028271475,0.8871015135780752,0.61307577575894,198366.16734097467
17,2.7273366555763214,2.8049460776430535,-5.0,15.28344978335715,57.78465988726556,51.25325715219254,15.180188687908856,0.0075291239077401135,-0.3513977520942717,57.71393063834887,0.009332806525013742,-0.2943570097704651,47.45528980153868,0.49096201280731855,-0.08106369875050845,198366.16734097467
17,3.9232031363138247,2.3069560827754017,5.0,20.667654701866418,44.11244947587216,58.088153993284806,20.847738198441345,0.008012523125657587,0.20833011897047982,44.17864009650694,0.013082051192009706,-0.9261439933184192,56.695590468259866,0.457979655311831,0.4604876543913221,198366.16734097467
18,2.9108811309475064,4.589179867122611,-5.0,29.500102910423248,50.415340386857316,32.69960086512805,29.31757281608887,0.007719812957190201,1.0578878915966925,50.230754713496836,0.006421145606962592,-0.6569735740977194,14.169030438145192,0.44657353380310616,-1.99328052315715,198615.6034274816
18,3.3909992127459017,4.791677275466196,-5.0,34.47437137631636,43.69618514853072,28.100663745530937,34.514317617574875,0.01091635568081942,1.5736868995600162,43.52850583809885,0.003574701210533745,-0.9718715727249219,16.385686245659258,0.37615485893034384,-1.8663375222873988,198615.6034274816
18,2.4444368157605196,0.12778804417264755,-5.0,5.970442781603006,80.86400364978815,98.44318215171593,6.170413739496148,0.16772546213897516,-1.2395660232966748,80.44805321554563,0.08493533249360409,0.7627538933713112,61.60884284345859,0.9196105077096636,0.7234931532135853,198615.6034274816
18,2.9622646804772352,4.492756107244171,-5.0,28.867718777283372,49.70797294102272,35.8419950516461,28.629094271286682,0.010405500305932534,0.9895534699580821,49.61177617082875,0.009681467210740492,-0.6860556192295917,21.55411203173305,0.5506326319340709,-1.5703531494168956,198615.6034274816
18,2.9144480117410487,4.565922470976203,-5.0,29.332296279098955,50.46218247750441,29.495325727309627,29.081858510001183,0.008528684056982393,1.0344922449203295,50.20193966343336,0.007552698894690471,-0.6583274184213224,15.399381670376187,0.4926915526535431,-1.9228210151840308,198615.6034274816
18,0.0,2.195233688501097,-5.0,4.840735269390254,107.90692158926478,61.39902339070975,4.756744417953783,0.07198910397992514,-1.3798787116224958,107.75204073319102,0.03963669037737592,2.04560255860207,60.95719652398048,0.7715803928474894,0.6861748022906013,198615.6034274816
18,1.7443973474932573,4.8154337763162856,5.0,26.177281298634675,68.22049369138972,31.490623600224776,26.116265229184386,0.0037750755328105983,0.7401445078849065,68.18509966449635,0.0017283366929438475,0.18659213001774333,23.479581834728123,0.16261742956000347,-1.4600857303400474,198615.6034274816
18,3.722621333539622,3.907331848141187,-4.7010898903227325,29.188621876315686,40.624165345488315,36.637043289868664,29.130215651351534,0.02210388052417834,1.0392918967195328,40.63049736377012,0.007417694946304715,-1.1080314028858993,37.650667530570075,0.6695789156634715,-0.6485388326599626,198615.6034274816
18,3.7658501806332714,4.228287472236197,-4.773396453010986,32.09287397061373,39.3478284054765,34.23254647175836,31.9163562104035,0.011013220939619645,1.3158281884370808,39.410403250615644,0.0034116570306779183,-1.165356220497415,31.940755935237004,0.3000406098380955,-0.9755329064153528,198615.6034274816
18,0.7730324785668428,3.790045522049458,-5.0,15.068417231436351,86.62468260096088,35.00996449700649,14.966855575623466,0.004903617383629423,-0.36648178575933343,86.57517576396671,0.0014273734491346618,1.0506301963423539,35.860886962711895,0.13533467017970677,-0.7510356277925752,198615.6034274816
19,3.2019433647254396,4.696058272278072,-5.0,32.30259551299131,46.31747590420633,31.563563803959177,32.11028811948539,0.0013703237161104109,1.3021232519308796,46.21958965806074,0.0012206446560507095,-0.8380820018355735,19.173876738785747,0.12963343816781436,-1.665230146235837,198852.84126531053
19,0.9254895876509894,0.8916365928444953,-5.0,1.60470035238871,99.18776744560533,84.85730133268773,1.5820473133572115,0.0677814463051673,-1.707879936831489,99.39038238306344,0.02278828702059726,1.6551790906836459,72.57230514192034,0.8241267291970995,1.3521555404352927,198852.84126531053
19,1.6106786282084575,4.479521365286855,4.399881654241291,22.71274250017331,70.73798006008346,28.686285970325553,22.737427929527943,0.0019029437902667208,0.3779842149401702,70.66559825903279,0.0028798210999570503,0.30822932790943014,26.415407267966607,0.24995301526155575,-1.2560328866576942,198852.84126531053
19,1.9547728251009415,1.0613461822286552,-5.0,4.951666071936154,80.30064907241882,83.8540981515422,4.8509158912334325,0.054948167680549366,-1.385578206262153,80.1818853051156,0.020969872460187326,0.7544628147779804,69.12630203344536,0.7656323487859308,1.1574321980695412,198852.84126531053
19,0.7522170385382826,1.1392774307979296,-5.0,1.851061913578963,100.44453832852234,77.98955303867555,1.8005428347476524,0.05468069498142227,-1.686336860691199,100.71724289166198,0.028110365510743397,1.7173976417291215,68.89498767702892,0.8616434136495854,1.144361314729995,198852.84126531053
19,2.362779788695795,4.695653591425733,0.8766406857314291,27.654921568969872,58.38632040643729,27.892453757459243,27.695920224234165,0.023683851076454834,0.8668783413099845,58.2688045544478,0.006283939441945608,-0.2730755921711534,27.151399032397553,0.51520212102752,-1.2144441904748042,198852.84126531053
19,4.802655459992817,3.081230685393616,-0.42248104795367514,32.52363255873079,30.610657531682108,47.817283750950274,32.67225607702987,0.020732798395831305,1.3575317949561168,30.80292448280531,0.019701451023768655,-1.5609933877285584,48.13226655033485,0.7375162569517365,-0.028878037392086497,198852.84126531053
19,2.3932877977942626,3.699664371087228,-5.0,19.442008846845884,59.5785020443965,39.66856543774372,19.417780393232075,0.0021446625673900116,0.05067581439152491,59.50312602209958,0.0031084195201120293,-0.21519634055130155,36.99821334386848,0.24511875990579388,-0.6580301264047712,198852.84126531053
19,3.9759239310686825,2.261590827988429,5.0,20.86624679080143,43.86274906751446,62.3575060137952,20.829081178641186,0.00616571817344858,0.18982631085680168,43.704796479723754,0.004829100207585586,-0.956004561683585,58.67234732073843,0.30905015722076684,0.5667104434686436,198852.84126531053
19,3.5146260282206137,4.437184734866862,-5.0,32.07185053357604,42.29043178094772,32.95082363167705,31.937724593312424,0.004941351911395079,1.2851089481148392,42.385733785164184,0.003918008784204297,-1.0178574611118165,28.36870636258008,0.3134219209782487,-1.1456577893724642,198852.84126531053
