iterID,x1,x2,x3,x4,x5,x6,x7,x8,ParetoFamily,Pareto_f1,Pareto_f2
1,3.874676304365383,5.0,5.0,5.0,5.0,0.0,5.0,1.194105793336764,3,90.17496392940181,4.067976887353595
1,2.8702373252001188,5.0,5.0,5.0,5.0,0.0,5.0,0.8475431298737233,3,79.99135114598343,4.102048890477729
1,2.051889051661746,5.0,5.0,5.0,5.0,0.0,5.0,1.0706190406935194,3,71.22021243779687,4.082041112088508
1,1.379402009624369,5.0,5.0,5.0,5.0,0.0,5.0,1.2539342186780236,3,63.99000053512363,4.0760867833633725
1,0.8319600310202195,5.0,5.0,5.0,5.0,0.0,5.0,1.4031630029828832,3,58.19710277751978,4.078301229009789
1,0.3556259783843605,5.0,5.0,5.0,5.0,0.0,5.0,1.3121676441770087,13,53.30966556062708,4.08430182336831
1,0.0,4.982108582490374,5.0,5.0,5.0,0.0,5.0,1.450088498011136,13,49.384681254482786,4.115043431936623
1,0.0,4.893038010288035,5.0,5.0,5.0,0.0,5.0,1.4770284135894394,13,47.68813363052781,4.257439752892395
1,0.0,4.819562948351351,5.0,5.0,5.0,0.0,5.0,1.581893997092105,13,46.28582520334177,4.3854841435538
1,0.0,4.713449965767359,5.0,5.0,5.0,0.0,5.0,1.733341298292985,13,44.2785669972828,4.58738784672844
1,0.0,4.616894224753332,5.0,5.0,5.0,0.0,5.0,1.8711482474139476,13,42.47444075581984,4.788489783673629
1,0.0,4.557337581490055,5.0,5.0,5.0,0.0,5.0,1.9561490896404639,13,41.3739148963659,4.920747384761992
1,0.0,4.49506331409866,5.0,5.0,5.0,0.0,5.0,2.0450285980759526,13,40.23424468997993,5.065702284851039
1,0.0,4.407560484680016,5.0,5.0,5.0,0.0,5.0,0.6627989686354709,25,38.84919270313639,5.300729327637004
1,0.0,4.335143511795968,5.0,5.0,5.0,0.0,5.0,0.7979690527090155,25,37.55358065542087,5.451177706495152
1,0.0,4.273374609991142,5.0,5.0,5.0,0.0,5.0,0.9132639527520957,25,36.46343861107141,5.588198862615702
1,0.0,4.22116400945425,5.0,5.0,5.0,0.0,5.0,1.010717781364923,25,35.55321475456415,5.710229566553998
1,0.0,4.163166317021015,5.0,5.0,5.0,0.0,5.0,1.1189735210079523,25,34.554579573392296,5.852420278501299
1,0.0,4.109846856476777,5.0,5.0,5.0,0.0,5.0,1.218497095074774,25,33.64840969801652,5.989259624751913
1,0.0,4.04989442125196,5.0,5.0,5.0,0.0,5.0,1.3304014648242213,25,32.64347606225736,6.150061983753783
1,0.0,3.999465651142266,5.0,5.0,5.0,0.0,5.0,1.4245294133421325,25,31.809845394457614,6.290954751167021
1,0.0,3.9514458131449843,5.0,5.0,5.0,0.0,5.0,1.6422832202708413,37,31.011134208088233,6.430801026839248
1,0.0,3.9181166512885697,5.0,5.0,5.0,0.0,5.0,1.8938340689078816,37,30.45133541694189,6.541845922504265
1,0.0,3.8708476190086785,5.0,5.0,5.0,0.0,5.0,1.9880029393384135,37,29.696216928666765,6.692176458878212
1,0.0,3.82979915693265,5.0,5.0,5.0,0.0,5.0,2.069779255039603,37,29.04838455623143,6.826341265784656
1,0.0,3.773779244077826,5.0,5.0,5.0,0.0,5.0,1.7106347231215917,37,28.228036085415624,6.977106472479193
1,0.0,3.741939793940487,5.0,5.0,5.0,0.0,5.0,2.244811756672553,37,27.68663114985241,7.12458076517791
1,0.0,3.7012000353545096,5.0,5.0,5.0,0.0,5.0,2.3259730765180224,37,27.066728797136612,7.267887750512639
1,0.0,3.6604144274757044,5.0,5.0,5.0,0.0,5.0,1.7076130346542522,59,26.527695261778433,7.345998726684805
1,0.0,3.6188077225831696,5.0,5.0,5.0,0.0,5.0,1.7807526716179065,59,25.909540068788512,7.4877709670267585
1,0.0,3.5899755858582054,5.0,5.0,5.0,0.0,5.0,1.8314361376216906,59,25.485632300326767,7.587804509835337
1,0.0,3.551154911635969,5.0,5.0,5.0,0.0,5.0,1.8996782641402963,59,24.92062305642626,7.724777226831602
1,0.0,3.499571385873632,5.0,5.0,5.0,0.0,5.0,1.9903559651816851,59,24.180067768317315,7.910774521542731
1,0.0,3.4590540181584526,5.0,5.0,5.0,0.0,5.0,1.2817353334837434,60,23.684954490323463,8.052940446669982
1,0.0,3.4242601137164064,5.0,5.0,5.0,0.0,5.0,1.8150386537378635,60,23.15006349815252,8.169835958501299
1,0.0,3.401583915557931,5.0,5.0,5.0,0.0,5.0,1.3238410845865756,60,22.88788729463614,8.25875897620299
1,0.0,3.350951727671998,5.0,5.0,5.0,0.0,5.0,1.3609370041073034,60,22.197354576509994,8.44359780901615
1,0.0,3.316424096107551,5.0,5.0,5.0,0.0,5.0,1.386233841854896,60,21.73272648499362,8.571503989307793
1,0.0,3.286176642776816,5.0,5.0,5.0,0.0,5.0,1.9303127375774707,91,21.280371769694288,8.685716497027357
1,0.0,3.248837499277032,5.0,5.0,5.0,0.0,5.0,2.0056658365537126,91,20.784645000352896,8.831911105831452
1,0.0,3.2125715077789154,5.0,5.0,5.0,0.0,5.0,2.0788532369782824,91,20.30894145678456,8.976191703931669
1,0.0,3.1792101716342547,5.0,5.0,5.0,0.0,5.0,1.881860210245189,109,19.90021568579811,9.094526816543674
1,0.0,3.1450279105735115,5.0,5.0,5.0,0.0,5.0,1.9552041887857927,109,19.461209691102916,9.231747933265826
1,0.0,3.107676191118485,5.0,5.0,5.0,0.0,5.0,1.8665897216382044,109,19.002118628098323,9.376233449351421
1,0.0,3.073603617124385,5.0,5.0,5.0,0.0,5.0,1.6653565391239977,129,18.598753434501287,9.510477619923265
1,0.0,3.0419126124348357,5.0,5.0,5.0,0.0,5.0,1.8766684004735854,129,18.193003601027904,9.641014284405554
1,0.0,3.007076058372773,5.0,5.0,5.0,0.0,5.0,1.8064104231968405,129,17.77806697444842,9.781510101387195
1,0.0,2.9736446990034104,5.0,5.0,5.0,0.0,5.0,1.8772926737614515,129,17.372767213004742,9.920519963879453
1,0.0,2.937934600678289,5.0,5.0,5.0,0.0,5.0,1.8842923686647377,134,16.95075900967791,10.068859448301936
1,0.0,2.929099457533528,5.0,5.0,5.0,0.0,5.0,1.9027297608989322,134,16.845775333272453,10.10621145245278
1,0.0,2.893951648370845,5.0,5.0,5.0,0.0,5.0,2.1326220947048045,140,16.418719598001275,10.26422611432437
1,0.0,2.8637208770099494,5.0,5.0,5.0,0.0,5.0,2.197622380054973,140,16.06648838983869,10.396138695076932
1,0.0,2.8231898472937034,5.0,5.0,5.0,0.0,5.0,1.7720159338019843,170,15.640657776955841,10.552621569708371
1,0.0,2.788756271566155,5.0,5.0,5.0,0.0,5.0,1.833488054734462,170,15.250289984937847,10.701191427037504
1,0.0,2.7561602375948926,5.0,5.0,5.0,0.0,5.0,1.8916797266669685,170,14.885284056665242,10.843288088269688
1,0.0,2.719619195576737,5.0,5.0,5.0,0.0,5.0,1.956914176080879,170,14.48132537189409,11.004222248222149
1,0.0,2.6806512723985505,5.0,5.0,5.0,0.0,5.0,1.7577224445280977,187,14.076698216098166,11.173943724319358
1,0.0,2.6468742293640113,5.0,5.0,5.0,0.0,5.0,1.8298467280158806,187,13.712405798789952,11.323766990273874
1,0.0,2.60202321155122,5.0,5.0,5.0,0.0,5.0,1.8338877426416156,187,13.242598623126682,11.524458493368694
1,0.0,2.5707730150543395,5.0,5.0,5.0,0.0,5.0,1.86415913057413,187,12.918026397780064,11.665401040572704
1,0.0,2.5317755140814358,5.0,5.0,5.0,0.0,5.0,2.0671536381634863,197,12.506937537130863,11.8458964630005
1,0.0,2.4951708515589353,5.0,5.0,5.0,0.0,5.0,1.9713707998031513,197,12.146716430700327,12.01052418761228
1,0.0,2.4550221491033692,5.0,5.0,5.0,0.0,5.0,2.183213161271274,197,11.736068109890681,12.201291303717294
1,0.0,2.4119114944308135,5.0,5.0,5.0,0.0,5.0,2.2484012090342755,197,11.313534087799749,12.403365974819305
1,0.0,2.375779954984019,5.0,5.0,5.0,0.0,5.0,2.303036067565149,197,10.96517997049235,12.57401903028051
1,0.0,2.32615985564832,5.0,5.0,5.0,0.0,5.0,2.101110595583858,187,10.512887331180234,12.798076655286351
1,0.0,2.2863918100268226,5.0,5.0,5.0,0.0,5.0,2.139633039321018,187,10.144489665020696,12.986747304846759
1,0.0,2.242832700982309,5.0,5.0,5.0,0.0,5.0,2.1818278040167476,187,9.748212999682845,13.194716855807766
1,0.0,2.19922458073158,5.0,5.0,5.0,0.0,5.0,2.5700071970226093,197,9.338547168617893,13.423323496158112
1,0.0,2.15418800301126,5.0,5.0,5.0,0.0,5.0,2.235456869719368,197,8.967017668113026,13.620881759331464
1,0.0,2.1055655149805634,5.0,5.0,5.0,0.0,5.0,2.7116299976501788,197,8.526496434663947,13.882994597444192
1,0.0,2.0394167912347867,5.0,5.0,5.0,0.0,5.0,2.811654137755535,197,7.974172529444331,14.21087656442883
1,0.0,1.9883831203072178,5.0,5.0,5.0,0.0,5.0,2.8888226568424304,197,7.560038156288126,14.46545434255209
1,0.0,1.9565399632597682,5.0,5.0,5.0,0.0,5.0,2.936973009888573,197,7.306916120353392,14.624949614133431
1,0.0,1.8801626238943085,5.0,5.0,5.0,0.0,5.0,3.052463940944561,197,6.716311939406104,15.009316058148777
1,0.0,1.8235656439195502,5.0,5.0,5.0,0.0,5.0,3.1380447947232653,197,6.293674282177502,15.295578655806807
1,0.0,1.7755011849769329,5.0,5.0,5.0,0.0,5.0,2.5195750343681445,200,5.977256923546307,15.491883685050475
1,0.0,1.7132776515029302,5.0,5.0,5.0,0.0,5.0,3.2065351553826646,200,5.511001603712401,15.846168594540714
1,0.0,1.631969899999914,5.0,5.0,5.0,0.0,5.0,3.3238172621119775,200,4.9614965700177756,16.260541424310215
1,0.0,1.5678945124977604,5.0,5.0,5.0,0.0,5.0,3.416242600371034,200,4.546609756722134,16.587811029732578
1,0.0,1.495210803929234,5.0,5.0,5.0,0.0,5.0,3.5210849838859684,200,4.09512556412194,16.95947853504944
1,0.0,1.4151351181750722,5.0,5.0,5.0,0.0,5.0,3.6365899013069605,200,3.620924877189168,17.369069356720406
1,0.0,1.327703286860428,5.0,5.0,5.0,0.0,5.0,3.7627056674206374,200,3.1303703261725175,17.815910792886907
1,0.0,1.2225057551731267,5.0,5.0,5.0,0.0,5.0,3.392698603658706,220,2.593845993482617,18.319338856475316
1,0.0,1.1156072085629252,5.0,5.0,5.0,0.0,5.0,3.61689208894739,220,2.0672831487649574,18.868174453020703
1,0.0,0.9908620177020258,5.0,5.0,5.0,0.0,5.0,3.832285319636143,220,1.5025059535175025,19.50267030649915
1,0.0,0.8523851877137241,5.0,5.0,5.0,0.0,5.0,4.095070645059058,220,0.9321010127142664,20.20069185711413
1,0.0,0.6867078474483885,5.0,5.0,5.0,0.0,5.0,4.409473955566002,220,0.3228251269317788,21.022387889783268
1,0.0,0.4911415662537332,5.0,5.0,5.0,0.0,5.0,4.780597044170992,220,-0.3034318584428277,21.96870001783457
1,0.0,0.23649830435457084,5.0,5.0,5.0,0.0,5.0,5.0,220,-0.9816382604062426,23.166598591337134
2,0.0,4.768243544542855,5.0,5.0,5.0,0.0,5.0,0.0,12,45.56336762725804,-0.4817424954186471
2,0.0,4.640744511935242,5.0,5.0,5.0,0.0,5.0,1.0991644293362661,12,42.98560240109666,-0.10749560585663076
2,0.0,4.584210641173607,5.0,5.0,5.0,0.0,5.0,5.0,12,41.4068310443858,0.295620561478561
2,0.0,4.523438082855769,5.0,5.0,5.0,0.0,5.0,5.0,12,40.292484804609316,0.6513194059010736
2,0.0,4.467351841097026,5.0,5.0,5.0,0.0,5.0,5.0,12,39.28070380297655,1.0412134052210575
2,0.0,4.420256304005284,5.0,5.0,5.0,0.0,5.0,5.0,12,38.444042675764635,1.4108611391642683
2,0.0,4.375873448386571,5.0,5.0,5.0,0.0,5.0,5.0,12,37.66670088824733,1.7910540343351187
2,0.0,4.3398093514879355,5.0,5.0,5.0,0.0,5.0,5.0,13,37.04313691358564,2.1200661401761813
2,0.0,4.304935661683534,5.0,5.0,5.0,0.0,5.0,5.0,13,36.44708923763823,2.452894390518331
2,0.0,4.271320313165987,5.0,5.0,5.0,0.0,5.0,5.0,13,35.87899517520017,2.7849945185608007
2,0.0,4.238228779152504,5.0,5.0,5.0,0.0,5.0,5.0,13,35.32588940891693,3.120242885284309
2,0.0,4.206508902364206,5.0,5.0,5.0,0.0,5.0,5.0,20,34.801348950755326,3.4468497329886993
2,0.0,4.176224966779237,5.0,5.0,5.0,0.0,5.0,5.0,20,34.30560829353994,3.7610640266257036
2,0.0,4.138621243683,5.0,5.0,5.0,0.0,5.0,5.0,23,33.696737654696044,4.150800234519686
2,0.0,4.10928978838357,5.0,5.0,5.0,0.0,5.0,5.0,23,33.226796303837844,4.451589325551268
2,0.0,4.077304042757245,5.0,5.0,5.0,0.0,5.0,5.0,23,32.719122800770535,4.773407192892805
2,0.0,4.050258957119036,5.0,5.0,5.0,0.0,5.0,5.0,23,32.29361928350138,5.038323716019896
2,0.0,4.032396991583364,5.0,5.0,5.0,0.0,5.0,5.0,23,32.014410596327124,5.208757893870917
2,0.0,3.9836504201037015,5.0,5.0,5.0,0.0,5.0,5.0,23,31.259420202009302,5.651286213309888
2,0.0,3.9505095082055237,5.0,5.0,5.0,0.0,5.0,5.0,23,30.751644927908103,5.929807092488179
2,0.0,3.9206252318589643,5.0,5.0,5.0,0.0,5.0,5.0,23,30.297336429931164,6.163134815667945
2,0.0,3.88165816945728,5.0,5.0,5.0,0.0,5.0,5.0,23,29.70970632570464,6.439658742614483
2,0.0,3.843427177633174,5.0,5.0,5.0,0.0,5.0,5.0,15,29.138048058493712,6.678682549962254
2,0.0,3.804470918713696,5.0,5.0,5.0,0.0,5.0,5.0,15,28.560136794884357,6.888567211498483
2,0.0,3.701423369999417,5.0,5.0,5.0,0.0,5.0,0.0,2,27.69190080831575,7.054961484177259
2,0.0,3.6562053229316414,5.0,5.0,5.0,0.0,5.0,0.0,2,27.03547171175163,7.167748644218676
2,0.0,3.5880776370128977,5.0,5.0,5.0,0.0,5.0,0.0,2,26.054693115966852,7.287062393792887
2,0.0,3.5254129373566965,5.0,5.0,5.0,0.0,5.0,0.0,2,25.16067043263795,7.367045724801795
2,0.0,3.478642597087997,5.0,5.0,5.0,0.0,5.0,0.0,2,24.49820228671105,7.425713555721131
2,0.0,3.415950997307063,5.0,5.0,5.0,0.0,5.0,0.0,2,23.61651305442664,7.527753359414863
2,0.0,3.361431625043453,5.0,5.0,5.0,0.0,5.0,0.0,2,22.855769617442093,7.659883928702023
2,0.0,3.3244889112469016,5.0,5.0,5.0,0.0,5.0,0.0,2,22.34370227365462,7.782046752299685
2,0.0,3.2929719735990597,5.0,5.0,5.0,0.0,5.0,0.9104023739979016,15,21.794686492272852,7.947313919001356
2,0.0,3.2971479991494697,5.0,5.0,5.0,0.0,5.0,5.0,15,21.35192889504205,8.115246954478398
2,0.0,3.268844160907936,5.0,5.0,5.0,0.0,5.0,5.0,15,20.965709205044863,8.247910358537275
2,0.0,3.2340073801731126,5.0,5.0,5.0,0.0,5.0,4.672510956871609,78,20.532047762714594,8.424092297893917
2,0.0,3.2019887400898197,5.0,5.0,5.0,0.0,5.0,4.712666423717857,78,20.09630293012875,8.631908696589317
2,0.0,3.17560381587247,5.0,5.0,5.0,0.0,5.0,4.7457564908442045,78,19.739985654949976,8.823749512537066
2,0.0,3.1589070712969436,5.0,5.0,5.0,0.0,5.0,4.766696342489955,78,19.515929375231856,8.954385499256489
2,0.0,3.1256787251127127,5.0,5.0,5.0,0.0,5.0,4.8083689353947605,78,19.073691177942234,9.23407515651466
2,0.0,3.1046981254603057,5.0,5.0,5.0,0.0,5.0,4.834681288810302,78,18.797225355783386,9.422745835171302
2,0.0,3.080451144471579,5.0,5.0,5.0,0.0,5.0,4.865090101885484,78,18.480680529120292,9.650475178943971
2,0.0,3.0638413335307453,5.0,5.0,5.0,0.0,5.0,5.0,89,18.252949280330167,9.81643670456916
2,0.0,3.0519776416476225,5.0,5.0,5.0,0.0,5.0,5.0,89,18.102258762194033,9.932513294405926
2,0.0,3.031840929856565,5.0,5.0,5.0,0.0,5.0,5.0,89,17.84858248408399,10.132174602547597
2,0.0,3.0101491597144214,5.0,5.0,5.0,0.0,5.0,5.0,89,17.57844501111665,10.349340915942825
2,0.0,2.988209015794292,5.0,5.0,5.0,0.0,5.0,5.0,89,17.308731280735127,10.569071664879832
2,0.0,2.9647774537521787,5.0,5.0,5.0,0.0,5.0,5.0,92,17.02482772099235,10.801282604048001
2,0.0,2.9430473058187894,5.0,5.0,5.0,0.0,5.0,5.0,92,16.765567383761717,11.012001977991968
2,0.0,2.9136948343278846,5.0,5.0,5.0,0.0,5.0,5.0,29,16.421820811730562,11.285616946032928
2,0.0,2.878189190058274,5.0,5.0,5.0,0.0,5.0,5.0,29,16.01634972549152,11.592965453517849
2,0.0,2.867849665869689,5.0,5.0,5.0,0.0,4.977910132317513,5.0,29,15.899972720963815,11.676814542537414
2,0.0,2.8315519363413326,5.0,5.0,5.0,0.0,5.0,5.0,29,15.501479534387164,11.944549693970353
2,0.0,2.7775560326653093,5.0,5.0,5.0,0.0,5.0,5.0,141,14.93042508345064,12.260548024163986
2,0.0,2.6692905324704137,5.0,5.0,0.0,1.942783260237599,5.0,0.0,141,14.48063579820023,12.35952555784512
2,0.0,2.6199428366779287,5.0,5.0,0.0,1.99132509694762,5.0,0.0,141,13.992767043583823,12.384767915319369
2,0.0,2.551577371503636,5.0,5.0,0.0,2.058574138545232,5.0,0.0,141,13.326782258025226,12.358207433226196
2,0.0,2.4981282486765997,5.0,5.0,0.0,2.1111504250546202,5.0,0.0,141,12.807748371068483,12.331377083259005
2,0.0,2.455240411116172,5.0,5.0,0.0,2.153337894484981,5.0,0.0,141,12.38973399719776,12.329321396424826
2,0.0,2.3952666281614396,5.0,5.0,0.0,1.054221970204419,5.0,0.0,148,11.78333982545978,12.378381065540523
2,0.0,2.3535825571042834,5.0,5.0,0.0,1.001337479190723,5.0,0.0,148,11.37252684580631,12.4533245769915
2,0.0,2.31871509876543,5.0,5.0,0.0,0.9571012100253835,5.0,0.0,148,11.029155875661857,12.543341920955276
2,0.0,2.314731287073489,5.0,5.0,0.0,0.0,3.933994378901037,3.85339775706097,159,10.549057071430607,12.67260729795297
2,0.0,2.2905712028865786,5.0,5.0,0.0,0.0,3.468366458250172,5.0,159,10.190261806459148,12.789061000592255
2,0.0,2.2822401080294834,5.0,5.0,0.0,0.0,3.2851626926299318,5.0,159,10.10549951171959,12.819409284864852
2,0.0,2.24984926128125,5.0,5.0,0.0,0.0,3.7816676491857333,5.0,159,9.81054763910685,12.937893316812396
2,0.0,2.2218589732292413,5.0,5.0,0.0,0.0,0.0425335886286508,5.0,159,9.45581400567092,13.101423127197203
2,0.0,2.1858808430217547,5.0,5.0,0.0,0.0,0.10469299228024656,5.0,159,9.123091835911794,13.272235721533272
2,0.0,2.150202557717465,5.0,5.0,0.0,0.0,0.16633435399183094,5.0,159,8.798911168566462,13.459665349176134
2,0.0,2.1121714549450474,5.0,5.0,0.0,0.0,0.8722186028306875,5.0,167,8.473845363658075,13.669110770629532
2,0.0,2.076899485137633,5.0,5.0,0.0,0.0,1.0225081008723103,5.0,167,8.169343367420204,13.884078531974719
2,0.0,2.0421475453509546,5.0,5.0,0.0,0.0,1.1705818153552099,5.0,167,7.876789005039871,14.107500907308653
2,0.0,1.9982272032898067,5.0,5.0,0.0,0.0,1.3577209572354787,5.0,167,7.518097989518601,14.403864914757902
2,0.0,1.957464152540358,5.0,5.0,0.0,0.0,1.5314072715873375,5.0,167,7.19645563413663,14.690430241003714
2,0.0,1.9045013411190135,5.0,5.0,0.0,0.0,1.757075256302889,5.0,167,6.794733278767534,15.07546081870057
2,0.0,1.8864006458317655,5.0,5.0,0.0,0.0,1.834200078754768,5.0,167,6.661568888895694,15.20957905460522
2,0.0,1.841677595651233,5.0,5.0,0.0,0.0,2.0247594605874673,5.0,167,6.341316458563952,15.54486349087943
2,0.0,1.7915313857399375,5.0,5.0,0.0,0.0,2.2384262548551987,5.0,167,5.996539200111986,15.924921692836698
2,0.0,1.743712856904821,5.0,5.0,0.0,0.0,2.44217508813436,5.0,167,5.681102845849086,16.288493745454694
2,0.0,1.6986727671681756,5.0,5.0,0.0,0.0,2.634085336278403,5.0,167,5.395195487537777,16.629591981803067
2,0.0,1.658922600749012,5.0,5.0,0.0,0.0,0.0,5.0,183,5.079096706472171,16.95710686181406
2,0.0,1.6074682601321837,5.0,5.0,0.0,0.0,0.0,5.0,183,4.767006436196379,17.340360436162282
2,0.0,1.5402364918877454,5.0,5.0,0.0,0.0,0.0,5.0,183,4.376698990768205,17.82803748955667
2,0.0,1.4534010416791747,5.0,5.0,0.0,0.0,0.0,5.0,183,3.8994526424935714,18.429507863402378
2,0.0,1.4060327903087995,5.0,5.0,0.0,0.0,0.0,5.0,183,3.650869949898702,18.741760071246524
2,0.0,1.339019184049811,5.0,5.0,0.0,0.0,0.0,5.0,183,3.312292125954386,19.162428404857224
2,0.0,1.253888615462904,5.0,5.0,0.0,0.0,0.0,5.0,183,2.9027943032140016,19.659399848072443
2,0.0,1.1468062848905547,5.0,5.0,0.0,0.0,0.0,5.0,183,2.417896751303868,20.224644817506064
2,0.0,1.0746353919865848,5.0,5.0,0.0,0.0,0.0,5.0,183,2.108811208215947,20.569901733805445
2,0.0,0.9581258102340245,5.0,5.0,0.0,0.0,0.0,5.0,183,1.6383562147478123,21.074680446753437
2,0.0,0.8167768460217179,5.0,5.0,0.0,0.0,0.0,5.0,183,1.1133188491547976,21.623059092027827
2,0.0,0.6951344313140506,5.0,5.0,0.0,0.0,0.0,5.0,183,0.7010094472327282,22.0692672421032
2,0.0,0.512258476371843,5.0,5.0,0.0,0.0,0.0,5.0,183,0.14957627107818183,22.768666418552094
2,0.0,0.34200777283284467,5.0,5.0,0.0,0.0,0.0,5.0,183,-0.2915054721178443,23.529649789762267
2,0.0,0.10536352833010354,5.0,5.0,0.0,0.0,0.0,5.0,183,-0.7960759639905781,24.834839011097912
3,0.0,4.981901714400154,5.0,5.0,5.0,0.0,5.0,5.0,0,47.72656225632161,-0.18016514737437817
3,0.0,4.894591661139888,5.0,5.0,5.0,0.0,5.0,5.0,0,46.60067077308767,0.31154976940591084
3,0.0,4.826957441800025,5.0,5.0,5.0,0.0,5.0,5.0,0,45.69501363189676,0.803917476659592
3,0.0,4.761613572793722,5.0,5.0,5.0,0.0,5.0,4.2949598758022915,17,45.04580703429689,1.3161580719221782
3,0.0,4.705207440532323,5.0,5.0,5.0,0.0,5.0,4.0700334168235885,17,44.28775752786585,1.7937747062607627
3,0.0,4.651812655202505,5.0,5.0,5.0,0.0,5.0,3.857115077794289,17,43.52484225413833,2.2397672084815454
3,0.0,4.598309121771192,5.0,5.0,5.0,0.0,5.0,3.6437630922019455,17,42.70776693380733,2.654926107519625
3,0.0,4.539516484517144,5.0,5.0,5.0,0.0,5.0,3.409320148121162,17,41.73727873850504,3.0404494828109705
3,0.32635672257504805,4.213839840691792,5.0,5.0,5.0,0.0,5.0,1.2162894630564223,17,38.26115591477939,3.1200692371409993
3,0.0,4.204695839789727,5.0,5.0,5.0,0.0,5.0,2.0741812369386037,17,35.09086540997946,3.1218243751638433
3,0.0,4.11557610847532,5.0,5.0,5.0,0.0,5.0,1.8621447270391789,17,33.540601416246595,3.416429892766459
3,0.0,4.0768773771366185,5.0,5.0,5.0,0.0,5.0,1.1915928306132793,17,32.93365524448015,3.739880856545355
3,0.0,4.059127323227844,5.0,5.0,5.0,0.0,5.0,1.700770058108334,17,32.65313007897881,3.9084352077080027
3,0.0,4.030127687819052,5.0,5.0,5.0,0.0,5.0,1.0369881906942326,41,32.19324895589185,4.2561726365295804
3,0.0,3.9951519042238677,5.0,5.0,5.0,0.0,5.0,0.9025155169411423,41,31.648598097496947,4.714368882264896
3,0.0,3.970847794101382,5.0,5.0,5.0,0.0,5.0,0.8090726162991633,41,31.27236748971958,5.0543463399429065
3,0.0,3.9490461047479504,5.0,5.0,5.0,0.0,5.0,0.7252508642657384,41,30.935912007567175,5.365757719908871
3,0.0,3.9240051713803514,5.0,5.0,5.0,0.0,5.0,0.6289750723581727,41,30.55060335644579,5.721982209877062
3,0.0,3.9008475275452756,5.0,5.0,5.0,0.0,5.0,0.5399400325612915,41,30.195598641537106,6.041936967868775
3,0.0,3.8805750502030376,5.0,5.0,5.0,0.0,5.0,0.46199769784873695,41,29.886233382834373,6.308805396612389
3,0.0,3.8627423586195837,5.0,5.0,5.0,0.0,5.0,0.39343569663108674,41,29.615523007520615,6.529878577304874
3,0.0,3.835186573520793,5.0,5.0,4.617540816377751,0.0,0.0,0.6126068327924405,45,29.115441036638682,6.96717787200391
3,0.0,3.8057743791239016,5.0,5.0,4.599075159040381,0.0,0.0,0.6666868481552396,45,28.680504679979148,7.239579628062261
3,0.0,3.6851168271944217,5.0,5.0,5.0,1.4904056917050326,5.0,5.0,25,28.115577730996446,7.456762029291843
3,0.0,3.5622488574001254,5.0,5.0,5.0,1.0205649441179996,5.0,5.0,25,26.144426692272408,7.272452074628834
3,0.0,3.4245612254472446,5.0,5.0,5.0,0.4940545766191706,5.0,5.0,25,23.963931782354578,6.926719925426703
3,0.0,3.3888391933723683,5.0,5.0,5.0,0.0,3.4708522351032087,4.04041946723762,57,23.167440773629203,7.010419022320601
3,0.0,3.331135373016,5.0,5.0,5.0,0.0,3.418867811159772,4.963563257035125,57,22.459159834737232,7.097885687666542
3,0.0,3.3050340263356675,5.0,5.0,5.0,0.0,2.911664676482294,4.43786726539645,57,21.953983846830248,7.268002842361858
3,0.0,3.280036705270849,5.0,5.0,5.0,0.0,1.814974858141665,4.300896851011665,57,21.532383542339428,7.451369616000159
3,0.0,3.2522460244681635,5.0,5.0,5.0,0.0,1.6710134047909122,4.564380973611579,63,21.15292575592469,7.650461086997664
3,0.0,3.2307395540689625,5.0,5.0,5.0,0.0,0.5396339967936168,4.547582912023236,63,20.807271583248802,7.857334652672961
3,0.0,3.2058811237833345,5.0,5.0,5.0,0.0,0.9644388888400428,4.99876174487171,63,20.530170045880475,8.061402882955237
3,0.0,3.195415820391414,5.0,5.0,4.482202242159154,0.0,0.0,3.942420201684828,67,20.180723095992867,8.282587690134886
3,0.0,3.1756764297783784,5.0,5.0,4.767827580753812,0.0,0.0,3.6588955423470555,67,19.90034572727322,8.503173636837825
3,0.0,3.1722742614453154,5.0,5.0,0.0,0.0,0.0,4.457399618692561,73,19.632437580728993,8.69896872620656
3,0.0,3.1487379728242484,5.0,5.0,0.31697787720544335,0.0,0.0,4.411635451636925,73,19.31918864547888,8.943092032005646
3,0.0,3.1316839565973122,5.0,5.0,0.0,0.0,0.0,4.25976204005632,73,19.05151556329645,9.159568598482775
3,0.0,3.112000161803452,5.0,5.0,0.0,0.0,0.0,4.163920002013029,73,18.778244045873212,9.388527864356728
3,0.0,3.0932839441026334,5.0,5.0,0.0,0.0,0.0,4.072789177510231,73,18.52357116320963,9.607107930532406
3,0.0,3.0776388212190717,5.0,5.0,0.0,0.0,0.0,3.9966117697338586,73,18.314514286622888,9.789340751453285
3,0.0,3.069979864158423,5.0,5.0,0.0,0.0,0.0,3.9593196692183836,73,18.21342244534,9.878115093882766
3,0.0,3.0504008916691467,5.0,5.0,0.0,0.0,0.0,3.9286157778961477,73,17.96440945658177,10.097663440985446
3,0.0,3.0316823663956383,5.0,5.0,0.0,0.0,0.0,3.6797033164563278,50,17.712670945894903,10.32153667419417
3,0.0,3.0084108270235195,5.0,5.0,0.0,0.0,0.0,3.7782447610747227,50,17.438447563959727,10.559018864545296
3,0.0,2.961960234725014,5.0,5.0,2.5630931639926278,0.0,0.0,4.23086990272151,91,17.088026757776383,10.888242870595132
3,0.0,2.9562230348519716,5.0,5.0,0.0,0.0,0.0,3.892348735557655,91,16.83955492915303,11.0594723977092
3,0.0,2.93958552220435,5.0,5.0,0.0,0.0,0.0,3.887486376854263,91,16.65053512719204,11.207909719546894
3,0.0,2.8779929050143775,5.0,5.0,2.6825455706342978,0.0,0.0,4.1835762315565574,91,16.157686233468706,11.574133653528246
3,0.0,2.8450852835874674,5.0,5.0,2.729360142323594,0.0,0.0,4.1650413772037,91,15.807956087494524,11.781067644139256
3,0.0,2.7721848098559354,5.0,5.0,5.0,3.8297844457538273,0.0,5.0,105,15.393400958480095,11.959288749505973
3,0.0,2.7326783321969463,5.0,5.0,5.0,4.63639399384613,0.0,5.0,105,15.011511555152323,12.066701584701647
3,0.0,2.6918048233403695,5.0,5.0,5.0,2.7228788154948202,0.0,5.0,105,14.57298382131755,12.145696826426692
3,0.0,2.6377492706592394,5.0,5.0,5.0,3.102610430194823,0.0,5.0,105,14.05256771468211,12.182512573062862
3,0.0,2.591487700850013,5.0,5.0,5.0,2.8523774063586327,0.0,5.0,105,13.601517791402872,12.186729633736686
3,0.0,2.5342858519370637,5.0,5.0,5.0,2.542967421320605,0.0,5.0,105,13.044281562589314,12.182638952703998
3,0.0,2.4844189355839443,5.0,5.0,5.0,2.2732327512718835,0.0,5.0,105,12.556002379948149,12.193576557155886
3,0.0,2.439287496506915,5.0,5.0,5.0,2.0291127069911643,0.0,5.0,105,12.111162128147525,12.228522157458816
3,0.0,2.3972297334162027,5.0,5.0,5.0,1.801618454691144,0.0,5.0,105,11.694673972055663,12.288070166406067
3,0.0,2.3585159950319055,5.0,5.0,5.0,1.596932978178144,0.0,5.0,120,11.310979958171885,12.367291667124464
3,0.0,2.3217916736301163,5.0,5.0,5.0,1.1497167900529597,0.0,5.0,120,10.945502724172027,12.464393454190514
3,0.0,2.286796527151828,5.0,5.0,5.0,0.7235579009702489,0.0,5.0,120,10.600242983494962,12.575227619747226
3,0.0,2.2604325022217746,5.0,5.0,5.0,0.36909708568876554,0.0,4.6216950231359135,129,10.292229906359541,12.687874592418828
3,0.0,2.233206538470383,5.0,5.0,5.0,0.12396922713220626,0.0,4.370938588099563,129,10.002241458125233,12.805772116742798
3,0.0,2.223669970058279,5.0,5.0,5.0,0.043751709722684516,0.0,4.29292015570714,129,9.903558291757353,12.848651999315631
3,0.0,2.1953823376137134,5.0,5.0,4.771389130650646,0.0,0.0,4.145642599600229,129,9.614858218814927,12.982891473588818
3,0.0,2.155959794614441,5.0,5.0,5.0,0.0,0.0,4.134908958310976,129,9.265476602286512,13.165133760668882
3,0.0,2.119148073836267,5.0,5.0,5.0,0.0,0.0,4.137376058508268,129,8.939683997523975,13.357657113719497
3,0.0,2.106994426383243,5.0,5.0,2.961211808499462,0.0,0.0,3.6916512861330117,137,8.714063318081788,13.493273276859098
3,0.0,2.072657024436339,5.0,5.0,2.1489799547798376,0.0,0.0,3.4778287997906054,137,8.380132763903674,13.724528778019591
3,0.0,2.0435041561640297,5.0,5.0,1.8495138647581983,0.0,0.0,3.558006967227032,137,8.134529391262195,13.913458396955745
3,0.0,2.012715573927755,5.0,5.0,0.23081657989231535,0.0,0.0,4.174612114334949,137,7.8785216109652545,14.146547397662852
3,0.0,1.9762033953580116,5.0,5.0,1.158182380466373,0.0,0.0,3.7431020192164515,137,7.592597053584701,14.395655877910098
3,0.0,1.9369544605654867,5.0,5.0,0.7550067844995159,0.0,0.0,3.8510470638035565,137,7.2917530519747515,14.705764063280743
3,0.0,1.9055906158900875,5.0,5.0,0.4328289512497771,0.0,0.0,3.9373060063660885,137,7.058746778804423,14.968028721425725
3,0.0,1.8699178062850905,5.0,5.0,0.06638827334770558,0.0,0.0,4.035415752368473,137,6.801112764747465,15.28078160899478
3,0.0,1.8353287376075769,5.0,5.0,0.0,0.0,0.0,3.9284324044807253,145,6.550371019354941,15.592676818093324
3,0.0,1.8000567462817827,5.0,5.0,0.0,0.0,0.0,2.955012831994633,145,6.260859692389488,15.939126879245636
3,0.0,1.762581378135562,5.0,5.0,0.0,0.0,0.0,2.8601443094193923,147,6.007968254126652,16.29273709862609
3,0.0,1.7155680833525873,5.0,5.0,0.0,0.0,0.0,2.5764642333444936,147,5.695273849925851,16.74728666510431
3,0.0,1.6779823270817817,5.0,5.0,0.0,0.0,0.0,2.97012530404991,147,5.463929069073576,17.099639366569182
3,0.0,1.6270697361390591,5.0,5.0,0.0,0.0,0.0,3.503367336443628,147,5.1684600356830614,17.57327982352438
3,0.0,1.5756750663126518,5.0,5.0,0.0,0.0,0.0,4.0416585073500375,147,4.889699503018594,18.039321850505544
3,0.0,1.5254222355741545,5.0,5.0,0.0,0.0,0.0,2.8899029862346675,150,4.534159932842446,18.501562316058227
3,0.0,1.474561400228596,5.0,5.0,0.0,0.0,0.0,3.0383354201079356,150,4.246539602481754,18.92433841484638
3,0.0,1.4097108103150129,5.0,5.0,1.135840226690855,0.0,0.0,2.9950879439476537,150,3.904324423729939,19.39716347307026
3,0.0,1.3433161125856354,5.0,5.0,0.0,0.0,0.0,3.4213621114094783,150,3.5466546046022813,19.882112269843084
3,0.0,1.2630522862640448,5.0,5.0,2.573286756005742,0.0,0.0,3.070727332416455,150,3.163952255422622,20.32159213381839
3,0.0,1.1796566763208154,5.0,5.0,0.0,0.0,0.0,3.898986363666979,150,2.755831130536844,20.78786612182459
3,0.0,1.076357506359449,5.0,5.0,0.0,0.0,0.0,4.200455010618587,150,2.302030973212453,21.20788303731031
3,0.0,0.9666452558462144,5.0,5.0,0.0,0.0,0.0,4.5206396135404745,150,1.8592707596015323,21.5530722824565
3,0.0,0.8395372427870234,5.0,5.0,0.0,0.0,0.0,4.89159206870534,150,1.4006503380515731,21.86709808127896
3,0.0,0.7056621344031405,5.0,5.0,0.0,0.0,3.103571011347537,4.28205097883517,161,0.8992802761901864,22.20907328510825
3,0.0,0.5287237440708746,5.0,5.0,0.0,0.0,5.0,4.278230699298982,161,0.42648402197730917,22.68682666368781
3,0.0,0.17333203101304998,5.0,5.0,0.0,0.0,5.0,3.217309032767864,161,0.02581593278433658,24.234567617094662
4,0.0,4.85200328045088,5.0,5.0,5.0,0.0,5.0,5.0,2,47.003059173803905,-0.30774617640830115
4,0.0,4.792867127144419,5.0,5.0,5.0,0.0,5.0,5.0,2,45.94352130251332,0.15608381454584475
4,0.0,4.744627196392828,5.0,5.0,5.0,0.0,5.0,5.0,2,45.05727798124331,0.7029097382357996
4,0.0,4.7196544199550665,5.0,5.0,0.0,0.0,5.0,5.0,22,44.41499499124242,1.2143625899013237
4,0.0,4.689530548208599,5.0,5.0,0.0,0.0,5.0,5.0,22,43.85264572656283,1.6237628298333568
4,0.0,4.654314066562818,5.0,5.0,0.0,0.0,5.0,5.0,22,43.199675977819574,2.107373769956542
4,0.0,4.614165675276011,5.0,5.0,0.0,0.0,5.0,5.0,22,42.46571911801139,2.6269994078299064
4,0.0,4.575858642213668,5.0,5.0,0.0,0.0,5.0,5.0,22,41.77748226811772,3.0540415851382043
4,0.4860161690065076,4.20967659168163,5.0,5.0,5.0,0.0,5.0,1.7026396841008693,22,39.66238560948795,3.1206319917408045
4,0.0,4.203524708087096,5.0,5.0,5.0,0.0,5.0,5.0,22,35.06448785801176,3.1291059282753793
4,0.0,4.109960120818225,5.0,5.0,5.0,0.0,5.0,3.8941500385600247,22,33.77574058989885,3.427537948135612
4,0.0,4.080374428382766,5.0,5.0,1.209574550432486,0.0,5.0,1.8853068421679489,22,33.181303202692916,3.7798600656933417
4,0.0,4.050191472781699,5.0,5.0,0.49927356724045646,0.0,5.0,0.22690509794431207,22,32.68278846138166,4.1146910164670665
4,0.0,4.021653920165225,5.0,5.0,0.0,0.0,5.0,5.0,22,32.37238031769366,4.424423994002764
4,0.0,3.9947147480690615,5.0,5.0,0.0,0.0,5.0,5.0,22,31.97429748052127,4.765387184852095
4,0.0,3.9677682206891203,5.0,5.0,0.0,0.0,5.0,5.0,11,31.55213802885796,5.129264765283029
4,0.0,3.949875289167278,5.0,5.0,0.0,0.0,5.0,5.0,11,31.2603412796181,5.377096718949323
4,0.0,3.922788939700969,5.0,5.0,0.0,0.0,5.0,5.0,11,30.805364837898058,5.751556906955798
4,0.0,3.9137188821619096,5.0,5.0,0.0,0.0,5.0,0.0,11,30.393052921420626,5.932977952209457
4,0.0,3.8766927139400034,5.0,5.0,0.0,0.0,5.0,5.0,11,30.011773660867007,6.3527532450483015
4,0.0,3.846889310234158,5.0,5.0,0.0,0.0,5.0,5.0,11,29.498677570757287,6.694927127322741
4,0.0,3.819783960489337,5.0,4.961250260339006,0.0,0.0,5.0,5.0,61,29.038887407095572,6.963674427310806
4,0.5970771843978437,3.415907186952535,5.0,5.0,5.0,0.0,5.0,5.0,61,27.952560158518796,7.055747147440728
4,0.55194414145323,3.3496850765721136,5.0,5.0,0.0,0.0,5.0,5.0,61,26.640932458866178,7.059119000308838
4,0.0,3.6931195564037473,5.0,4.524625868128117,0.0,0.0,5.0,5.0,61,27.056952586027723,7.595711348394939
4,0.03837584321129072,3.473301273164987,5.0,5.0,0.0,0.0,5.0,5.0,61,24.4346175771075,7.100536369684411
4,0.0,3.3899633334722417,5.0,5.0,0.0,0.0,5.0,5.0,61,23.080156894306185,6.997143568533129
4,0.0,3.3404346633293946,5.0,3.3088870961168677,0.0,0.0,5.0,5.0,61,22.414873102603938,7.101550648064968
4,0.0,3.3036038248241866,5.0,3.1819276508564016,0.0,0.0,5.0,5.0,61,21.92309249390034,7.255057587983194
4,0.0,3.2684548771867448,5.0,5.0,0.0,0.0,5.0,5.0,61,21.46928836283666,7.451537218397171
4,0.0,3.2448211127843773,5.0,2.9792979846753145,0.0,0.0,5.0,5.0,61,21.123467524486003,7.653584412231142
4,0.0,3.2307958942096127,5.0,2.9309517063342145,0.0,0.0,5.0,5.0,61,20.931871686885565,7.772278305369191
4,0.0,3.197658987537581,5.0,2.816725599640117,0.0,0.0,5.0,5.0,61,20.481920313359208,8.079114993763463
4,0.0,3.1746865413834624,5.0,3.562961977844426,0.0,0.0,5.0,5.0,27,20.18339065736928,8.299346187473946
4,0.0,3.1515156023740682,5.0,5.0,0.0,0.0,5.0,5.0,27,19.897197778818104,8.525690340856373
4,0.0,3.1410093788925577,5.0,3.569246582090516,0.0,0.0,5.0,5.0,27,19.743452208296034,8.649284985479053
4,0.0,3.1100023985770493,5.0,3.5750328950021784,0.0,0.0,5.0,5.0,27,19.349743273090155,8.98172564410892
4,0.0,3.0910397815145005,5.0,2.449198934481859,0.0,0.0,5.0,5.0,27,19.10125415171516,9.199346974536809
4,0.0,3.070061870416725,5.0,3.5824863261793216,0.0,0.0,5.0,5.0,27,18.857347392532713,9.419385223329767
4,0.0,3.0487954206966714,5.0,3.586454927163624,0.0,0.0,5.0,5.0,27,18.600615704422115,9.654517164759925
4,0.0,3.041178398468362,5.0,1.8538991197333212,0.0,0.0,5.0,5.0,110,18.48920519249419,9.754476934106819
4,0.0,3.026484682310755,5.0,1.6583086759402703,0.0,0.0,5.0,5.0,110,18.31170322594711,9.917375783165626
4,0.0,3.003767281287365,5.0,1.355913658891477,0.0,0.0,5.0,5.0,110,18.03922944295421,10.165198225107057
4,0.0,2.983502260458992,5.0,1.0861626731787792,0.0,0.0,5.0,5.0,110,17.797739237111585,10.37978688535446
4,0.0,2.9582146374791014,5.0,0.7495550139551641,0.0,0.0,5.0,5.0,110,17.497945005516453,10.635643611209625
4,0.0,2.9145047153219754,5.0,0.16772513639582487,0.0,0.0,5.0,5.0,110,16.98275107976489,11.037790299543841
4,0.0,2.8887457695900953,5.0,0.0,0.0,0.0,5.0,5.0,98,16.682562523507208,11.245705725620484
4,0.0,2.862949730142448,5.0,0.0,0.0,0.0,5.0,5.0,98,16.385065871870687,11.43033267676054
4,0.0,2.828306610857771,5.0,4.083131341354765,0.0,0.0,5.0,5.0,100,16.041312957016878,11.614309783271867
4,0.0,2.7978778301948406,5.0,4.158482413965537,0.0,0.0,5.0,5.0,100,15.698260430821414,11.765992469411119
4,0.0,2.7625096234986706,5.0,4.246065033210037,0.0,0.0,5.0,5.0,100,15.304612324022425,11.90369916982624
4,0.0,2.7231474466034062,5.0,4.343537958011337,0.0,0.0,5.0,5.0,100,14.873908225446105,12.01272752533207
4,0.0,2.6832738630232584,5.0,5.0,0.0,0.0,5.0,5.0,94,14.455438723341949,12.07986271028812
4,0.0,2.6411300677445153,5.0,4.119928264142835,0.0,0.0,5.0,5.0,94,13.993363378792298,12.127624045254134
4,0.0,2.5949667111718893,5.0,5.0,0.0,0.0,5.0,5.0,94,13.52569851930844,12.145589281616518
4,0.0,2.5513394168912202,5.0,5.0,0.0,0.0,5.0,5.0,94,13.070812850478907,12.160768697879826
4,0.0,2.5093208993615295,5.0,3.6871280129188664,0.0,0.0,5.0,5.0,27,12.606290221124585,12.190187456059956
4,0.0,2.4662579223418932,5.0,3.695164134379514,0.0,0.0,5.0,5.0,27,12.15225755414544,12.229378706845342
4,0.0,2.428050807054804,5.0,4.489639193804314,0.0,0.0,5.0,5.0,103,11.762455037422045,12.279446370641965
4,0.0,2.3877164129282296,5.0,5.0,0.0,0.0,5.0,5.0,103,11.344701639017783,12.358094987774622
4,0.0,2.3580545874626546,5.0,4.611088683231101,0.0,0.0,5.0,5.0,103,11.022943579889454,12.435951594877192
4,0.0,2.322276610742631,5.0,4.673166564446526,0.0,0.0,5.0,5.0,103,10.649984334816388,12.544186262590703
4,0.0,2.2969752883466183,5.0,2.4424326377894303,0.0,0.0,5.0,5.0,57,10.345095441721528,12.646594745599572
4,0.0,2.2625281801962625,5.0,2.39374105839665,0.0,0.0,5.0,5.0,57,9.997245446267227,12.779898164570554
4,0.0,2.2412042416767415,5.0,1.9229510093530475,0.0,0.0,5.0,5.0,168,9.779704509212408,12.873320863086409
4,0.0,2.219728233622191,5.0,1.8486223880202324,0.0,0.0,5.0,5.0,168,9.572986360712369,12.969904143234682
4,0.0,2.1907820666644806,5.0,0.8144177220769394,0.0,0.0,5.0,5.0,168,9.287740462107394,13.116618178973125
4,0.0,2.1563940442067207,5.0,1.6294222941049306,0.0,0.0,5.0,5.0,168,8.997577820418627,13.286707992849419
4,0.0,2.120886135589371,5.0,1.5065291620463426,0.0,0.0,5.0,5.0,168,8.69819643832805,13.485534474416433
4,0.0,2.0885289805449325,5.0,0.0,0.0,0.0,5.0,5.0,175,8.415049732594767,13.693031982280324
4,0.0,2.054166868937546,5.0,0.0,0.42944023666755826,0.0,5.0,5.0,175,8.159047682057341,13.907356893020857
4,0.0,2.012030713263238,5.0,0.0,1.948022501520329,0.0,5.0,5.0,175,7.870116296459024,14.171785385589406
4,0.0,1.9761278277740726,5.0,0.0,1.7771524232424953,0.0,5.0,5.0,175,7.602209359804839,14.440605293639633
4,0.0,1.9433467079796771,5.0,0.0,1.6211395449184463,0.0,5.0,5.0,175,7.359323926734916,14.70188739590142
4,0.0,1.904233586565804,5.0,0.0,1.4349912165425616,0.0,5.0,5.0,175,7.069918324817184,15.031496158900351
4,0.0,1.866638717851442,5.0,0.0,1.2560686014784745,0.0,5.0,5.0,175,6.791674999707844,15.363463525243954
4,0.0,1.8383377298578365,5.0,0.0,1.1213776993985645,0.0,5.0,5.0,175,6.5824458756251865,15.620598707916429
4,0.0,1.7953773991778648,5.0,0.0,0.9169196184918458,0.0,5.0,5.0,175,6.266185241997757,16.01750184119911
4,0.0,1.7549023474067185,5.0,0.0,5.0,0.0,5.0,5.0,183,5.977082676183191,16.265590373853474
4,0.0,1.7066015526297649,5.0,0.0,5.0,0.0,5.0,5.0,183,5.617618303997293,16.690552711016757
4,0.0,1.6679965196983206,5.0,0.0,5.0,0.0,5.0,5.0,183,5.334671946465953,17.016243672947443
4,0.0,1.6355833358759284,5.0,0.0,5.0,0.0,5.0,5.0,183,5.10053907185705,17.276867478483616
4,0.0,1.5868900446867427,5.0,0.0,5.0,0.0,5.0,5.0,183,4.755584013092296,17.643745020027872
4,0.0,1.5236738285447762,5.0,0.0,5.0,0.0,5.0,5.0,183,4.322120708175639,18.07566484249061
4,0.0,1.4894112616124042,5.0,0.0,5.0,0.0,5.0,5.0,183,4.095112546385497,18.290445155157194
4,0.0,1.4286305769409977,5.0,0.0,5.0,0.0,5.0,5.0,183,3.7082186323090127,18.64357055886913
4,0.0,1.360576107614333,5.0,5.0,5.0,0.0,5.0,3.426219387766733,191,3.346776683984597,18.967060212227207
4,0.0,1.2834925468755372,5.0,5.0,5.0,0.0,5.0,3.3148873158655867,191,2.908728901562732,19.35929181028087
4,0.0,1.2213653615470212,5.0,3.6128204406945934,5.0,0.0,5.0,2.808420239976476,191,2.5771078880432405,19.68309743432553
4,0.0,1.1344101478772912,5.0,4.215136977881395,5.0,0.0,5.0,2.7558384510254363,191,2.181936695913219,20.134333368630248
4,0.0,1.024135811705157,5.0,5.0,5.0,0.0,5.0,2.940297423918591,191,1.7544476712279398,20.732295585720006
4,0.0,0.90111076819956,5.0,5.0,5.0,0.0,5.0,2.584975081926084,201,1.347537649699003,21.406290415012787
4,0.0,0.7619962738138375,5.0,5.0,5.0,0.0,5.0,3.229519673771814,201,0.9630718808355283,22.083014487401158
4,0.0,0.5699528642016658,5.0,5.0,5.0,0.0,5.0,4.119294255577312,201,0.5228567383967366,22.795914844985816
4,0.0,0.28514287671941485,5.0,5.0,2.7915444238094334,0.0,5.0,4.111350740215946,201,0.07056912943173543,23.740648297641076
5,0.0,4.821381533557153,5.0,5.0,5.0,0.0,5.0,5.0,6,46.45159051556446,-0.12610545614052526
5,0.0,4.786517915012253,5.0,5.0,0.0,0.0,5.0,5.0,6,45.79742710081796,0.2385736171831816
5,0.0,4.736457143692015,5.0,5.0,0.0,0.0,5.0,5.0,6,44.85503456318909,0.8789672221986464
5,0.0,4.714012280027731,5.0,5.0,0.0,0.0,5.0,5.0,6,44.43867950073084,1.2321508276271196
5,0.0,4.690135489620299,5.0,5.0,0.0,0.0,5.0,5.0,6,43.99755331001726,1.6114408304148533
5,0.0,4.64889721583743,5.0,5.0,0.0,0.0,5.0,5.0,6,43.23757158203016,2.211357417697478
5,0.0,4.6008495296324465,5.0,5.0,0.0,0.0,5.0,5.0,6,42.35698357077115,2.76807905388198
5,0.0,4.553935373278516,5.0,5.0,0.0,0.0,5.0,5.0,6,41.50624434925808,3.165134829981536
5,0.18583414202748408,4.2055127476436835,5.0,5.0,5.0,0.0,5.0,0.0,6,36.9959631485548,3.1141183114271893
5,0.0,4.151714837164083,5.0,5.0,5.0,0.0,5.0,3.294482396034014,6,34.34006572742287,3.208008409643707
5,0.0,4.118915260791212,5.0,5.0,0.0,0.0,5.0,5.0,6,33.616698479796135,3.530872477472469
5,0.0,4.074818568670308,5.0,2.1944116903785886,1.881677261225097,0.0,5.0,0.0,6,33.0023488252421,3.8526460298652143
5,0.0,4.055495253214051,5.0,0.0,0.0,0.0,5.0,5.0,5,32.626221363460985,4.154912684307595
5,0.0,4.028126163651483,5.0,0.0,0.0,0.0,5.0,5.0,5,32.233392693925595,4.467669910184073
5,0.0,3.9984477576415314,5.0,0.0,0.0,0.0,5.0,5.0,5,31.78118033651925,4.848718792395983
5,0.0,3.9774469981174465,5.0,0.0,0.0,0.0,5.0,0.0,46,31.238327189138715,5.157233926264874
5,0.0,3.9519480911430134,5.0,1.4557375340710057,0.0,0.0,5.0,0.0,46,30.847806866090664,5.488142140372208
5,0.0,3.9303764919666513,5.0,1.4514868169240358,0.0,0.0,5.0,0.0,46,30.468089110995635,5.793710723012001
5,0.0,3.9144293183334655,5.0,1.4968392017380217,0.0,0.0,5.0,0.0,46,30.18781642807476,6.014102855141758
5,0.0,3.898130334053824,5.0,1.5146946747454249,0.0,0.0,5.0,0.0,46,29.900529102458165,6.233034071330776
5,0.0,3.8609260379554815,5.0,1.5554518344153747,0.0,0.0,5.0,0.0,46,29.25269208619732,6.694420944155791
5,0.0,3.821122125815333,5.0,5.0,0.0,0.0,5.0,5.0,15,28.938118602190936,7.003138812315598
5,0.597824247679535,3.4053712724842065,5.0,5.0,4.188237674330795,0.0,5.0,5.0,15,27.787402595690924,7.061502930476253
5,0.0,3.7516901951128725,5.0,5.0,0.0,0.0,5.0,5.0,15,27.796970522713046,7.481524580099947
5,0.3842041703743987,3.405512447890236,5.0,5.0,4.155620636304789,0.0,5.0,5.0,15,26.149345179824145,7.060962844702711
5,0.23059933993727869,3.4048358535788656,5.0,5.0,4.307191960784456,0.0,5.0,5.0,15,24.979875890993092,7.060698721677724
5,0.0,3.405353040934011,5.0,5.0,0.0,0.0,5.0,5.0,15,23.17012852368439,7.071297467909639
5,0.0,3.351235900860633,5.0,5.0,0.0,0.0,5.0,5.0,15,22.472660513338518,7.138454093586489
5,0.0,3.308149334141068,5.0,5.0,0.5693028712049153,0.0,5.0,5.0,67,21.90918822932293,7.316417296578118
5,0.0,3.2781982851661153,5.0,5.0,0.3232125489237303,0.0,5.0,5.0,67,21.50319102657294,7.506826439397596
5,0.0,3.286920526429361,5.0,0.0,0.0,3.929131169133239,5.0,5.0,35,21.07997716670729,7.669895846176862
5,0.0,3.2638811102549687,5.0,0.0,0.0,4.040381415516393,5.0,5.0,35,20.756866017135028,7.842169640061057
5,0.0,3.240349383808421,5.0,0.0,0.0,4.154008876611046,5.0,5.0,35,20.427268376428035,8.042348490770985
5,0.0,3.219623406749264,5.0,0.0,0.0,2.706490028329282,5.0,5.0,82,20.16904860589734,8.210890617972382
5,0.0,3.1922443292800775,5.0,0.0,0.0,2.5936959310258474,5.0,5.0,82,19.798119753492937,8.4751052461576
5,0.0,3.1711596672420104,5.0,0.0,0.0,2.506833054648499,5.0,5.0,82,19.517902795804826,8.684736321208177
5,0.0,3.1524397653058243,5.0,0.0,0.0,2.429712324672214,5.0,5.0,82,19.27373679894932,8.873173700967072
5,0.0,3.1276161296327416,5.0,0.0,0.0,2.3274459287103366,5.0,5.0,82,18.956876025803503,9.125705753067162
5,0.0,3.1114954669154664,5.0,0.0,2.6174161998500973,5.0,5.0,5.0,87,18.673975400087862,9.362881511825284
5,0.0,3.0909824603060594,5.0,0.0,2.137639834424972,5.0,5.0,5.0,87,18.419297818524154,9.574228311723713
5,0.0,3.068804031142576,5.0,0.0,1.6189110913642422,5.0,5.0,5.0,87,18.14993984710411,9.808446160186714
5,0.0,3.0633806049779952,5.0,0.0,0.1416191501710298,5.0,5.0,5.0,103,18.102614125326788,9.848987599938038
5,0.0,3.044238792687733,5.0,0.0,0.20639322787521502,5.0,5.0,5.0,103,17.869164723820408,10.063059545936078
5,0.0,3.021366191293369,5.0,0.0,0.5844549682849707,5.0,5.0,5.0,112,17.58704116618129,10.325910833190934
5,0.0,3.0034287271134987,5.0,0.0,1.2402690054793672,5.0,5.0,5.0,112,17.360322894255845,10.537015604459274
5,0.0,2.983876117727828,5.0,0.0,1.9551345834851885,5.0,5.0,5.0,112,17.112777769750895,10.76402579574029
5,0.0,2.9642386196842807,5.0,0.0,2.6731037871136594,5.0,5.0,5.0,112,16.863594703230696,10.985536782669254
5,0.0,2.9449035156544747,5.0,0.0,3.380017122588936,5.0,5.0,5.0,112,16.61772971434059,11.19464714349105
5,0.0,2.915006114836307,5.0,0.0,0.0,5.0,5.0,5.0,127,16.31500575840126,11.430515629290765
5,0.0,2.873859257509546,5.0,0.0,0.0,5.0,5.0,5.0,127,15.816983069996807,11.781003029521468
5,0.0,2.7927741165416977,5.0,5.0,5.0,0.044406201982642446,0.0,5.0,128,15.468429932162778,11.992422678488783
5,0.0,2.763997195958452,5.0,5.0,5.0,0.2268969462437881,0.0,5.0,128,15.116385422792746,12.111563406413728
5,0.0,2.7265528707257936,5.0,5.0,5.0,0.4643526100733181,0.0,5.0,128,14.666559635669254,12.229728875216688
5,0.0,2.6914227101014183,5.0,5.0,5.0,0.6871328460547993,0.0,5.0,128,14.255398174460813,12.305192587530073
5,0.0,2.649435004005056,5.0,5.0,5.0,0.9534006599849898,0.0,5.0,128,13.779937166582396,12.356093931365603
5,0.0,2.6043841361030884,5.0,5.0,5.0,1.2390937170046916,0.0,5.0,128,13.289972819601921,12.37314752492319
5,0.0,2.5516210772819,5.0,5.0,3.1564444503331384,0.0,0.0,5.0,128,12.80846814559777,12.355197648426515
5,0.0,2.5129999755734254,5.0,5.0,5.0,1.8186124122207357,0.0,5.0,128,12.35343732969415,12.343180495946035
5,0.0,2.4591044453987174,5.0,5.0,5.0,2.1603944797452908,0.0,5.0,128,11.825776439804162,12.32116810234469
5,0.0,2.4000676917150012,5.0,5.0,3.843904984301834,0.0,0.0,5.0,128,11.33658144369979,12.306351361998981
5,0.0,2.3599843395511737,5.0,5.0,4.228984258653536,0.0,0.0,5.0,128,10.936306420088927,12.354315257182618
5,0.0,2.3272527246312786,5.0,5.0,5.0,0.0,0.0,5.0,128,10.585224085610857,12.440014626641855
5,0.0,2.3011184464143577,5.0,5.0,5.0,3.162273136431106,0.0,5.0,128,10.259229218633147,12.557883965859716
5,0.0,2.2877938480268005,5.0,5.0,5.0,1.8644679577573404,0.0,5.0,128,10.148166688080684,12.601985914397817
5,0.0,2.2631300179206613,5.0,5.0,5.0,3.4031792670600476,0.0,5.0,128,9.872921927106825,12.730931705654124
5,0.0,2.2345154420612583,5.0,5.0,5.0,3.584640491522672,0.0,5.0,128,9.588346222248944,12.881284210371867
5,0.0,2.207397272001211,5.0,5.0,5.0,3.7566121596844013,0.0,5.0,128,9.328612158944887,13.032499013360908
5,0.0,2.1754607669238277,5.0,4.9920136642833075,5.0,5.0,0.0,5.0,161,9.026108927429537,13.225738838050912
5,0.0,2.1426118645049637,5.0,4.987581854783098,5.0,5.0,0.0,5.0,161,8.754089307769508,13.415169787322721
5,0.0,2.109623294660563,5.0,4.983131202052895,5.0,5.0,0.0,5.0,161,8.503224269881438,13.607319536941116
5,0.0,2.0689226357719197,5.0,5.0,5.0,5.0,0.0,5.0,164,8.220325430419543,13.847644037219371
5,0.0,2.031068770172965,5.0,5.0,5.0,5.0,0.0,5.0,164,7.9713893425364475,14.080181701925525
5,0.0,1.9835956099923098,5.0,5.0,5.0,5.0,0.0,5.0,164,7.662480487686473,14.390221481473757
5,0.0,1.9457011723219946,5.0,5.0,5.0,5.0,0.0,5.0,164,7.407592053016199,14.657533114405432
5,0.0,1.9017390566523973,5.0,5.0,5.0,5.0,0.0,5.0,164,7.096894010123279,14.99331529410511
5,0.0,1.8773096932804374,5.0,5.0,5.0,5.0,0.0,5.0,173,6.917805253557251,15.19206722677237
5,0.0,1.8441400706137339,5.0,5.0,5.0,5.0,1.4776147112653093,5.0,173,6.662864042450099,15.47832002531555
5,0.0,1.8049328751328142,5.0,5.0,5.0,4.797914019192719,5.0,5.0,173,6.345640268370474,15.833697651612376
5,0.0,1.7700428037679405,5.0,5.0,5.0,4.491742395917585,5.0,5.0,173,6.076042923387771,16.1460043698639
5,0.0,1.7244997207125596,5.0,5.0,5.0,4.092087160988526,5.0,5.0,173,5.741862114663377,16.553817694493343
5,0.0,1.689589944949409,5.0,5.0,5.0,3.7857426252666633,5.0,5.0,173,5.503294420641513,16.855014766316316
5,0.0,1.6388046440163175,5.0,5.0,5.0,3.3400852385966244,5.0,5.0,173,5.184625702340533,17.2607037408282
5,0.0,1.593596064131453,5.0,5.0,5.0,2.9433653768181833,5.0,5.0,173,4.924573703370193,17.585623469020902
5,0.0,1.5212709686664125,5.0,5.0,5.0,2.3086893496331427,5.0,5.0,173,4.534524720307026,18.04540995541264
5,0.0,1.4617585356003457,5.0,5.0,5.0,1.7864485652467028,5.0,5.0,173,4.21907967494678,18.384353242418634
5,0.0,1.4048055260786052,5.0,5.0,5.0,1.2866675475090599,5.0,5.0,173,3.912235816875377,18.687853631375837
5,0.0,1.338525173825023,5.0,5.0,5.0,5.0,5.0,5.0,174,3.5205525116150795,19.06474154069795
5,0.0,1.2603372213298232,5.0,5.0,5.0,5.0,5.0,5.0,174,3.106044687544504,19.462502263818006
5,0.0,1.1785701391380736,5.0,5.0,5.0,5.0,5.0,5.0,174,2.7090068630851043,19.87862380313018
5,0.0,1.122350341363353,5.0,5.0,0.0,0.0,5.0,5.0,185,2.3478357396660066,20.213261511120322
5,0.0,1.0268189796333274,5.0,5.0,0.0,0.0,5.0,5.0,185,1.9618260088711494,20.70782897342388
5,0.0,0.9111155991278198,5.0,5.0,0.0,0.0,5.0,5.0,185,1.5657825735793267,21.329251246003224
5,0.0,0.772286988809386,5.0,5.0,0.0,0.0,5.0,5.0,185,1.1253206775710574,22.02106586859127
5,0.0,0.6084805853193582,5.0,5.0,0.0,0.0,5.0,5.0,185,0.6141120381187655,22.657754403377993
5,0.0,0.44591691698757274,5.0,5.0,0.0,0.0,5.0,5.0,185,0.19036297739442531,23.161725350868096
6,0.0,4.809654737541902,5.0,3.857768431808546,5.0,0.0,5.0,4.9998441277501176,8,46.221337541296236,-0.07486681563009867
6,0.0,4.758563473646512,5.0,0.15976096289444464,5.0,0.0,5.0,5.0,8,45.24211494382412,0.43923916928906337
6,0.0,4.74160650842443,5.0,1.7738236205872584,0.0,0.0,5.0,5.0,8,44.978497581594624,0.8567606158813987
6,0.0,4.702864628933662,5.0,1.758734060325794,0.0,0.0,5.0,5.0,8,44.236679950129144,1.4349107531613647
6,0.0,4.674838809544998,5.0,1.7478182943355831,0.0,0.0,5.0,5.0,8,43.70517553816208,1.8484243204855648
6,0.0,4.635494715301881,5.0,0.0,0.0,0.0,5.0,5.0,8,42.95593509509618,2.361931372927378
6,0.0,4.598582314588632,5.0,1.7181171804222433,0.0,0.0,5.0,5.0,8,42.281113295236494,2.76041296651886
6,0.0,4.54323496435602,5.0,5.0,0.0,0.0,5.0,5.0,8,41.28754215459563,3.214374829547804
6,0.0,4.473244269130594,5.0,1.6692993116235968,0.0,0.0,5.0,5.0,8,39.984445258860575,3.5139136260353254
6,0.0,4.134640505472513,5.0,1.7921728663042924,5.0,0.0,5.0,3.4479404972721466,8,34.1311674928019,3.2474354762558146
6,0.0,4.105123580512431,5.0,1.5259201212639923,0.0,0.0,5.0,5.0,8,33.43014731555396,3.552159999760921
6,0.0,4.066577018844039,5.0,0.0,0.0,0.0,5.0,5.0,27,32.95912430553774,3.878787323026847
6,0.0,4.037674758772008,5.0,0.0,0.0,0.0,5.0,5.0,27,32.57924252092114,4.198334490117791
6,0.0,4.010195935002176,5.0,5.0,0.0,0.0,5.0,4.171940592525259,27,32.11569091278524,4.579831300459023
6,0.0,3.995440681420644,5.0,5.0,0.0,0.0,5.0,2.6163721594489884,36,31.871884783352705,4.778454980669949
6,0.0,3.962985859857117,5.0,5.0,0.0,0.0,5.0,2.319427414527592,36,31.348226933762152,5.237943711233317
6,0.0,3.944833327972041,5.0,5.0,0.0,0.0,5.0,2.153341184790044,36,31.045502198838392,5.497670237406993
6,0.0,3.918883053138544,5.0,5.0,0.0,0.0,5.0,1.9159096609103166,36,30.605326281724473,5.862304243436705
6,0.0,3.9015349770231422,5.0,5.0,0.0,0.0,5.0,1.75718378325046,36,30.30904519083487,6.0970320453215106
6,0.0,3.873882828523953,5.0,5.0,0.0,0.0,5.0,1.5041810000877902,36,29.838951134398968,6.4485503913652735
6,0.0,3.845598140946503,5.0,5.0,0.0,0.0,5.0,1.2453908131990192,36,29.367443640960882,6.771267676866838
6,0.0,3.81989616105965,5.0,5.0,0.0,0.0,5.0,1.0102310589992447,36,28.952361600362913,7.026371872949467
6,0.6182032102305988,3.4064660376067977,5.0,5.0,3.803545553680622,0.0,5.0,5.0,46,27.767374585618242,7.068529947809285
6,0.44031047636332743,3.4057149836209817,5.0,5.0,3.979163541682387,0.0,5.0,5.0,46,26.432542140255265,7.0664097637133505
6,0.28356754729744027,3.4050532230247827,5.0,5.0,4.133902171179154,0.0,5.0,5.0,46,25.27444930435371,7.064651183252897
6,0.0,3.5098224615286897,5.0,5.0,4.058171928129777,0.0,5.0,5.0,46,24.602581081135565,7.2571365928259794
6,0.0,3.399988372237015,5.0,5.0,0.0,0.0,5.0,5.0,29,23.104301952520206,7.070500290591083
6,0.0,3.350206097890765,5.0,5.0,0.0,0.0,5.0,5.0,29,22.44956418195328,7.145446318083298
6,0.0,3.3063376477887996,5.0,5.0,0.0,0.0,5.0,5.0,61,21.8613982562227,7.337372898527777
6,0.0,3.281413553727402,5.0,2.4965922368729796,0.0,0.0,5.0,5.0,61,21.502946022513736,7.53817434357669
6,0.0,3.2558286314682356,5.0,2.6981936872770715,0.0,0.0,5.0,5.0,61,21.150578415563583,7.734632906675287
6,0.0,3.233834620640488,5.0,2.8714998415097073,0.0,0.0,5.0,5.0,61,20.849600267086934,7.923529594364762
6,0.0,3.210830053937746,5.0,3.0527688704405653,0.0,0.0,5.0,5.0,61,20.53830540340366,8.133966365884863
6,0.0,3.1854449664919193,5.0,3.252795682946505,0.0,0.0,5.0,5.0,61,20.20067677957972,8.373844284997512
6,0.0,3.1653771164476847,5.0,3.4109242726849445,0.0,0.0,5.0,5.0,61,19.93905478449868,8.565107909799416
6,0.0,3.1410181323379187,5.0,3.6028657012010914,0.0,0.0,5.0,5.0,61,19.628308785719973,8.797052230156133
6,0.0,3.1200852880792866,5.0,3.7678101837707514,0.0,0.0,5.0,5.0,61,19.36718977380247,8.997063087783587
6,0.0,3.1085994934304697,5.0,0.0,0.0,0.0,5.0,5.0,27,19.121203506599148,9.20096888557968
6,0.0,3.0839577067682393,5.0,0.0,0.0,0.0,5.0,5.0,27,18.804858513270368,9.453960638746537
6,0.0,3.0689898691853164,5.0,0.0,0.0,0.0,5.0,5.0,27,18.6149062540487,9.612760485568497
6,0.0,3.0425414857615873,5.0,0.0,0.0,0.0,5.0,5.0,27,18.282546842549994,9.902942101995098
6,0.0,3.039113543921922,5.0,0.0,0.0,0.0,5.0,5.0,27,18.239731304839577,9.941297531273793
6,0.0,3.015477174114195,5.0,0.0,0.0,0.0,5.0,5.0,27,17.945822810808274,10.208407709509217
6,0.0,2.9926547091575966,5.0,0.0,0.0,0.0,5.0,5.0,7,17.66375364258762,10.466795548029348
6,0.0,2.969843310933282,5.0,0.0,0.0,0.0,5.0,5.0,7,17.38290148958636,10.720234535222518
6,0.0,2.9600931162689696,5.0,0.0,0.0,0.0,5.0,5.0,7,17.26304330800424,10.825980382355048
6,0.0,2.938210628981966,5.0,0.0,0.0,0.0,5.0,5.0,89,16.994164503920175,11.055842046606404
6,0.0,2.8759028282368213,5.0,4.6785777453697435,0.0,0.0,5.0,5.0,89,16.484048143824758,11.470051348201117
6,0.0,2.851345200107069,5.0,4.697230533258612,0.0,0.0,5.0,5.0,89,16.1942446479828,11.655812769418985
6,0.0,2.825161409278345,5.0,4.71711847576976,0.0,0.0,5.0,5.0,89,15.884952102010228,11.830461408529526
6,0.0,2.7930991314800413,5.0,4.741471432979058,0.0,0.0,5.0,5.0,89,15.50705585558173,12.011164040695363
6,0.0,2.767291316989111,5.0,4.761073802028346,0.0,0.0,5.0,5.0,89,15.204951830189174,12.130233119524554
6,0.0,2.7100187912731077,5.0,5.0,0.0,5.0,5.0,5.0,130,14.724575054345602,12.244436620626107
6,0.0,2.666799377179406,5.0,5.0,0.0,5.0,5.0,5.0,130,14.2438970094538,12.310167989063613
6,0.0,2.622391464518752,5.0,5.0,0.0,5.0,5.0,5.0,130,13.773548167233262,12.334496307778426
6,0.0,2.5730829728866524,5.0,5.0,0.0,5.0,5.0,5.0,130,13.283733886807628,12.330251929659353
6,0.0,2.525123178899833,5.0,5.0,0.0,5.0,5.0,5.0,130,12.84030159934531,12.313369655743243
6,0.0,2.4754692925554065,5.0,5.0,0.0,5.0,5.0,5.0,130,12.408829532098743,12.294383435096076
6,0.0,2.4168708090846085,5.0,5.0,0.0,5.0,5.0,5.0,130,11.912290273202162,12.276352511380457
6,0.0,2.3577890413798426,5.0,5.0,0.0,5.0,5.0,4.962391335994264,130,11.383753125312213,12.298727920746039
6,0.0,2.323730656242902,5.0,5.0,0.0,5.0,5.0,5.0,150,11.051904808069565,12.35538033045562
6,0.0,2.295742871528553,5.0,5.0,0.0,5.0,5.0,5.0,150,10.764010630268514,12.431986569014954
6,0.0,2.2654719632331326,5.0,5.0,0.0,5.0,5.0,5.0,150,10.441551924016016,12.541566797923789
6,0.0,2.2278814052301033,5.0,5.0,0.0,5.0,5.0,5.0,150,10.036649087247543,12.703811226827654
6,0.0,2.2111608469474655,5.0,5.0,0.0,5.0,5.0,5.0,165,9.859095588286609,12.781775552205449
6,0.0,2.1861714135043777,5.0,5.0,0.0,5.0,5.0,5.0,165,9.600856628053519,12.902984391672522
6,0.0,2.1620868783697147,5.0,5.0,0.0,5.0,5.0,5.0,165,9.363159210914068,13.024940454244785
6,0.0,2.1289452123126282,5.0,5.0,0.0,5.0,5.0,5.0,165,9.057815302360758,13.202773005645078
6,0.0,2.0996700939778505,5.0,5.0,0.0,5.0,3.2300434775841906,5.0,171,8.78989818144353,13.383978562238045
6,0.0,2.0655180386759397,5.0,5.0,0.0,5.0,3.4512385422125256,5.0,171,8.531389852814035,13.597418221177175
6,0.0,2.027250487594641,5.0,5.0,0.0,5.0,3.6990887333581908,5.0,171,8.258810380056483,13.864541718077707
6,0.0,1.9953184987243964,5.0,5.0,5.0,5.0,5.0,4.96746945328122,176,7.997261418385198,14.123105430722838
6,0.0,1.9628675208841282,5.0,5.0,5.0,5.0,5.0,4.909728592177488,176,7.760671735668495,14.371778895149806
6,0.0,1.928255960743554,5.0,5.0,5.0,5.0,5.0,4.848143351310559,176,7.5015706729914235,14.652530009676802
6,0.0,1.8953434459917038,5.0,5.0,5.0,5.0,5.0,4.789581265686658,176,7.246534414962852,14.931218921350105
6,0.0,1.8633813834289303,5.0,5.0,5.0,5.0,5.0,4.732710344135081,176,6.991634251330414,15.210603741575076
6,0.0,1.829534390613873,5.0,5.0,5.0,5.0,5.0,4.672485517612656,176,6.717192590463625,15.514353635713892
6,0.0,1.7950037640146952,5.0,5.0,5.0,5.0,5.0,4.611044283881517,176,6.437373633389797,15.83097568977991
6,0.0,1.7602465514840957,5.0,5.0,5.0,0.0,5.0,3.6234737685836023,185,6.16800518680683,16.191760380518854
6,0.0,1.7191449093542328,5.0,5.0,5.0,0.0,5.0,3.5117323378641223,185,5.858135266985009,16.551002516625132
6,0.0,1.6732795933048998,5.0,5.0,5.0,0.0,5.0,3.387040092732879,185,5.535301214715339,16.93454245134154
6,0.0,1.636766649087267,5.0,5.0,5.0,0.0,5.0,3.2877737759816443,185,5.295971139725069,17.22035162324685
6,0.0,1.586704069104337,5.0,5.0,5.0,0.0,5.0,3.1516705931665587,185,4.988925264591419,17.58411261527646
6,0.0,1.5264749015418835,5.0,5.0,5.0,0.0,5.0,2.98792790538762,185,4.640412347432353,17.98896404246816
6,0.0,1.4813842830025403,5.0,5.0,0.0,0.0,5.0,4.758989619847008,189,4.318543626271612,18.422849664790714
6,0.0,1.425232746828865,5.0,5.0,0.0,0.0,5.0,4.485169721062116,189,3.9879444920825478,18.75844142667815
6,0.0,1.3586376496648676,5.0,5.0,0.0,0.0,5.0,4.160422367603871,189,3.59758615945562,19.12975389745958
6,0.0,1.2945635629976135,5.0,5.0,0.0,0.0,5.0,3.8479685841188322,189,3.2314073308534574,19.44720599544117
6,0.0,1.2190663094390979,5.0,5.0,0.0,0.0,5.0,3.479810351297024,189,2.8282285113052517,19.776108414734125
6,0.0,1.1353461956000457,5.0,5.0,0.0,0.0,5.0,4.814222072901703,189,2.4185146677275924,20.145063316786764
6,0.0,1.0350369480110966,5.0,5.0,0.0,0.0,5.0,5.0,81,2.0071394044511663,20.632849379396696
6,0.0,0.9175310205649534,5.0,5.0,0.0,0.0,5.0,5.0,81,1.5864529425179157,21.30792041316225
6,0.0,0.7969827336458086,5.0,5.0,0.0,0.0,5.0,5.0,81,1.1987020680610776,21.964157110830023
6,0.0,0.6206146953019276,5.0,5.0,0.0,0.0,5.0,5.0,81,0.7253061672667407,22.515806382769114
6,0.0,0.3811666340632581,5.0,5.0,0.0,0.0,5.0,5.0,81,0.26138533877460546,23.109979688567776
7,0.561771882746985,4.899437730737546,5.0,5.0,5.0,0.0,5.0,0.0,7,54.10708396489062,-0.4710624567599311
7,0.0,4.81917222219101,5.0,5.0,5.0,0.0,5.0,5.0,7,46.408913980912885,-0.11755301338836333
7,0.0,4.785767651436804,5.0,5.0,0.0,0.0,5.0,5.0,7,45.85353003055098,0.3252164697795017
7,0.0,4.745994707186863,5.0,5.0,0.0,0.0,5.0,5.0,7,45.07958096870545,0.7963795173100578
7,0.0,4.708654471199373,5.0,5.0,0.0,0.0,5.0,5.0,7,44.3641173970766,1.3516889741770761
7,0.0,4.675264592709619,5.0,5.0,5.0,0.0,5.0,5.0,7,43.74654674855944,1.702412841318992
7,0.0,4.643986738694488,5.0,5.0,0.0,0.0,5.0,5.0,7,43.14401182485669,2.2720251506799922
7,0.0,4.6145855740059325,5.0,5.0,0.0,0.0,5.0,5.0,7,42.597587626203804,2.616952324948741
7,0.0,4.5584890340731965,5.0,5.0,0.0,0.0,5.0,5.0,7,41.569629050932384,3.128569268790569
7,0.21092392795912904,4.199686558306988,5.0,0.0,5.0,0.0,5.0,2.1449344376177724,34,37.02088929818542,3.0852810072532133
7,0.0,4.150666868712735,5.0,0.0,5.0,0.0,5.0,2.8436966514034747,34,34.39759344851803,3.1644845383225864
7,0.0,4.097599803121431,5.0,0.0,5.0,0.0,5.0,3.3615172935606106,34,33.67330228337162,3.450905416063959
7,0.0,4.076411578374014,5.0,1.582937465214869,0.0,0.0,5.0,4.406055406813219,37,33.06811005041969,3.795945635776098
7,0.0,4.044097159147721,5.0,1.3904570358026256,0.0,0.0,5.0,4.443210604086394,37,32.64609808575207,4.128440954755392
7,0.0,4.019928430974918,5.0,5.0,0.0,0.0,5.0,2.55505849234917,37,32.22183231747063,4.4684379441707645
7,0.0,3.9916892023464956,5.0,1.0782897039661252,0.0,0.0,5.0,4.503469399393757,37,31.903865918267897,4.7908762644275775
7,0.0,3.967270974152553,5.0,0.932842836567936,0.0,0.0,5.0,4.53154553714681,37,31.530630784757406,5.1272287807613495
7,0.0,3.9436494138704385,5.0,0.7921413115103827,0.0,0.0,5.0,4.5587056642107076,37,31.1552313735344,5.454628000257582
7,0.0,3.9152432876900916,5.0,3.129849391100744,5.0,0.0,5.0,2.3777225131942963,35,30.795436022073282,5.74944919049401
7,0.0,3.893702548347605,5.0,3.3894289678796548,5.0,0.0,5.0,2.271323576280672,35,30.405262341292058,6.046198142285819
7,0.0,3.8718398471843347,5.0,3.652888388885321,5.0,0.0,5.0,2.16333433204688,35,30.009274681606712,6.334713118646883
7,0.0,3.8505374519286573,5.0,3.9095957681877214,5.0,0.0,5.0,2.0581126786541657,35,29.627234982905396,6.6011240953171395
7,0.5170914552745934,3.4651312906791754,5.0,0.0,0.0,0.0,5.0,0.0,45,28.313399701237714,6.688930780268642
7,0.5160865519510193,3.4423655835421125,5.0,0.0,0.0,0.0,5.0,0.0,45,27.979629808434282,6.660310824210891
7,0.1845288437516029,3.447178206821274,5.0,0.0,0.0,0.0,5.0,0.0,45,25.569575548972203,6.655365204210202
7,0.0335128709022097,3.442208504511956,5.0,0.0,0.0,0.0,5.0,0.0,45,24.400838376007915,6.651001824584542
7,0.0,3.4375535290718293,5.0,0.0,0.0,0.0,5.0,4.676638220763377,61,23.667010958892043,6.764044161959099
7,0.0,3.3943509144906137,5.0,0.0,0.0,0.0,5.0,4.495988160203973,61,23.096214816108564,6.898661169485525
7,0.0,3.3651110021596384,5.0,0.0,0.0,0.0,5.0,4.3737225986275465,61,22.706912518584417,7.067185081126002
7,0.0,3.3316710108348584,5.0,0.0,0.0,0.0,5.0,4.233894569317627,61,22.258633300547526,7.264172500527852
7,0.0,3.2926385369511966,5.0,0.0,0.0,0.0,5.0,3.302257816936534,66,21.76223558769988,7.444719995620895
7,0.0,3.2639099811130605,5.0,0.0,0.0,0.0,5.0,3.5520967505038232,66,21.346322642829474,7.610983444369548
7,0.0,3.2377113853424615,5.0,0.0,0.0,0.0,5.0,3.7799337940769693,66,20.970328255578412,7.796226450825987
7,0.0,3.2145058258373638,5.0,0.0,0.0,0.0,5.0,3.9817417886121387,66,20.64117925389069,8.0000463525041
7,0.0,3.196146671009721,5.0,0.0,0.0,0.0,5.0,4.141402848123046,66,20.384288043929548,8.187110603951663
7,0.0,3.178646241165319,5.0,0.0,5.0,0.0,5.0,4.708783493177836,77,20.052513286786976,8.416733531093847
7,0.0,3.1679642257219913,5.0,0.0,5.0,0.0,5.0,4.725094765538112,77,19.89811712901178,8.53705741392317
7,0.0,3.1450109062615095,5.0,0.0,5.0,0.0,0.0,5.0,83,19.53902273149137,8.855262588901313
7,0.0,3.1212247337744694,5.0,0.0,5.0,0.0,3.337758322593911,5.0,83,19.227156716918536,9.082895571839416
7,0.0,3.106366297296863,5.0,0.0,5.0,0.0,0.0,5.0,83,18.987643209227137,9.2680965460134
7,0.0,3.086951258628774,5.0,0.0,5.0,0.0,0.0,5.0,83,18.71874445108212,9.479497060710017
7,0.0,3.064862705117219,5.0,0.0,5.0,0.0,0.0,5.0,83,18.42009053296165,9.723043847099355
7,0.0,3.0579738843117923,5.0,0.0,5.0,0.0,0.0,5.0,83,18.32855075905683,9.799411516277777
7,0.0,3.0429413098173286,5.0,0.0,5.0,0.0,0.0,5.0,83,18.131373123592084,9.966009722519027
7,0.0,3.0210336422822137,5.0,0.0,5.0,0.0,0.0,5.0,83,17.84987891613115,10.206614187266021
7,0.0,2.993702908714072,5.0,0.0,5.0,0.0,0.0,5.0,83,17.50635654892833,10.499024601897094
7,0.0,2.9799003575509078,5.0,0.0,5.0,0.0,0.0,5.0,120,17.334785187834356,10.642226084151273
7,0.0,2.9135565142077793,5.0,4.979131189645974,5.0,0.0,0.0,5.0,120,16.821395757709293,11.040821131895434
7,0.0,2.890790771109213,5.0,5.0,5.0,0.0,0.0,5.0,120,16.53803628062211,11.216399340450957
7,0.0,2.87127539567126,5.0,4.975618813307106,5.0,0.0,0.0,5.0,120,16.285847586732622,11.352522502415345
7,0.0,2.8383219966096354,5.0,4.9728813091171595,5.0,0.0,0.0,5.0,120,15.854768757099931,11.550765541858254
7,0.0,2.818218629564618,5.0,4.971211282561936,5.0,0.0,0.0,5.0,120,15.5920573681066,11.659695936351365
7,0.0,2.7890453419895906,5.0,4.968787799727227,5.0,0.0,0.0,5.0,120,15.219570556864436,11.810042386376447
7,0.0,2.7565557643836467,5.0,4.9660888261051275,5.0,0.0,0.0,5.0,120,14.825594502247327,11.968948949397866
7,0.0,2.7381944834734604,5.0,4.9645635180987995,5.0,0.0,0.0,5.0,120,14.61494753296086,12.052715978897286
7,0.0,2.6960820389379214,5.0,4.961065153843586,5.0,0.0,0.0,5.0,120,14.166422366756935,12.218218007972162
7,0.0,2.6441344911138733,5.0,5.0,0.0,0.0,5.0,5.0,7,13.691288304007902,12.383108470634172
7,0.0,2.595360300015411,5.0,5.0,0.0,0.0,5.0,5.0,7,13.245645942983776,12.416673667885632
7,0.0,2.5571591217907756,5.0,5.0,0.0,0.0,5.0,5.0,158,12.925821122690746,12.422160105065469
7,0.0,2.493865315106018,5.0,5.0,0.0,0.0,5.0,5.0,158,12.424479301737332,12.420933854493747
7,0.0,2.4226923083873153,5.0,5.0,0.0,0.0,5.0,5.0,25,11.853640307895114,12.410444709586447
7,0.0,2.365074310837176,5.0,5.0,0.0,0.0,5.0,5.0,25,11.351616140813542,12.421136573625702
7,0.0,2.3303127013455374,5.0,5.0,0.0,0.0,5.0,5.0,25,11.026258216315599,12.478379492603267
7,0.0,2.2909949816962953,5.0,5.0,0.0,0.0,5.0,5.0,25,10.640200024320562,12.61241232744765
7,0.0,2.2887819787489883,5.0,5.0,0.0,0.0,5.0,5.0,25,10.618036619484402,12.621907743880424
7,0.0,2.256370952880604,5.0,5.0,0.0,0.0,2.886145559703863,5.0,182,10.222453517461394,12.804374399003127
7,0.0,2.2302863306177354,5.0,5.0,0.0,0.0,2.963243310010577,5.0,182,9.958396510329296,12.928328987690152
7,0.0,2.1980463341377536,5.0,5.0,0.0,0.0,3.0585343659229034,5.0,182,9.640602982390401,13.077349378062289
7,0.0,2.156446424634698,5.0,5.0,5.0,0.0,0.0,5.0,188,9.208148049143292,13.219712832158255
7,0.0,2.13424597399467,5.0,5.0,5.0,0.0,0.0,5.0,188,9.01238442368526,13.295991523908365
7,0.0,2.1137667288042823,5.0,0.0,5.0,0.0,0.0,5.0,27,8.62036546916256,13.537216548580595
7,0.0,2.0872437284470333,5.0,0.0,5.0,0.0,0.0,5.0,27,8.42736876174532,13.651007784336565
7,0.0,2.0358264425478207,5.0,2.2646106341357672,5.0,0.0,0.0,5.0,27,8.166854936461528,13.883355583031404
7,0.0,1.998404227806062,5.0,0.0,5.0,0.0,0.0,5.0,27,7.846116364746955,14.229518851918247
7,0.0,1.9728262693508274,5.0,0.0,5.0,0.0,5.0,5.0,81,7.704251590151474,14.50268587573097
7,0.0,1.9322903103720945,5.0,0.0,5.0,0.0,5.0,5.0,81,7.404663574619567,14.853476503868702
7,0.0,1.900611502714712,5.0,0.0,5.0,0.0,5.0,5.0,81,7.161284438854073,15.125395461176657
7,0.0,1.8634441393980627,5.0,0.0,5.0,0.0,5.0,5.0,81,6.8688029469028375,15.434213195183426
7,0.0,1.8183152887931957,5.0,0.0,5.0,0.0,5.0,5.0,81,6.513341002630167,15.794840534842308
7,0.0,1.7781612812211665,5.0,5.0,5.0,0.0,0.0,5.0,81,6.324004201863854,15.98239423065035
7,0.0,1.7373269980333972,5.0,0.0,5.0,0.0,5.0,5.0,81,5.915138805581975,16.443842768950486
7,0.0,1.7037655777443195,5.0,0.0,5.0,0.0,5.0,5.0,81,5.692555565032194,16.722545598544894
7,0.0,1.6637855280319012,5.0,5.0,5.0,0.0,5.0,5.0,81,5.42910761064449,17.03370925730699
7,0.0,1.6155148421777679,5.0,5.0,5.0,0.0,5.0,5.0,81,5.136875171413301,17.439381481248578
7,0.0,1.551132501860391,5.0,0.0,5.0,0.0,5.0,5.0,81,4.858023483167326,17.927981734751633
7,0.0,1.473099617037913,5.0,0.0,5.0,0.0,5.0,5.0,81,4.479572794316933,18.422953556293304
7,0.0,1.4147119471962677,5.0,0.0,5.0,0.0,5.0,5.0,81,4.188749459483329,18.738982573802538
7,0.0,1.3723646244093932,5.0,5.0,0.0,0.0,5.0,5.0,162,3.8189474614890564,19.071529480691122
7,0.0,1.302931609938067,5.0,5.0,0.0,0.0,5.0,5.0,162,3.4139093664546785,19.393768260940995
7,0.0,1.2350367650337555,5.0,5.0,0.0,0.0,0.0,5.0,162,3.005226030091979,19.690800992000288
7,0.0,1.1484743560239277,5.0,5.0,0.0,0.0,5.0,5.0,162,2.5888468343550635,20.046969128354014
7,0.0,1.050996655144216,5.0,5.0,0.0,0.0,5.0,5.0,162,2.1635869357896382,20.427397933464043
7,0.0,0.9313689848119466,5.0,5.0,0.0,0.0,5.0,5.0,163,1.714446034147418,20.988206144421166
7,0.0,0.8134035271621082,5.0,5.0,0.0,0.0,5.0,5.0,163,1.3129536893805493,21.701399269075416
7,0.0,0.670664594775231,5.0,5.0,0.0,0.0,5.0,5.0,163,0.881366444584657,22.40142414291472
7,0.0,0.44664301129265893,5.0,5.0,0.0,0.0,5.0,5.0,163,0.3721836520216968,22.877648609848855
7,0.0,0.09023034643901473,5.0,5.0,5.0,0.0,5.0,5.0,163,-0.0159921948241859,24.774550690086304
8,0.0,4.828067847682195,5.0,4.185411482942984,5.0,0.0,5.0,4.112200494900592,0,46.63783434658928,-0.20065504372113097
8,0.0,4.7750313097023795,5.0,5.0,5.0,0.0,5.0,5.0,0,45.593490889274946,0.20152500277690777
8,0.0,4.733216851528071,5.0,4.138787755737205,5.0,0.0,5.0,4.074261863239802,0,44.92691501989576,0.7650838365163501
8,0.0,4.704277605246293,5.0,4.124562754641908,5.0,0.0,5.0,4.062686703781896,0,44.41695865833705,1.2230179552777383
8,0.0,4.674859612960817,5.0,4.110102427361516,5.0,0.0,5.0,4.05092005484017,0,43.88742872029844,1.690589732648455
8,0.0,4.638714617242467,5.0,4.092335461398523,5.0,0.0,5.0,4.036462729829992,0,43.22397412057879,2.2218027024231635
8,0.0,4.602106481681774,5.0,5.0,5.0,0.0,0.0,5.0,0,42.49801284492827,2.6441943885446157
8,0.0,4.561246437623353,5.0,4.0542562063549505,5.0,0.0,5.0,4.005476900991402,0,41.81889720645284,3.0851997100129083
8,0.29942659645903186,4.207379111917382,5.0,4.1253141067696495,5.0,0.0,5.0,3.2161422845614758,0,37.78355500076931,3.086317531382168
8,0.0,4.167224427486335,5.0,3.952330336228473,5.0,0.0,5.0,3.912936278684901,0,34.58533868283598,3.120962787229603
8,0.0,4.113306403985843,5.0,2.7885685639622255,5.0,0.0,4.516940270851743,5.0,0,33.83128144259088,3.3373718962326855
8,0.0,4.076599614963653,5.0,0.0,5.0,0.0,0.1977070350740627,5.0,34,33.16379218585212,3.729721409727569
8,0.0,4.032400802805868,5.0,1.4052066971608639,5.0,0.0,2.6603659338706658,5.0,34,32.43057865556573,4.0078975768888725
8,0.0,4.011160327919138,5.0,0.0,5.0,0.0,0.8162854001433629,5.0,34,31.928980252027603,4.296670958047022
8,0.0,3.9866381231916654,5.0,0.5862521419837372,5.0,0.0,2.0771236498953187,5.0,34,31.4674254322901,4.537178129877949
8,0.0,3.976305404954421,5.0,0.0,5.0,0.0,1.145758752251623,5.0,34,31.22407866321899,4.685130167219446
8,0.0,3.948810032929067,5.0,0.0,5.0,0.0,1.4056644303627888,5.0,34,30.69070303591404,5.0164619623453195
8,0.0,3.9135522072361306,5.0,0.0,5.0,0.0,1.6264602399204895,5.0,44,30.063874695592915,5.454443421261081
8,0.0,3.9018521241893414,5.0,0.0,5.0,0.0,1.7625127458642267,5.0,44,29.873332492022655,5.5989718365913035
8,0.0,3.875792128808096,5.0,0.0,5.0,0.0,2.0655471484681898,5.0,44,29.477473965641195,5.914569326541599
8,0.0,3.8425862999908778,5.0,0.0,5.0,0.0,2.4516757087916163,5.0,44,29.0170944113274,6.294063328271772
8,0.0,3.814766325666583,5.0,0.0,5.0,0.0,2.775175739259292,5.0,44,28.652466576375474,6.582817062701006
8,0.6198038826064463,3.4440740903055533,5.0,3.0783940918313286,0.0,0.0,1.0914129563827533,4.385766338553022,51,28.024203914166627,6.791953780107958
8,0.48623587058478235,3.443790638787985,5.0,2.893362173602884,0.0,0.0,0.7912581925044737,4.997146419137646,51,26.992670760991235,6.797200817203493
8,0.22498177411028775,3.4438918463388686,5.0,3.12663191091643,0.0,0.0,0.9199777902776185,4.221663033296781,56,25.09320575130269,6.786925674987053
8,0.06748622691916226,3.443938318492468,5.0,3.142266574475613,0.0,0.0,1.0803076816038475,4.169481205005269,56,23.989192792181704,6.785046661624969
8,0.00034947292525630905,3.4437964583118124,5.0,3.056811114638905,0.0,0.0,0.9464580080074005,4.452555625385777,56,23.516627357546504,6.7856436601945695
8,0.0,3.3754557188354566,5.0,2.045927071049854,0.0,4.5819282256500165,0.0,2.68038667828093,57,22.546111696577128,6.964061347275958
8,0.0,3.3344774309430862,5.0,2.929888962094079,0.0,4.949771893409246,0.0,1.4199517209343382,57,22.013190585070614,7.10841951874124
8,0.0,3.3092628424550745,5.0,2.988311689532523,0.0,5.0,0.0,1.200658411803256,73,21.68296690325668,7.2401411446706785
8,0.0,3.270857573015153,5.0,2.6127521366837088,0.0,5.0,0.0,1.831812705685668,73,21.18354909498376,7.476564427959682
8,0.0,3.2432570640106464,5.0,2.292235132910429,0.0,5.0,0.0,2.9846932621872764,73,20.835354104883542,7.669490021771724
8,0.0,3.2170129142983193,5.0,2.2179625885924676,0.0,5.0,0.0,3.908991118123986,73,20.503119434671174,7.869907338939877
8,0.0,3.196092139665787,5.0,2.6032003330155034,0.0,5.0,0.0,3.622748877381164,73,20.204653074128217,8.054168344384516
8,0.0,3.1908665804241663,5.0,2.6994244303995623,0.0,5.0,0.0,3.5512517262130716,73,20.130431722675446,8.104517106290668
8,0.0,3.149510173097539,5.0,2.861757473037523,0.0,5.0,0.0,4.3082646893013585,78,19.615596369413733,8.485851301899313
8,0.0,3.1378896480195113,5.0,2.9967109541532477,0.0,5.0,0.0,3.9639554004936075,78,19.454220705639564,8.618972223422968
8,0.0,3.1042821397645226,5.0,3.078879194649997,0.0,5.0,0.0,4.906711256870803,78,19.08722688563812,8.93475760566557
8,0.0,3.0914586575300325,5.0,3.1284792787947695,0.0,5.0,0.0,4.999986577601389,78,18.941853172720645,9.069454596053838
8,0.0,3.07841685827338,5.0,3.299272615538184,0.0,5.0,0.0,5.0,78,18.793123681006662,9.21290428070622
8,0.0,3.0583712851177207,5.0,3.136734299914114,0.0,5.0,0.0,5.0,87,18.568338409957107,9.438840595124521
8,0.0,3.0366165337735107,5.0,2.937767165937188,0.0,5.0,0.0,5.0,87,18.329263839729574,9.693167067784804
8,0.0,3.0192213748068317,5.0,3.205328760066773,4.342248502382841,5.0,0.0,5.0,87,18.11721587010202,9.899454806546867
8,0.0,2.9945996144518072,5.0,2.5534839404613043,0.0,5.0,0.0,5.0,87,17.8805650944214,10.194003693314112
8,0.0,2.9760123830396457,5.0,2.3834866785239543,0.0,5.0,0.0,5.0,87,17.683865675112248,10.411953428248413
8,0.0,2.953859457846608,5.0,2.180877879870094,0.0,5.0,0.0,5.0,87,17.44437751437941,10.662998944200869
8,0.0,2.9239203575899095,5.0,1.9070573761248988,0.0,5.0,0.0,5.0,87,17.098741654588082,10.980004833659944
8,0.0,2.8975868095532817,5.0,1.6662129510432102,0.0,5.0,0.0,5.0,87,16.761855919444244,11.232321308211688
8,0.0,2.874621581281118,5.0,1.4561748964526942,0.0,5.0,0.0,5.0,87,16.439763899244628,11.430676294206744
8,0.0,2.8500520018661692,5.0,1.2314635806641192,0.0,5.0,0.0,5.0,87,16.071929427417498,11.622105689556703
8,0.0,2.827039102071783,5.0,1.020989526323537,0.0,5.0,0.0,5.0,87,15.717229516160359,11.785027603649525
8,0.0,2.8045487890271756,5.0,0.8152950066332345,0.0,5.0,0.0,5.0,87,15.373045714360622,11.932094758154216
8,0.0,2.779419821922997,5.0,0.5854675778839946,0.0,5.0,0.0,5.0,87,15.001721550944385,12.085135084248513
8,0.0,2.7569331415031755,5.0,0.3798062818757725,0.0,5.0,0.0,5.0,87,14.685750268318666,12.21362698182838
8,0.0,2.6944800532235695,5.0,5.0,0.0,0.0,5.0,1.460467591917813,101,14.271829983403105,12.389058660852559
8,0.0,2.6448977021642546,5.0,5.0,0.0,0.0,5.0,1.905703702281425,101,13.784067671435697,12.420767073695686
8,0.18519066465835787,2.497080976668949,5.0,5.0,0.0,5.0,5.0,1.612106031012498,101,13.365364045216056,12.369454064687224
8,0.0,2.5352322038059336,5.0,5.0,0.0,0.0,5.0,2.8904702348674682,101,12.785143434157597,12.41167181933646
8,0.0,2.4796859448291726,5.0,5.0,0.0,0.0,5.0,3.3892606262806813,101,12.310484147046637,12.394181645832223
8,0.0,2.426322180322203,5.0,5.0,0.0,1.3888582036896022,5.0,2.608771025896273,101,11.828746823538685,12.374858121352379
8,0.0,2.3711435539252292,5.0,5.0,0.0,0.0,5.0,4.363941957503261,101,11.388928704434,12.407231821391196
8,0.0,2.335510538919598,5.0,5.0,0.0,0.0,5.0,4.683916800621452,101,11.068747227315168,12.468668391889409
8,0.0,2.2922439767218368,5.0,5.0,1.1531640068888385,0.0,5.0,5.0,114,10.660936053688577,12.60734978267702
8,0.0,2.2888197968122608,5.0,5.0,0.9358585641451672,0.0,5.0,5.0,114,10.625717582370056,12.621486856384466
8,0.0,2.236879367394002,5.0,5.0,5.0,0.0,1.2632526436028013,5.0,114,10.002159501086393,12.873630763128732
8,0.0,2.2092202434824406,5.0,5.0,5.0,0.0,0.0,5.0,10,9.683650503754647,12.990948476261092
8,0.0,2.1836002217992228,5.0,5.0,5.0,0.0,0.0,5.0,10,9.429660598664121,13.086705529821174
8,0.0,2.177830548124082,5.0,4.129102457965604,5.0,0.0,0.0,5.0,130,9.330453904193979,13.137964126844595
8,0.0,2.139847873467895,5.0,4.075778491666907,5.0,0.0,0.0,5.0,130,8.996659291332994,13.286067588338234
8,0.0,2.098261717271698,5.0,4.684883995233424,5.0,0.0,0.0,5.0,133,8.712955310714719,13.451998808834361
8,0.0,2.0583707622123586,5.0,4.729519591706369,5.0,0.0,0.0,5.0,133,8.457724365992913,13.68069604530124
8,0.0,2.0235869855221105,5.0,3.594160132311694,5.0,0.31524820328735653,0.0,5.0,133,8.208649401350057,13.963305678621992
8,0.0,1.9812475568798373,5.0,4.815815852771107,5.0,0.0,0.0,5.0,133,7.989140004363257,14.269696403964627
8,0.0,1.9412505659407955,5.0,4.860570097061108,5.0,0.0,0.0,5.0,133,7.718547462581551,14.620330964903916
8,0.0,1.908162151064558,5.0,4.89759405730844,5.0,0.0,0.0,5.0,133,7.475595652256972,14.917284889104183
8,0.0,1.901463265144891,5.0,4.56125077201501,0.0,5.0,5.0,0.0,142,7.244858460102229,15.222810321605849
8,0.0,1.8658152414997164,5.0,4.204878650693206,0.0,5.0,5.0,0.0,142,6.92661536706829,15.476080597973926
8,0.0,1.8307861073427045,5.0,0.7687801589496113,5.0,3.950481314665492,5.0,0.0,142,6.608323077715541,15.676881540917206
8,0.0,1.782395957704321,5.0,2.5148453602436334,5.0,3.410608910421627,5.0,0.0,142,6.258435595386899,15.9700984626368
8,0.0,1.7496826092348747,5.0,1.704329543588257,5.0,4.235741441685717,5.0,0.0,142,5.991811447839076,16.24236389687573
8,0.0,1.7123090133837229,5.0,2.670281930989475,0.0,5.0,5.0,0.0,142,5.675682011963808,16.596953291440276
8,0.0,1.6696100582902338,5.0,2.2434218796062027,0.0,5.0,5.0,0.0,142,5.385162589659252,16.929480335243262
8,0.0,1.6105672508049171,5.0,5.0,0.0,0.0,5.0,5.0,27,5.1295280959453216,17.633401197687228
8,0.0,1.5347421881022394,5.0,0.7855660722298341,5.0,0.0,5.0,0.0,27,4.76929261551912,17.826819963600787
8,0.0,1.5064419892920644,5.0,1.3498130160963482,0.0,5.0,5.0,0.0,27,4.432527957146409,18.11200684743298
8,0.0,1.4239183846922168,5.0,1.5242073567566323,0.0,4.998638264245644,5.0,0.0,27,3.9778651053812943,18.6191243901515
8,0.0,1.3260603569927012,5.0,5.0,0.0,0.0,5.0,5.0,27,3.4543010326453576,19.252955063778426
8,0.0,1.299487826818976,5.0,5.0,0.0,0.0,5.0,5.0,27,3.2992912717937273,19.364872391487022
8,0.0,1.20845493605943,5.0,3.87645316889047,0.0,0.6024929958688984,5.0,3.313631720672017,162,2.8034043308604595,19.717089966089198
8,0.0,1.1022091277668604,5.0,5.0,0.0,0.16285825711989627,5.0,5.0,162,2.319422581734237,20.1635236775322
8,0.0,1.0381419567016326,5.0,5.0,0.0,0.19833777886644316,5.0,5.0,162,2.0806267936443383,20.44304752096082
8,0.0,0.9206455342139492,5.0,5.0,0.0,0.26340568817913895,5.0,5.0,162,1.675742569028504,21.04927595374973
8,0.0,0.774455572163914,5.0,5.0,0.0,0.3443636866585843,5.0,5.0,162,1.169328024050312,21.881872175229965
8,0.0,0.6489734534121406,5.0,5.0,0.0,0.4138539651746064,5.0,5.0,162,0.7868457474510606,22.353590786340973
8,0.0,0.41444665360999866,5.0,5.0,0.0,0.0,5.0,5.0,162,0.3224526849583462,23.01712939024268
9,0.0,4.891484006961218,5.0,5.0,5.0,0.0,5.0,0.0,10,48.05209443493561,-0.4864061240266295
9,0.0,4.799073252372217,5.0,4.662014684928049,5.0,0.0,5.0,4.120933959738273,10,46.08956647173781,-0.009190244557879979
9,0.0,4.75656727875294,5.0,3.0891437018408956,5.0,0.0,5.0,5.0,10,45.04095371340297,0.48724791631203423
9,0.0,4.723463476558703,5.0,2.506362900237784,5.0,0.0,5.0,5.0,10,44.40275317057559,0.9765222091641839
9,0.0,4.716430428488229,5.0,2.38254856108195,5.0,0.0,5.0,5.0,10,44.27067187590556,1.0875982706955938
9,0.0,4.664056741226714,5.0,1.4605282062572789,5.0,0.0,5.0,5.0,10,43.328539184174915,1.9150380395043847
9,0.0,4.653158949293666,5.0,3.4064094635960203,5.0,0.0,5.0,5.0,16,43.13901302527196,2.0074546699005467
9,0.0,4.592226911971899,5.0,2.3333313231071875,5.0,0.0,5.0,5.0,16,42.00362577760677,2.809035146186213
9,0.4592768526368335,4.215410775677898,5.0,5.0,5.0,5.0,5.0,2.6230920822347006,16,39.76771926507466,3.055927714775894
9,0.0,4.224280734379162,5.0,5.0,5.0,5.0,5.0,3.089432352391657,16,35.77503616998106,3.045584295652521
9,0.0,4.1590644850801635,5.0,4.998336661986044,5.0,0.6084047570818817,5.0,3.6180317550872445,16,34.41472260182422,3.216419244018642
9,0.0,4.0964105027335425,5.0,2.717189321505061,5.0,0.0,5.0,4.575909593804801,16,33.349963247576596,3.555605667738339
9,0.0,4.091411730818874,5.0,2.5375216713569557,5.0,0.0,5.0,4.774609968018669,16,33.28640460892447,3.584160483634429
9,0.0,4.047474573020382,5.0,1.8007774852364355,5.0,0.0,5.0,4.187278720427928,16,32.65159400049516,3.924262752021491
9,0.0,4.012384441660401,5.0,2.0622620323776846,5.0,0.0,5.0,4.4213542613196335,16,32.1359446711452,4.267063798445141
9,0.0,3.983768735713003,5.0,1.6368849480142882,5.0,0.0,5.0,3.6677561774753564,16,31.66569411109664,4.579784371284891
9,0.0,3.9474869969397597,5.0,0.6878187885298779,5.0,0.0,5.0,4.269926551876868,16,31.191138081605526,5.039177077455022
9,0.0,3.9239830897693064,5.0,0.3296967534027534,5.0,0.0,5.0,5.0,16,30.9202503583346,5.414578908680237
9,0.0,3.9036948966240526,5.0,0.24409196972604685,5.0,0.0,5.0,5.0,16,30.617766847887964,5.719037417458839
9,0.0,3.875130801342632,5.0,0.12356752578073615,5.0,0.0,5.0,5.0,16,30.19373598546325,6.151083743899774
9,0.0,3.8561016672433936,5.0,0.043275264342886866,5.0,0.0,5.0,5.0,16,29.912974176852828,6.429961924870584
9,0.7550743170661333,3.4450631179319986,5.0,5.0,0.0,5.0,5.0,4.754128977733138,51,29.35486606250269,6.7384315483012145
9,0.5370531735959905,3.4545450924821184,5.0,5.0,0.0,5.0,5.0,4.333217898778265,51,27.8530861265249,6.7212564866322815
9,0.367631309661708,3.450651952688777,5.0,5.0,0.0,5.0,5.0,4.501865882789727,51,26.549776495057895,6.722227546505945
9,0.20574182427823273,3.446931899190165,5.0,5.0,0.0,5.0,5.0,4.663015894414947,51,25.325401703104475,6.72620482857625
9,0.03307866343149543,3.4526204916370027,5.0,5.0,0.0,5.0,5.0,4.407583779182943,62,24.156163221812108,6.715577255223851
9,0.0,3.4228261419614423,5.0,3.297615915174017,0.0,5.0,5.0,3.590130736129093,62,23.36292914531756,6.775015807674187
9,0.0,3.387746120418324,5.0,0.8110898117013761,0.0,5.0,5.0,2.654294513240785,62,22.762884920902547,6.943310480114496
9,0.0,3.3494084304946963,5.0,1.42657844985108,0.0,5.0,5.0,2.030097304586906,62,22.24825226694713,7.09148644033003
9,0.0,3.312668145624791,5.0,1.6322550760949555,0.0,5.0,5.0,1.6802126426194048,66,21.75952609462125,7.258822952118013
9,0.0,3.285407971603455,5.0,0.8933673953386856,0.0,5.0,5.0,2.0395159968947394,66,21.331707580283542,7.431451554409653
9,0.0,3.259126743478774,5.0,0.01415307521998116,0.0,5.0,5.0,2.7137642362018815,66,20.97686705110821,7.623888613009136
9,0.0,3.2385427980520474,5.0,0.6605659408917913,0.0,5.0,5.0,2.3164052398553663,70,20.68176712219492,7.769619376515366
9,0.0,3.2121406329688114,5.0,0.0,0.0,5.0,5.0,3.1802533950212157,70,20.373490187589503,7.996731005748134
9,0.0,3.1993516817908603,5.0,0.8662144641298151,0.0,5.0,5.0,1.955921581424058,70,20.138849320857915,8.176389366482683
9,0.0,3.1711973166495158,5.0,0.0,0.0,5.0,5.0,2.9092387990950916,70,19.777436298280126,8.463140273142585
9,0.0,3.153255909447176,5.0,0.0,0.0,5.0,5.0,2.768831266762967,70,19.51632297055136,8.698818552124393
9,0.0,3.1417393844842483,5.0,0.0,0.0,5.0,5.0,2.7142489863420263,70,19.353528688492656,8.85227871099141
9,0.0,3.1275306031322807,5.0,0.0,0.0,5.0,5.0,2.6201973197238186,70,19.15089535048982,9.047116755204538
9,0.0,3.112710613493595,5.0,0.0,0.0,5.0,5.0,2.614314912803468,89,18.950184939852022,9.241998827517978
9,0.0,3.096645228676787,5.0,0.0,0.0,5.0,5.0,2.4903318214739976,89,18.72210129550574,9.462987962798822
9,0.0,3.0813629878077564,5.0,0.0,0.0,5.0,5.0,2.372392569660895,89,18.50690167894974,9.668738159691355
9,0.0,3.057665571765227,5.0,0.0,0.0,5.0,4.709945581380495,2.5834432182316274,89,18.21309440384758,9.939196158202286
9,0.0,3.0422925333341833,5.0,0.0,0.0,5.0,4.5534812599873735,2.4185268044229327,89,17.99383533019548,10.131912289450842
9,0.0,3.0258839320575253,5.0,0.0,0.0,5.0,5.0,1.9442381921350478,89,17.73868468508083,10.353766788856458
9,0.0,2.9869273625916755,5.0,0.0,0.0,5.0,0.0,2.057259395054489,100,17.240353246780245,10.722074760662554
9,0.0,2.9653569206237504,5.0,0.0,0.0,5.0,0.0,2.0191166146749815,100,16.953228996629267,10.918806003405233
9,0.0,2.94426325490627,5.0,0.0,0.0,5.0,0.0,1.9728898338754663,105,16.671148227475456,11.105081987560688
9,0.0,2.9198590886846283,5.0,0.0,0.0,5.0,0.0,1.9254032385712723,105,16.344909110895973,11.310595732212889
9,0.0,2.9099396084012645,5.0,0.4181332060667086,0.0,5.0,0.0,1.5910066516744745,105,16.218647201992283,11.388786807173645
9,0.0,2.891098304095741,5.0,0.0,0.0,5.0,0.0,1.8694393623216339,105,15.960504568393945,11.533692202140447
9,0.0,2.849552056278102,5.0,0.0,0.0,5.0,0.0,1.788597024230427,105,15.408462140747663,11.809292151174635
9,0.0,2.824744048247449,5.0,0.0,0.0,5.0,0.0,1.7403246175046396,105,15.082944601052631,11.950064143122244
9,0.0,2.7878238211620943,5.0,1.2158016403482517,0.0,5.0,0.0,2.5754798643203323,111,14.753533223491502,12.058515796899723
9,0.0,2.749584131429483,5.0,0.8907449503211577,0.0,5.0,0.0,2.951611838286307,111,14.279523836407872,12.23398178358716
9,0.3705649909374359,2.436555460514322,5.0,5.0,0.0,0.0,5.0,1.8342325132690338,111,13.824840295404663,12.308014092075462
9,0.2814829457192888,2.433889574488825,5.0,5.0,0.0,0.0,5.0,1.9218917034785135,111,13.31844837436198,12.306820103878769
9,0.19270934914728893,2.431232919155476,5.0,5.0,0.0,0.0,5.0,2.00924737171029,111,12.820136132196291,12.305857349842304
9,0.11087364400589428,2.4287838884648476,5.0,5.0,0.0,0.0,5.0,2.089775963362506,111,12.366546288652794,12.305168951108502
9,0.004751902143186621,2.435477610723011,5.0,5.0,0.0,0.0,5.0,1.8761197930519597,123,11.868743098977989,12.302934960566343
9,0.0,2.395548646786303,5.0,5.0,0.0,0.0,5.0,1.623373607093366,123,11.456494395940645,12.32821977204366
9,0.0,2.3679830425500774,5.0,4.52917381570604,0.0,0.0,5.0,1.884578316355068,123,11.103785741667455,12.388519107575885
9,0.0,2.354295879779011,5.0,3.2131409903905856,0.0,0.6631780705843903,5.0,2.2361193188790587,123,10.753517335106425,12.471530669995634
9,0.0,2.3408457604286927,5.0,2.4535671599115885,0.0,1.4033317265542335,3.3362729697233116,2.3398903719356117,123,10.454896531576486,12.572836239318862
9,0.0,2.325692817982892,5.0,2.424440621126094,0.0,1.435934416442022,1.7153712647716461,2.456012249026465,123,10.257315004424703,12.651370489016106
9,0.0,2.305951964219028,5.0,2.360122921515475,0.0,1.488372482227565,0.0,2.6215203270705807,123,10.018049819735545,12.757909170164917
9,0.0,2.2186555037911044,5.0,5.0,0.0,0.0,5.0,0.7436895582538522,123,9.844882519173417,13.124086242210883
9,0.0,2.185402350637707,5.0,3.328341820578235,0.0,0.4872217496704733,0.0,4.177620467707551,138,9.163326716870626,13.2368282374822
9,0.0,2.1845307806817953,5.0,3.4431398283828236,0.0,0.78879719497966,0.0,3.7900530552936247,138,9.148763204087341,13.246921236283585
9,0.0,2.1166570135480107,5.0,3.0761123832196944,0.0,2.7808552217691735,0.0,4.689674427038037,143,8.615515314688743,13.541432491131461
9,0.0,2.104956346645653,5.0,2.836615800812299,0.0,3.459882619287977,0.0,4.7016836708109935,143,8.510798005495579,13.61226877909823
9,0.0,2.075692896254004,5.0,2.6798239428605486,0.0,5.0,0.0,4.045958098566352,143,8.276575814518909,13.805461027882307
9,0.0,2.047544762363901,5.0,0.726599523745282,0.0,5.0,0.0,4.650290768904161,143,8.027546377777108,14.063174935009304
9,0.0,2.005511383659536,5.0,1.0568962046364856,0.0,5.0,0.0,4.4443125495659626,143,7.743190299309841,14.369866044509383
9,0.0,1.973287279304314,5.0,1.310111983174803,0.0,5.0,0.0,4.2864031965838825,143,7.529793827418846,14.627528933150984
9,0.0,1.9333214656539819,5.0,1.5028331514008042,0.0,5.0,0.0,4.347683314297447,143,7.258832258340302,14.96135995760287
9,0.0,1.8592220307734286,5.0,5.0,5.0,0.0,5.0,0.0,1,7.073823714075923,15.366379350281752
9,0.0,1.857501982066327,5.0,2.5027679728833934,5.0,5.0,5.0,1.8207253993877743,1,6.729663698866368,15.50509813754304
9,0.0,1.7618157815358155,5.0,5.0,5.0,0.0,5.0,0.0,1,6.282015102395594,16.122778975854445
9,0.0,1.769369396607474,5.0,2.5574008896365457,5.0,4.104281421079284,5.0,1.4968645686588125,1,6.053490616241,16.201964991151097
9,0.0,1.7159462814033863,5.0,1.8304855427630253,5.0,4.2355661609183395,5.0,2.082305730061142,1,5.65880438750445,16.691843920358757
9,0.0,1.6962367903284046,5.0,1.2431013360742396,5.0,3.7849424496883572,5.0,3.2751015003041917,1,5.558767443366261,16.909613067078155
9,0.0,1.6228664131638277,5.0,5.0,5.0,0.0,5.0,0.0,1,5.314300824185704,17.313895410085287
9,0.0,1.5314531074155897,5.0,5.0,5.0,0.0,5.0,0.0,1,4.761621413808747,18.02644784025186
9,0.0,1.509078548012876,5.0,5.0,5.0,0.0,5.0,0.0,1,4.630218117535687,18.181182727784385
9,0.0,1.4570041679794843,5.0,5.0,5.0,0.0,5.0,0.0,1,4.326218610119305,18.511468596465882
9,0.0,1.3881149901308505,5.0,5.0,5.0,0.0,5.0,0.0,1,3.9265451323789726,18.89800029281348
9,0.0,1.3471417200035318,5.0,4.985602845124532,0.0,0.0,5.0,1.5877164683473268,1,3.5750417888655974,19.106333200864416
9,0.0,1.28742880185488,5.0,4.14565772030028,0.0,0.0,5.0,2.238745597321733,1,3.1760659799741937,19.369216939780042
9,0.0,1.1516363822813633,5.0,2.854086811142666,0.0,0.0,5.0,3.8303947408958123,1,2.488027189892886,19.942478020914773
9,0.0,1.1223612231136506,5.0,3.186621138763282,0.0,0.0,5.0,3.964102813468765,1,2.3568084780159495,20.086208631960695
9,0.0,0.9292640224403723,5.0,4.328251370903379,0.0,0.0,5.0,5.0,1,1.6877081355238275,21.005630903163848
9,0.0,0.8878568484009923,5.0,3.2727924277473823,0.0,0.0,5.0,5.0,1,1.5499058604272804,21.169270099439895
9,0.0,0.6248587361324398,5.0,1.5881957726075948,0.0,0.0,5.0,5.0,1,0.8110958331481655,22.34634572353018
9,0.0,0.49022175865302164,5.0,3.6625491320681625,0.0,0.0,5.0,5.0,1,0.4423939098088354,22.718516213355777
9,0.0,0.48147104350987957,5.0,5.0,5.0,0.0,5.0,0.0,1,0.21868233435369078,24.116068793021185
9,0.0,0.18600295807589595,5.0,5.0,5.0,0.0,5.0,0.0,1,-0.300461470772607,25.34340143771423
10,0.7432850921231231,4.934701155365985,5.0,1.9884265936948227,5.0,5.0,5.0,0.0,1,56.63806681502306,-0.7292080403945125
10,0.0,4.81464186800713,5.0,3.434952998923724,5.0,5.0,5.0,0.0,1,46.443071308543615,-0.4543587562995661
10,0.0,4.767925085247449,5.0,2.9419506632741292,5.0,5.0,5.0,0.0,1,45.63917305785634,0.006912672882730675
10,0.0,4.735418191970276,5.0,2.598905330019938,5.0,5.0,5.0,0.0,1,45.0838360103742,0.503997228249867
10,0.0,4.706421971660462,5.0,2.292908138148114,5.0,5.0,5.0,0.0,1,44.58735531373111,1.0022139649764892
10,0.0,4.6906285128792575,5.0,3.82071884275382,5.0,5.0,0.0,5.0,1,43.65850977303124,1.4947874515512538
10,0.0,4.662283649377771,5.0,4.545031374177212,5.0,5.0,0.0,5.0,1,43.220374040891436,1.9075235821860002
10,0.0,4.616745314579245,5.0,1.3465501318248698,5.0,5.0,5.0,0.0,1,43.04495332912782,2.3842577371676708
10,0.0,4.578787859028425,5.0,0.9459850000576936,5.0,5.0,5.0,0.0,1,42.39573887767601,2.8162565771574055
10,0.32699971540916184,4.2186967719616435,5.0,4.7812985742094405,5.0,5.0,5.0,4.849790342520166,12,38.24092174758962,2.8688972514269135
10,0.16384753693446324,4.218987668187891,5.0,4.795399720358849,5.0,5.0,5.0,4.999024150265546,12,36.74873355540414,2.87960196856627
10,0.0,4.13217420976343,5.0,2.326463274246982,5.0,5.0,5.0,5.0,19,33.741048328860224,3.1282991775167552
10,0.0,4.082581685259849,5.0,1.610855100487105,5.0,5.0,5.0,5.0,19,33.067098207262816,3.4314586338119213
10,0.0,4.046665359738892,5.0,2.9659977869452527,5.0,5.0,5.0,5.0,19,32.59747562166896,3.7312868283319975
10,0.0,4.016899662290534,5.0,2.760693185219959,5.0,5.0,5.0,5.0,19,32.153078566075806,4.053355299011233
10,0.0,3.9940423246948265,5.0,2.6030379984154473,5.0,5.0,5.0,5.0,19,31.80238929464828,4.335738557981832
10,0.0,3.9674798436011254,5.0,2.4198271191394176,5.0,5.0,5.0,5.0,19,31.387602289413998,4.696308339943666
10,0.0,3.94532282517436,5.0,2.267002282717581,5.0,5.0,5.0,5.0,19,31.038615086999997,5.0185107620740315
10,0.0,3.9321857452034568,5.0,2.176391169843815,5.0,5.0,5.0,5.0,19,30.831502299068084,5.216874611280685
10,0.0,3.911602099012876,5.0,2.034418441318187,5.0,5.0,5.0,5.0,19,30.50794101296939,5.536190717567688
10,0.0,3.8862491513065462,5.0,1.8595501439957136,5.0,5.0,5.0,5.0,19,30.11257336510122,5.938404926157997
10,0.0,3.864846136806992,5.0,1.71192594082778,5.0,5.0,5.0,5.0,19,29.782387642595438,6.277979436457009
10,0.0,3.84373326614393,5.0,1.5663029628922565,5.0,5.0,5.0,5.0,19,29.460085583682385,6.6041787533491085
10,0.0,3.8228023952554055,5.0,1.421935302131495,5.0,5.0,5.0,5.0,19,29.14368975973055,6.911086467954302
10,0.6036639818257283,3.4452428184195742,5.0,3.194084369665581,0.0,0.0,5.0,0.0,36,28.178077948207697,6.978782406031125
10,0.4627035825497919,3.430594571902743,5.0,3.334613856506829,0.0,0.0,5.0,0.0,36,26.929390565510868,6.922893686326166
10,0.2967297392037731,3.4133469918365207,5.0,3.500080321941759,0.0,0.0,5.0,0.0,36,25.488931104617702,6.8904482601164005
10,0.25321040463062183,3.4088245731689337,5.0,3.543466618991512,0.0,0.0,5.0,0.0,36,25.11638565675757,6.888790908141324
10,0.0,3.4058890391589665,5.0,3.315548713929261,0.0,0.0,5.0,0.0,50,23.256421472726426,6.8887243061737795
10,0.0,3.3582002092543335,5.0,2.383793750849553,0.0,0.0,5.0,0.0,50,22.62131390001488,6.995469515899917
10,0.0,3.329020640590001,5.0,1.8462409196313763,0.0,0.0,0.8301325627620884,0.0,50,22.1020250784146,7.154580792604606
10,0.0,3.296730009483867,5.0,1.9592512300076637,0.0,0.0,5.0,0.0,50,21.827551935697343,7.301817950925146
10,0.0,3.2670681986817565,5.0,1.9595657347169193,0.0,0.0,0.0,0.0,50,21.247503325176645,7.496301232543374
10,0.0,3.2395064218254923,5.0,2.574188931822538,0.0,0.0,2.669828886898717,0.0,50,20.95794928406412,7.717485624816861
10,0.0,3.220664033133156,5.0,2.1242435636677257,0.0,0.0,0.0,0.0,60,20.60431386041338,7.887512266744327
10,0.0,3.2000789239675664,5.0,2.2068660710258445,0.0,0.0,0.0,0.0,60,20.314718076613765,8.106986491844847
10,0.0,3.181066346719852,5.0,2.2831769028465443,0.0,0.0,0.0,0.0,60,20.04642233906489,8.327096381962567
10,0.0,3.1653187615835474,5.0,2.4935818259098657,0.0,0.0,0.0,0.0,59,19.823346981672266,8.51816744742086
10,0.0,3.1432912717763055,5.0,2.640982835225775,0.0,0.0,0.0,0.0,59,19.514251512139747,8.78489260373462
10,0.0,3.1262869073123243,5.0,2.754770675179394,0.0,0.0,0.0,0.0,59,19.277870584440286,8.98826931896577
10,0.0,3.109628066602051,5.0,2.866246379229882,0.0,0.0,0.0,0.0,59,19.048877792875114,9.185150420148563
10,0.0,3.089263167479243,5.0,3.0025218564443494,0.0,0.0,0.0,0.0,59,18.7732860728808,9.425106334900814
10,0.0,3.075026483861296,5.0,3.652457558119946,3.217819813069431,0.0,0.0,0.4516446190118828,60,18.53089858630246,9.627950985398101
10,0.0,3.0689476558832594,5.0,3.773396382395111,4.066679501545302,0.0,0.0,0.5400998740282312,60,18.435697708227515,9.709560901041066
10,0.0,3.0505939857030615,5.0,4.0101082526234215,5.0,0.0,0.0,0.427266875343928,60,18.176567469232793,9.936450146458796
10,0.0,3.034184050340418,5.0,3.995461387273223,5.0,0.0,0.0,0.1995729357999333,60,17.95414280680232,10.137900890827527
10,0.0,3.012076776178358,5.0,3.822961843462095,5.0,0.0,0.0,0.21736738116447787,60,17.66151036029167,10.408884621847918
10,0.0,2.9865649601965636,5.0,3.6596523589298906,5.0,0.0,0.0,0.29298401787986944,60,17.33597153745741,10.70846190069598
10,0.0,2.962352218568439,5.0,3.161030380190345,0.0,0.0,0.0,0.0,60,17.144625922707768,10.919923746209445
10,0.0,2.943264537976088,5.0,3.2376426545049837,0.0,0.0,0.0,0.0,60,16.919200503661628,11.105347067410898
10,0.0,2.9173141591894103,5.0,3.3417997587982335,0.0,0.0,0.0,0.0,60,16.618830833977512,11.33529922269775
10,0.0,2.861917500749983,5.0,0.16499227978104464,0.0,2.1602824830762204,5.0,5.0,95,16.152770211345175,11.59838151381574
10,0.0,2.8248187859280867,5.0,0.22333909356901813,0.0,2.0935021244896057,5.0,5.0,95,15.713713753411225,11.745821622880372
10,0.0,2.785015802327495,5.0,0.28593903223262823,0.0,2.021853887335692,5.0,5.0,95,15.252339456736731,11.878246050620323
10,0.0,2.7808921878271384,5.0,0.2924244258248524,0.0,2.0144310842459143,5.0,5.0,95,15.20513271486448,11.89150780984691
10,0.0,2.7236272879203023,5.0,0.21507713742501938,0.0,1.2941913890517553,5.0,5.0,99,14.485774453351294,12.093942345705608
10,0.0,2.703565898660168,5.0,0.35591924487422477,0.0,1.1463429850025149,5.0,5.0,99,14.250603566194929,12.158681605550507
10,0.46218322620517005,2.385592855789717,5.0,5.0,0.0,0.8959762202044543,5.0,0.0,101,13.747666571659508,12.337804170736216
10,0.36242312252059117,2.3856708328457126,5.0,5.0,0.0,0.9959673823693651,5.0,0.0,101,13.227665731083034,12.336990805018576
10,0.2933497676483864,2.385724823736477,5.0,5.0,0.0,1.065200720880507,5.0,0.0,101,12.870991961742794,12.336446616641902
10,0.1836483273604289,2.385810571395473,5.0,5.0,0.0,1.175156245187496,5.0,0.0,101,12.310527240581626,12.335614174803439
10,0.09289050407060635,2.3858815118577152,5.0,5.0,0.0,1.266124276405669,5.0,0.0,101,11.85271418008238,12.334954929465422
10,0.012502119396553366,2.3859443470928605,5.0,5.0,0.0,1.34669885192469,5.0,0.0,101,11.451887474721614,12.334393210214886
10,0.0,2.3384449718003397,5.0,4.342094211316166,0.0,0.0,5.0,0.0,101,10.870326353686773,12.380416405204988
10,0.0,2.3149278456128304,5.0,4.254566306888495,0.0,0.0,1.8562849422051637,0.0,101,10.554890324164955,12.462540833488688
10,0.0,2.287504959857811,5.0,4.161086744306186,0.0,0.0,0.0,0.0,101,10.237792901438619,12.57050562444007
10,0.0,2.2796651194757818,5.0,4.144329757320845,0.0,0.0,0.0,0.0,132,10.161558609979997,12.602388864023848
10,0.0,2.2467141964733206,5.0,4.325969578696005,0.0,0.0,0.0,0.0,132,9.854211447436217,12.750337164605861
10,0.0,2.2128316488053534,5.0,4.512744920487952,0.0,0.0,0.0,0.0,132,9.55034440655091,12.909106697869781
10,0.0,2.153033080222215,5.0,4.1221999578152895,0.0,0.6806703784879338,0.0,0.0,134,9.061090169771191,13.152992284899996
10,0.0,2.1289567623999366,5.0,3.8714106170160796,0.0,0.9514197904826069,0.0,0.0,134,8.890789312775079,13.24827710468697
10,0.0,2.094099633778901,5.0,3.9102603067812076,0.0,0.0,0.0,0.0,139,8.62892206274203,13.43074619411125
10,0.0,2.0548140483803525,5.0,3.503898500453052,0.0,0.0,0.0,0.0,139,8.375068286240348,13.66987837745226
10,0.0,2.016065285467482,5.0,3.083324151254123,5.0,0.0,0.0,0.0,139,8.106917415828281,13.99945098593283
10,0.0,1.9771435499616097,5.0,2.706386984813942,5.0,0.0,0.0,0.0,139,7.839563780108234,14.30048512702074
10,0.0,1.9452624200830897,5.0,2.397634494640232,5.0,0.0,0.0,0.0,139,7.609664531979901,14.549100556336354
10,0.0,1.9098893141115048,5.0,2.05506399618171,5.0,0.0,0.0,0.0,139,7.343329331224282,14.82120775309075
10,0.0,1.8720655698464936,5.0,2.3251096555037436,5.0,0.0,0.0,0.0,144,7.060177365033363,15.098872581249152
10,0.0,1.8300985605277622,5.0,2.3372496434120453,5.0,0.0,0.3293223570766579,0.0,144,6.725214985584387,15.420717872582415
10,0.0,1.7986378614307545,5.0,2.4945431024797498,5.0,0.0,2.6888509059705807,0.0,144,6.4214215214268595,15.719679802811008
10,0.0,1.773649205771433,5.0,0.8398834130128427,5.0,0.0,4.319703926978252,0.0,144,6.183924932155456,16.019661611253184
10,0.0,1.7338009871704652,5.0,1.2039131560549363,5.0,3.718286785395717,5.0,0.0,146,5.89441326947809,16.44002247037255
10,0.0,1.698713951246322,5.0,2.421414245239975,5.0,1.9442220891429463,5.0,0.0,146,5.579046981624614,16.710357195539174
10,0.0,1.6400246309678614,5.0,4.335155846898185,5.0,0.005338451025821006,5.0,0.0,146,5.274531074811769,17.17323752280541
10,0.0,1.5898814520593034,5.0,4.675684094115448,0.0,0.0,5.0,0.0,116,4.930116859305748,17.65653340208204
10,0.0,1.5393636844149905,5.0,4.698196834508646,0.0,0.0,5.0,0.0,116,4.624071657211118,18.002095585335667
10,0.0,1.4668838611986914,5.0,4.7304967463990915,0.0,0.0,5.0,0.0,116,4.193003791914375,18.4185566231968
10,0.0,1.4115794312674934,5.0,4.755142615203133,0.0,0.0,5.0,0.0,116,3.8631542801243555,18.693898120651376
10,0.0,1.3425907342713763,5.0,4.156110611664317,0.0,0.0,5.0,0.0,116,3.4453566132282383,18.99820215599664
10,0.0,1.2784672107013444,5.0,4.130919773269087,0.0,0.0,5.0,0.0,116,3.0799017531532513,19.288232705709973
10,0.0,1.1932351902831726,5.0,4.852445553215736,0.0,0.0,5.0,0.0,116,2.627479722012147,19.717118027479422
10,0.0,1.113414089056305,5.0,4.888017032590516,0.0,0.0,5.0,0.0,116,2.2571986543015576,20.146123073876215
10,0.0,0.9970388478930287,5.0,4.939878500637778,0.0,0.0,5.0,0.0,116,1.8057797544021845,20.740808086070956
10,0.0,0.862852868015454,5.0,4.999677147138949,0.0,0.0,5.0,0.0,116,1.359758180621082,21.24319164914094
10,0.0,0.6763919389462709,5.0,5.0,0.0,0.0,5.0,0.0,45,0.8016480571604632,22.32217253680933
10,0.0,0.4795957023050724,5.0,5.0,0.0,0.0,5.0,0.0,45,0.383436237412468,22.727971449344512
10,0.0,0.20647940468587933,5.0,5.0,4.3038941864281135,0.0,5.0,1.6132242136847785,45,0.0061539763410003445,23.93025540458958
