iterID,x1,x2,ParetoFamily,Pareto_f1,Pareto_f2
1,4.920846493977687,5.0,14,30.770460570257967,18.359194960255873
1,4.846862539478888,5.0,14,29.74108168581006,18.369389914043595
1,4.77427909164163,5.0,14,28.724467627605158,18.382139518234283
1,4.708161113941819,5.0,14,27.794593056804075,18.3961437083629
1,4.641477075378394,5.0,14,26.85498397422434,18.412595365545737
1,4.579161110050011,5.0,14,25.977002847569707,18.43009815011235
1,4.519248093421647,5.0,14,25.134461511048478,18.448878666333655
1,4.462798174527175,5.0,14,24.343331555611044,18.468335904611436
1,4.405102890490383,5.0,52,23.538723323303582,18.489999195000006
1,4.350629677897102,5.0,52,22.783858404367223,18.512109643373766
1,4.296911336795341,5.0,52,22.04506158531607,18.5354972025579
1,4.244980635818399,5.0,52,21.337065891684205,18.55960763816581
1,4.194795690973059,5.0,52,20.659492400895292,18.584315088118686
1,4.145126905657907,5.0,36,19.99604014018515,18.610135281882652
1,4.095430364626108,5.0,36,19.340039958187305,18.63733503698131
1,4.048359181083977,5.0,36,18.726515551084034,18.66436054888075
1,3.9998298752919794,5.0,16,18.102530541664926,18.693512428359192
1,3.9559626748469556,5.0,16,17.546411135246004,18.72099237224766
1,3.907243749398375,5.0,8,16.938076601373822,18.752769911601895
1,3.860352118474037,5.0,8,16.362224040527046,18.78460815318407
1,3.815330737556476,5.0,8,15.818621558489784,18.816334109186062
1,3.769091973496197,5.0,8,15.270106420510999,18.850099492425525
1,3.724067310134822,5.0,8,14.745790367773342,18.884129632408875
1,3.6808954211036387,5.0,24,14.252333788121822,18.917826706234294
1,3.634045395461964,5.0,5,13.727305692323604,18.955577001349827
1,3.5881373581060796,5.0,5,13.223552624731273,18.993761822658087
1,3.5450874530700407,5.0,5,12.760898511798768,19.030642240197775
1,3.4981634738370304,5.0,5,12.267413046891752,19.07202344801161
1,3.4540352966958423,5.0,5,11.81364390408995,19.112062740641456
1,3.406025946973805,5.0,31,11.331321891815804,19.15685889489304
1,3.3611817440466507,5.0,31,10.891461736448639,19.19986261672169
1,3.3124996534967757,5.0,31,10.425555347568404,19.247813425007035
1,3.2709161524747494,5.0,28,10.037076577871952,19.289814144187215
1,3.22421468209723,5.0,28,9.61111119752786,19.33812554505949
1,3.168563934771074,5.0,24,9.11761166260733,19.397266498685077
1,3.120520851371911,5.0,24,8.70372011485931,19.44969223043839
1,3.0719827277673915,5.0,24,8.29680151589851,19.503941521877188
1,3.020207924029386,5.0,8,7.8749764766591595,19.56322373585729
1,2.967950864194402,5.0,8,7.461770269831286,19.62453213402942
1,2.913766023386251,5.0,8,7.046346578076637,19.68965698272987
1,2.8649863925421104,5.0,85,6.683458405642645,19.749630919718765
1,2.8028449258326305,5.0,85,6.236031869973905,19.827866654375978
1,2.7536438331992397,5.0,85,5.893319347065136,19.89125700648015
1,2.6864886533505796,5.0,85,5.441595932737318,19.979824097693008
1,2.6257809304828754,5.0,85,5.048807477968985,20.06189993311799
1,2.5906765691993128,5.0,85,4.828285047292844,20.1102240565592
1,2.5584744036918394,5.0,104,4.630191239152513,20.15510524102973
1,2.496663246372076,5.0,104,4.261068477370513,20.24272161161816
1,2.412699594322902,5.0,104,3.7827468244143985,20.36479392492158
1,2.3554506092803464,5.0,104,3.471706160048532,20.450014921956505
1,2.279337728773873,5.0,104,3.0770340181003872,20.565771446900754
1,2.2039061580770856,5.0,130,2.7071494047646105,20.68320840406864
1,2.1120499592540662,5.0,130,2.2854828551603292,20.829789398463298
1,2.0233538852186017,5.0,130,1.9086527348049387,20.97496049004527
1,1.9212116170869127,5.0,130,1.512264712112577,21.14643298780381
1,1.812012150793128,5.0,130,1.1339319331974842,21.334666916685443
1,1.685310316916783,5.0,134,0.7552949045525263,21.559175631773645
1,1.5084065986946924,5.0,134,0.3380371625430332,21.883010722561504
1,1.2540052094715457,5.0,134,-0.029290724436947357,22.36815443803281
2,3.729871177121336,5.0,12,14.511941500863987,7.023706364394766
2,3.6255857453134444,5.0,12,13.318021841540675,6.7741610906163565
2,3.554702272491659,5.0,12,12.542020310912621,6.72462368976332
2,3.5009459446596414,5.0,26,11.973594272005206,6.759960531598331
2,3.4577777482332985,5.0,26,11.529967235122472,6.836715344472481
2,3.4193531238753017,5.0,26,11.144828263458496,6.942416292542109
2,3.383601579484108,5.0,26,10.794764461059223,7.072750835502983
2,3.3548437372501145,5.0,8,10.51897555045817,7.199905613623638
2,3.3221949543254787,5.0,8,10.212111511625121,7.3680090371285445
2,3.2944610831139665,5.0,8,9.956616084381471,7.53010823643983
2,3.2736921738730778,5.0,8,9.768366076188345,7.662687127480389
2,3.2458722322619353,5.0,8,9.520288438550143,7.854579136536991
2,3.2223632522538272,5.0,8,9.314243867601155,8.028760622914803
2,3.2041127306297303,5.0,8,9.15651702061975,8.171049337403478
2,3.1803790975558375,5.0,8,8.954265792039179,8.364595281576989
2,3.161870000297573,5.0,21,8.798740590258605,8.521633220735112
2,3.143694463906325,5.0,21,8.647859378288794,8.680514492362349
2,3.1230515943214074,5.0,60,8.478662424484552,8.86594582933975
2,3.098361411672552,5.0,60,8.27924287185151,9.093665387662899
2,3.07887670715072,5.0,60,8.124074995782266,9.277101287269863
2,3.059826728412549,5.0,60,7.974199156306977,9.458909799277029
2,3.0407912934721275,5.0,60,7.826196529477764,9.642361128110933
2,3.022095304613956,5.0,60,7.682497203219845,9.82364179738317
2,3.005666866416466,5.0,60,7.55755048887784,9.983340657295347
2,2.9843027233389803,5.0,60,7.3968632262150384,10.190864244810044
2,2.9657211130605994,5.0,60,7.258707405256658,10.37056125468513
2,2.948081197313919,5.0,60,7.12888951361462,10.53989620121726
2,2.9281616871752414,5.0,60,6.9838110833805604,10.729010022992568
2,2.9083310974254095,5.0,97,6.840925468466874,10.914399174298982
2,2.8889134738307556,5.0,97,6.702459024515061,11.09250586448859
2,2.8709865767268896,5.0,97,6.5758497691735665,11.25341719710905
2,2.8508646742589328,5.0,25,6.435095761215034,11.42944343130392
2,2.8289698082377965,5.0,25,6.283516799044722,11.614814485507203
2,2.8083395097141772,5.0,40,6.142145780964658,11.783004998505575
2,2.7895180829133586,5.0,40,6.014361443074953,11.930527911856727
2,2.76584775641468,5.0,37,5.855221008785077,12.10750661910483
2,2.7442270947995544,5.0,37,5.711341208958062,12.26040329169906
2,2.7212644849414467,5.0,37,5.560037922587723,12.41326662414125
2,2.698592949364124,5.0,37,5.412142057483764,12.55432201154201
2,2.6761773568055935,5.0,37,5.26734473669468,12.684011369557007
2,2.65299621196194,5.0,37,5.119076015085633,12.807881221587344
2,2.6267954005465723,5.0,60,4.953279168301291,12.935444422002837
2,2.5991385856656612,5.0,60,4.780312491112792,13.056065057592548
2,2.572018909803797,5.0,60,4.612740269310395,13.16082323432624
2,2.5444741089062295,5.0,60,4.444610602072891,13.254170799955077
2,2.521786716399628,5.0,60,4.307706677620375,13.321741556593699
2,2.4876657702092264,5.0,60,4.104519946069399,13.408743868004093
2,2.4597888602894407,5.0,60,3.9409674653548334,13.468021959517266
2,2.429391517349562,5.0,60,3.7651861716944417,13.522079707922458
2,2.4012589277911176,5.0,1,3.6049254870986447,13.563699265743061
2,2.367847383080502,5.0,1,3.4176877130782373,13.60462761709274
2,2.332822531509965,5.0,1,3.225108154868794,13.640180751659916
2,2.301946392059459,5.0,1,3.0585655610584093,13.667575846132253
2,2.269556326683958,5.0,1,2.887196114338371,13.694654682004362
2,2.235782719354288,5.0,1,2.7122493885518777,13.723566582042196
2,2.2011452173303683,5.0,1,2.5369117963698384,13.756624547243014
2,2.1689938006416583,5.0,40,2.377965983751463,13.792745257309422
2,2.133489472111756,5.0,25,2.206824348303792,13.841242477025698
2,2.099645894553406,5.0,25,2.048084198180531,13.898151118846226
2,2.065459242528661,5.0,25,1.892207054078753,13.968278499503567
2,2.05986578773286,5.0,179,1.867138746154895,13.981086938958606
2,2.029433831535892,5.0,179,1.7329322559806775,14.057858772814496
2,1.9930777823934889,5.0,179,1.5775075512651844,14.166229748560072
2,1.9562670851907082,5.0,40,1.4256980344785921,14.295598620389292
2,1.92223008192441,5.0,40,1.2904041640321724,14.433492648901757
2,1.8828566630393406,5.0,40,1.1400969136917487,14.615280823988023
2,1.841200234305405,5.0,40,0.9884386899114137,14.833540483813378
2,1.806369380452878,5.0,40,0.8675334692534982,15.036065495553311
2,1.7646267303966052,5.0,40,0.7298175744248017,15.301849001495999
2,1.717979837465845,5.0,40,0.5853019233678456,15.626812945418664
2,1.671636128214543,5.0,40,0.45164328118283326,15.976311211313488
2,1.6191055807500474,5.0,40,0.31221404722586144,16.400635163292105
2,1.5544609961281246,5.0,40,0.1583827868665839,16.9565879918412
2,1.4915191472354052,5.0,40,0.027528555532946086,17.524468186760892
2,1.4073948276498687,5.0,40,-0.11815144539038869,18.306971679417366
2,1.292834740187001,5.0,60,-0.26304529764476214,19.376885990726795
3,4.436632585692259,5.0,6,23.949232120839138,6.7251397068395065
3,4.2751476068865415,5.0,6,21.412437811385768,6.536650929657938
3,4.167792479214567,5.0,6,19.816792572117475,6.538482493344938
3,4.076259108680194,5.0,6,18.547588556224113,6.615141961042655
3,3.9966502369141788,5.0,11,17.523155940890852,6.729401963752158
3,3.9239680492049263,5.0,11,16.653702025093832,6.861869550746119
3,3.854328965795328,5.0,11,15.874634570656912,7.00137022324925
3,3.787770290666713,5.0,11,15.169268948383701,7.131375441077724
3,3.7249980429371847,5.0,11,14.524919823877621,7.2345394945625845
3,3.6565747433632123,5.0,4,13.824064514820371,7.304295265888449
3,3.5874042624353883,5.0,4,13.09428986639896,7.313810617070878
3,3.5197173061385403,5.0,4,12.349437975650112,7.271977519228974
3,3.4620984184382047,5.0,4,11.701555863182925,7.230604529080818
3,3.4145136131518337,5.0,4,11.172580646768587,7.227810434881832
3,3.3662136769929707,5.0,4,10.656630506395414,7.286554425218743
3,3.3304039258019777,5.0,4,10.295250517202009,7.386475674097397
3,3.2990336771288806,5.0,4,9.996492063625364,7.520880433412755
3,3.271905250222673,5.0,4,9.752076269893276,7.674831600658479
3,3.2485020771629887,5.0,4,9.551017375362786,7.8358178227032
3,3.2270307854233238,5.0,4,9.37344443955034,8.005440077655747
3,3.204970702838403,5.0,68,9.196393235797911,8.19977435229919
3,3.182737727618718,5.0,68,9.021710721451642,8.4137499890885
3,3.159721112126179,5.0,68,8.84278406375637,8.651235062872326
3,3.1432880650685058,5.0,18,8.715060386183868,8.828697710098039
3,3.121732908164101,5.0,18,8.54621199354853,9.068760752334596
3,3.1039506447661114,5.0,18,8.40490496579475,9.270869127127705
3,3.085884147331427,5.0,5,8.258832499390618,9.477927939543267
3,3.070927404427193,5.0,5,8.135732508650374,9.649324291843051
3,3.052845109137825,5.0,3,7.98421632804907,9.85498484076516
3,3.0341754129954355,5.0,3,7.824956547353042,10.063930102657716
3,3.0176163198768164,5.0,41,7.681875845340472,10.24513107168179
3,3.0016282527524436,5.0,41,7.542874054185829,10.41551503848309
3,2.983669490789505,5.0,103,7.386864239540871,10.600698379928032
3,2.96601669521828,5.0,103,7.234962002859371,10.775598516063186
3,2.9476130330583974,5.0,103,7.079613685047601,10.949763216870684
3,2.9292041702931906,5.0,103,6.928721976501714,11.115100180088808
3,2.910296171170905,5.0,103,6.779670954884907,11.27523700388556
3,2.8903235927021487,5.0,103,6.629674308447038,11.433341349078965
3,2.8691640319415637,5.0,103,6.479436551853208,11.588093832195689
3,2.846632405505262,5.0,103,6.328789000575611,11.738138369737035
3,2.822767373029028,5.0,103,6.178304887084201,11.88025313007374
3,2.797645514258425,5.0,103,6.027604008330852,12.011120632852032
3,2.768590873229921,5.0,103,5.859321230990602,12.138812494974227
3,2.739976044064383,5.0,103,5.695680144744212,12.240568937538425
3,2.71185013428787,5.0,103,5.53342210508119,12.318717616200939
3,2.6806125978462365,5.0,56,5.348852481913034,12.382354995575337
3,2.6479400388771586,5.0,56,5.149207348264417,12.42616286447589
3,2.617750193676649,5.0,56,4.958362481188829,12.449548003388706
3,2.589104377835321,5.0,68,4.772131346842938,12.459972965634526
3,2.5572042499251473,5.0,68,4.560149737143357,12.46221957169275
3,2.5298007851477653,5.0,54,4.37564231003447,12.45971810628645
3,2.502762409704948,5.0,54,4.192909970927401,12.456295476308991
3,2.474601835040284,5.0,54,4.0034478521876355,12.45472787659438
3,2.4520496230849687,5.0,54,3.85340176984317,12.456919153367028
3,2.4208585182381572,5.0,54,3.649831386733325,12.467809396775415
3,2.3948800612958094,5.0,54,3.4848851688608287,12.485987111092708
3,2.370440663800892,5.0,54,3.3342751095784244,12.512183647954739
3,2.3426035334719586,5.0,41,3.168706098077971,12.554139037791648
3,2.317096336923785,5.0,41,3.022925580622429,12.60487965119769
3,2.2962719560689084,5.0,41,2.9082242706046895,12.655495219867774
3,2.2641945325360533,5.0,41,2.739129028773924,12.75016717587069
3,2.239682169667697,5.0,41,2.615975106912705,12.836366090497625
3,2.2366130030596594,5.0,41,2.600914075281376,12.848005759891437
3,2.2077540896078336,5.0,41,2.463048797618736,12.966599541865786
3,2.1809806728326593,5.0,41,2.3408953318556582,13.091175340146672
3,2.1518881099861638,5.0,64,2.2138692214688254,13.24187382143679
3,2.1225621120150775,5.0,64,2.091177629079578,13.409146205006088
3,2.0921527381888327,5.0,64,1.9688642739301088,13.59780435845548
3,2.0668853828722593,5.0,64,1.8704735963076873,13.765409957742436
3,2.0313702083012926,5.0,64,1.736284680402071,14.015940942322176
3,2.005307355810068,5.0,64,1.6403278637860774,14.209618764074964
3,1.9730883763474207,5.0,64,1.524115712352848,14.458838864489477
3,1.9357415331382994,5.0,64,1.3922167195635407,14.758812289332527
3,1.904880502715014,5.0,62,1.2852220882624588,15.013559905253674
3,1.867553103041713,5.0,62,1.1580746556280683,15.327324370789903
3,1.8304695657857772,5.0,60,1.0342426066499426,15.64234724966699
3,1.793602184480228,5.0,60,0.9137774831518781,15.956013527030137
3,1.7540610412789808,5.0,68,0.7878703793377051,16.29004855975315
3,1.7119042175804617,5.0,68,0.6579485752540606,16.640393406704746
3,1.6636871898954615,5.0,68,0.5156814936144949,17.030255717129407
3,1.6091083113500666,5.0,86,0.3640605096108853,17.453963741782644
3,1.556714638905909,5.0,86,0.2291670391585381,17.840993148574128
3,1.4950133322419528,5.0,86,0.08520916951873314,18.27133517434719
3,1.4163395783611576,5.0,86,-0.07267072507579098,18.78239161089326
3,1.31435610314862,5.0,86,-0.2307744716765585,19.392315923189393
3,1.1017331182851993,5.0,86,-0.3816522244386986,20.54531395792233
4,4.2737043593005755,4.997467155106175,0,21.25842612833134,2.6895930308323646
4,4.199188060744214,4.99848625471696,0,20.13209800890283,2.9899224549725094
4,4.137502891268333,4.999329873273196,0,19.25208448121267,3.3792498924918846
4,4.092054998323985,4.999951427629866,0,18.635671656130942,3.7512991469892256
4,4.054932332136163,4.999881956390298,10,18.15207711309081,4.108202921749005
4,4.023010541297136,4.999887227100389,10,17.75022439892883,4.449956915228627
4,3.989337303250756,5.0,29,17.340012345678794,4.839398536963749
4,3.964549438152209,5.0,29,17.04687316053999,5.139461579829055
4,3.929146317515176,5.0,29,16.641061243255287,5.575735571592634
4,3.9021632698677244,5.0,29,16.341796130775638,5.9038911627229105
4,3.8749646600480907,5.0,29,16.048668827041418,6.220802061130563
4,3.839419856429492,4.999407944260501,29,15.677672626015802,6.598973774858363
4,3.8100756423546116,5.0,29,15.38062093580608,6.868572584710286
4,3.7737612818749744,5.0,29,15.021817079859245,7.136220972973193
4,3.7304564053603437,4.995138046329683,36,14.600180041376738,7.346559051459719
4,3.6653463051195327,4.995934216716263,23,13.956258604495677,7.465438323773352
4,3.5793239737919844,4.99621417027238,23,13.026401259585604,7.359873469956721
4,3.5097074247300606,4.99644073237752,23,12.189876777281466,7.209301064268255
4,3.4494856835577297,4.9966367197489,23,11.448223533317266,7.134629363865125
4,3.40552365145055,4.9995370484133925,30,10.936141929157289,7.139030134861553
4,3.368685161802417,4.999715335279962,30,10.546781669581526,7.208615731495929
4,3.3345936382107277,4.999942892684868,20,10.228354494148142,7.32514771476116
4,3.2993534022866196,4.999945220246743,20,9.94386657232753,7.500145169113836
4,3.2738586760162813,4.99994690413311,20,9.763164938414164,7.660792598036387
4,3.2479549370121856,4.997292587222983,23,9.59437910812404,7.858601248852013
4,3.2244085456521083,4.997369217278148,23,9.446166188371658,8.053871514808652
4,3.1961735135023734,4.999701767110832,23,9.262770958367131,8.307654065337607
4,3.1774747696700905,4.997521959912362,23,9.13148997693162,8.496971716246131
4,3.1546187401206716,4.999547466511022,23,8.956078418603523,8.729499793938974
4,3.1363488123338286,5.0,23,8.802589883381202,8.92579780076992
4,3.1195618814847275,4.999874803697651,23,8.651834467858674,9.110303316098106
4,3.103505150575716,4.997762688774166,23,8.50035092302188,9.291810726494656
4,3.0859161065995084,4.997279646912558,23,8.328770160496589,9.490043773597712
4,3.069253949867257,4.999896577796142,23,8.163452881337005,9.673683259166642
4,3.0549263374866804,4.997920785064587,23,8.020847055561424,9.835455908913941
4,3.0393417581340056,4.999858212833165,19,7.867526960037374,10.006341209840144
4,3.0216020524292357,4.996807288465017,19,7.696823775696882,10.202583098153632
4,3.0085255992297215,4.999862231589857,19,7.574948764689534,10.339264210331061
4,2.9921489442727522,4.999891107213506,13,7.4273340165722015,10.510177235381109
4,2.971228222532487,4.998869554590524,13,7.2476612173615615,10.721169465745225
4,2.9534066359253175,4.999975188214277,13,7.102596366034276,10.892808711089128
4,2.9352001901831932,4.999896652993542,13,6.96141720219624,11.060332111989366
4,2.9150634663177333,4.999877776074293,17,6.812721106185606,11.235330824810656
4,2.8945250458288543,4.99808291785668,17,6.6678680496320295,11.40229319179059
4,2.873443163612907,4.999882562662911,17,6.525243706897179,11.559931925977274
4,2.8516755827089995,4.999885066067458,17,6.382880017588766,11.708667986928276
4,2.8264763688019965,4.999994488920608,20,6.222755097744928,11.862258313041467
4,2.8033843094736826,4.999977978221285,20,6.079015434450829,11.985417620805304
4,2.778158708679514,4.99997964433234,20,5.9238766670979865,12.100977298176153
4,2.749969429376777,4.999981506189676,20,5.751347910412913,12.20742047948882
4,2.7175535328007667,4.999325873279561,20,5.552356417050053,12.302036587258645
4,2.687949344382829,4.999920730760057,13,5.369023061021245,12.364719618780095
4,2.658008124069771,4.9999079428173125,13,5.1813792997916845,12.408152216255157
4,2.6318840159765533,4.999926190510387,13,5.015695993249468,12.432180931570233
4,2.5947712869627146,4.999997856652801,13,4.777382200202004,12.44903346356688
4,2.5681390814512355,4.999932398115644,13,4.604639728369229,12.452265495625285
4,2.5347529862981437,4.999546997147518,13,4.386821891197579,12.450684169465994
4,2.505283858153878,4.999942644282976,13,4.194237168277992,12.447892219970399
4,2.478220127706812,4.9999411545976145,13,4.017835675902592,12.447591273210755
4,2.45064016684013,4.997861114026378,13,3.839213794825186,12.454523390569623
4,2.4266764853427674,4.999946174017396,13,3.685670377661989,12.462247140371066
4,2.404775828452213,4.999940967016915,19,3.547027746894565,12.477576684354016
4,2.3725897871223025,4.999945164420926,19,3.3471799231603825,12.512781258438356
4,2.344988539142675,4.999943338167324,17,3.180456594306891,12.556495031585783
4,2.3154279419592676,4.998800255459749,17,3.007715412253658,12.61919718549736
4,2.2943401002397974,4.999949163046661,17,2.8887766919615636,12.672372994274234
4,2.273080144867439,4.999951608071175,17,2.7727982040929167,12.735369979527377
4,2.2486804315074895,4.999960130668301,17,2.6449240873186906,12.81827439163518
4,2.233783268029837,4.99993209731111,17,2.5697115910314796,12.874443029014701
4,2.204224618017083,4.999959526876655,17,2.427015254257679,12.998171120186953
4,2.17581047682118,4.999962794676167,17,2.2978974019303013,13.132149795532904
4,2.143317034581089,4.9985150060998755,36,2.1591984716431227,13.303952962647653
4,2.1062747698473157,4.998593821004292,36,2.0111870539316667,13.519591232810832
4,2.0867450358596424,4.998635374460284,36,1.9366993160981991,13.64187334324573
4,2.0545388069947745,4.998703899721033,36,1.8179672744172661,13.855514505820029
4,2.020322062388841,4.998776702760343,36,1.6958501393438734,14.09742689080771
4,1.9847713929293338,5.0,153,1.5716814919942212,14.36248189635452
4,1.9511451309843393,5.0,153,1.4556320714669742,14.625253168537741
4,1.8968555290868883,5.0,153,1.269816483247519,15.067624946529463
4,1.8794522968441134,4.999978301801645,153,1.2105778000531275,15.212977549333614
4,1.8306980816469958,5.0,153,1.0458166241574043,15.625798390240327
4,1.7919655286896181,5.0,153,0.9168902006791155,15.95650438578536
4,1.7666904359300801,5.0,153,0.8341769161480377,16.172053982586018
4,1.7231841980155727,4.9999588138096875,153,0.6953965689971744,16.540049819592177
4,1.6615803874092372,5.0,153,0.509193757201345,17.048624520837205
4,1.6199493024911544,5.0,153,0.3917897577765661,17.380354081879513
4,1.5601940766505518,5.0,153,0.23674309516891245,17.835552070626502
4,1.488172633410365,5.0,153,0.07210275396510823,18.34742415941059
4,1.4213553973243038,4.99993485526527,153,-0.0587978939595164,18.784726539027098
4,1.268760847951097,5.0,153,-0.2821231381874121,19.656056696612698
4,1.081878310407261,5.0,153,-0.4131177969894875,20.545948309437584
4,1.0940053429738517,4.671798456824943,153,-0.41085996995058416,27.029859334696212
