iterID,x1,x2,ParetoFamily,Pareto_f1,Pareto_f2,Pareto_f3
1,0.2857961659903624,0.8943454655655358,26,0.9738988607960053,111.34786592401444,57.95014194972852
1,2.243928658530642,0.8414865482280743,26,5.7622170555438625,77.46400235442852,58.94400523967239
1,1.9242875420924648,1.6303529060634232,26,6.35738787806938,76.57124202051634,45.09409531169214
1,1.3631158622524564,1.8419805013631052,26,5.273151687997654,84.59891878875649,41.6033870423135
1,3.254876048107935,0.25832428123932993,26,10.674894429717806,67.99886123410661,69.91476857812208
1,2.7607375532183704,1.7295111329481139,26,10.610793703881715,63.1141457363894,43.43604297517659
1,2.0558833484572023,2.280941844769186,26,9.436347335701946,70.499909266949,34.65669707210626
1,1.2517003337806072,2.773671860753349,26,9.277547934994042,81.50600504597364,27.178511039632017
1,3.8681929643726276,0.759466468850032,26,15.531739382116275,55.59218069200132,60.43406352474307
1,3.034234372425899,1.888200885164566,26,12.77047190274498,58.21648542210901,40.839282225736525
1,2.735132616373793,2.4944547055424735,26,13.71107806378171,59.060050838564536,31.349264377646264
1,2.122631673973193,2.872135761101978,26,12.764032588511006,66.5699240224453,25.76270490761099
1,0.8949384830314975,3.6105744719863795,26,13.836299389889227,84.84438963365487,15.855529552593545
1,4.786733359622337,0.22909750001315204,26,22.937646967621404,49.915352327998285,70.43491073317315
1,3.756021455078934,1.8802343401927963,26,17.63691246745738,48.716875885227836,40.9499369699101
1,3.0792381945919187,2.628107874164022,26,16.39166531041481,53.52388853061118,29.312741317632653
1,2.8144336540465758,2.8487666949915225,26,16.0435443867263,56.25530500853732,26.086457789785896
1,1.6881406870528626,3.5035291338517363,26,15.109782436681638,71.31889970925023,17.23286684612259
1,4.578292203214394,0.9791443554446487,26,21.923941416253065,45.57119165017362,56.38655090859314
1,3.4318556246958116,2.5501436056614994,26,18.276523608941456,49.14113993879109,30.4872879836663
1,3.094298989701703,2.763307199474938,26,17.21369528181474,52.6895545056899,27.312847532660385
1,2.419089371119562,3.504163843294207,26,18.120441785904553,59.685819457637216,17.22592671825617
1,1.123528838448902,4.314944038943823,26,19.882078565130477,79.267183656351,7.349364165967831
1,4.178206504610799,2.4511053912502065,26,23.463163570936842,40.38052050354759,31.98913964549222
1,3.537752352209507,2.900904366474851,26,20.9272389127757,46.161307608113916,25.333639071818702
1,3.0690777149255393,3.5173339915919732,26,21.792305618187353,50.222627430011585,17.05316763332867
1,2.107580417308699,4.33332452700958,26,23.20517205270318,62.724802923279036,7.171289303309585
1,4.1891101378627855,2.979289483081774,26,26.405354508551078,37.84336637563485,24.21993481970303
1,3.3521602161418977,3.7278007613435085,26,25.13424559228119,45.80620379734251,14.395696639910291
1,2.824984723131194,4.3835433150081595,26,27.21031604835691,51.8567016412707,6.62267895234023
1,4.888735813293249,3.1368586540956827,26,33.57009584279726,29.590904307933954,22.036604109768163
1,4.057079967505739,3.691273980131458,26,30.024574598936635,37.03410304941731,14.84243644443512
1,3.5845535735875913,4.400888531105585,26,32.16382506706275,41.52860364209283,6.4456113864966476
1,4.926805483254079,3.5494820275599537,26,36.54451711435223,27.832754851260063,16.61057561091703
1,3.8288890267281763,4.692878157321872,26,36.48001092778868,38.186738516260576,3.2738082627657867
1,4.620416018659734,4.65767572329132,26,42.30824162221398,29.025882800003117,3.6695948834430574
1,4.182654902880416,1.7106354282535738,26,20.42054204604263,44.654321202965434,43.71252397411758
1,3.0497625495877934,2.233975226684834,26,14.292146906540438,55.9651413847715,35.378430181592606
1,4.728417071301564,1.6789206462792694,26,25.1931714396315,38.82035801470005,44.218857952092335
1,2.9823397786699584,1.2135000418655224,26,10.373840426231162,63.598560470818406,52.238935596056265
1,2.009491654737858,0.8413065716057011,26,4.768301079459228,81.16136063944839,58.94710720758563
1,4.815849969119801,2.4101588602120123,26,28.980620688096998,33.57825833282934,32.59913025147771
2,1.4939048557981538,0.4519401645711585,8,2.48560909714325,93.11398689346194,66.18466527874968
2,0.5273741556196365,1.2561096512949117,8,1.8622890322393424,103.79419866102799,51.24837452289425
2,1.87976992111046,1.1312038476047004,8,4.8301574321506475,80.92692905760669,53.66883785233277
2,1.7519057172596055,1.841973374394482,8,6.394743481214377,77.95196530348379,41.48930235148459
2,0.7772552758948033,2.3240265446559367,8,6.048427850097886,92.32305098667607,33.83805328545505
2,2.9235035403223537,1.3270755881420149,8,10.334303834746837,63.61553478513163,50.24833271942821
2,2.5391114542335647,2.0582458739306038,8,10.684172002501104,64.3256919851911,38.08674453549709
2,1.747810074886054,2.7100117332471463,8,10.335598743510584,73.26907181719223,28.19436351811725
2,0.6737114544584601,3.1508779929510435,8,10.417197317279655,90.45587817593713,21.97383776762976
2,3.7038138802347524,1.1547881171297558,8,15.051409088168452,54.43768551447364,53.26221775418908
2,2.9924552992638844,2.2187450151734773,8,13.891195608764313,56.87932853442584,35.61344367624781
2,2.6523558636866533,2.6700506936307877,8,14.162299791118574,59.394524708978885,28.594638080816527
2,1.85547807868751,2.997119570709618,8,12.388722439062539,70.28901318101467,23.941463767593884
2,0.734703004346626,3.787168492284268,8,14.883292120312014,87.31410415578783,13.648695080088896
2,3.585547155849433,2.188502959088226,8,17.645001774275606,49.06584152593453,36.09039535623873
2,3.033946588103463,2.840592825542374,8,17.251121141877583,53.16420316377642,26.198363345282672
2,2.7556654255029285,3.0730787908228283,8,17.021723333587847,56.16091392447313,22.63285648690952
2,1.6981843843325728,3.7963586925292168,8,17.325429925524045,70.40957791571276,13.343403938379513
2,4.2356130807528505,1.7912000404248183,8,21.21758107363986,43.51490513144987,41.99467888289304
2,3.315977215157067,2.802187140402115,8,18.798869177601524,49.47640200881544,26.920155277328988
2,2.998225211132366,2.98691148586809,8,17.876672238571167,53.035458356436195,24.015247172680425
2,2.407164676068106,3.5738657962504936,8,18.61690680036026,59.737895104509064,15.786467819974387
2,1.1266039900293072,4.407961149089038,8,20.700511128344463,79.0914819952748,6.301018610630553
2,4.095412781719394,2.7288181574854065,8,24.174003380591625,39.96171408370833,27.68500054125662
2,3.465899711470719,3.1152785753449703,8,21.635976210832077,46.183527510701715,22.458137930730842
2,3.131691585843233,3.5923162935215447,8,22.677939416922086,49.10393718706956,15.81457584479583
2,2.0943875590751206,4.414350240429118,8,23.87299178740089,62.85812248748992,6.215216997127282
2,4.960816641379023,2.6277594981011525,8,31.2161834515231,31.034837505727566,30.389201382906506
2,4.21249563214375,3.070109060311998,8,27.01862748754842,37.168304308376804,23.286838059538404
2,3.3337152283489146,3.8677620553080425,8,26.107515934787862,45.7455666059432,12.67204359540617
2,2.882698009436886,4.44708110370268,8,28.137175583636235,51.02327887616789,6.034695516855145
2,4.837460617515232,3.417743241999536,8,34.46977990028314,29.261334642017665,20.545031672244548
2,4.022934568576485,3.908305177467809,8,31.39736579908081,37.08337338005343,13.200488287504264
2,3.3612202969085203,4.659762412614503,8,33.09186107150847,44.386879118821795,4.200514074072451
2,4.824014752755666,3.9856569158466915,8,38.33053554763981,28.14192715587494,14.595695585408127
2,3.7156967024293786,4.908133808866493,8,37.81489140912879,39.85818423093063,2.2490376538697845
2,1.1231206306601114,2.93557003019846,8,9.920324338354078,83.1259227952574,25.074195702810787
2,4.683129595762368,0.38614748642054,8,22.10926340343008,49.54432534676869,67.12350396539998
3,1.4591427581542973,0.8672867918694555,103,2.8994842629856397,90.06800180991414,58.250954416052096
3,2.079266874782646,1.1340804550412587,103,5.615807331918676,77.7373952847062,53.63850917716573
3,1.7590301086896851,1.8774519708434338,103,6.566606332651391,77.6194604728888,40.87237923055846
3,1.055067868711034,2.195816648552054,103,5.8662568746161625,87.83506460729726,35.90038672427256
3,2.911137671027559,1.3487119477640586,103,10.3024488887534,63.66300763675076,49.89989806595935
3,2.612784500016419,2.0650712136910294,103,11.120599152575195,63.20069560643223,37.864639677890324
3,1.9968858370385845,2.4521850169231127,103,9.924021874707483,70.49188389534369,32.508570303990616
3,0.9825263935456473,3.0578381833545554,103,10.40584951488945,85.1323986020536,23.454192854197625
3,3.7159621726909755,1.3370324192395397,103,15.572972242161782,52.901479614704286,50.0715401322006
3,2.9287883779824586,2.3461137275542305,103,14.112031307568156,57.09631460760183,34.00099441362579
3,2.611540196388795,2.77821781256936,103,14.544544459375068,59.451595037731764,26.84972009887047
3,1.9586860795556251,3.163795842594697,103,13.809665967338418,67.99988610968947,21.502711830392165
3,0.6980500531377074,3.743506540715572,103,14.520468304462094,88.11259822361588,13.989740734321927
3,5.0,0.6404930447825702,103,25.414296597273676,44.029419544125005,62.58582176511896
3,3.6020842085282667,2.248828387430622,103,18.007493611886115,48.484270597829436,34.930975186193535
3,3.077359531013676,2.8852860919138457,103,17.737554692497742,52.2778729366059,24.970128520455727
3,2.7659969589879996,3.1387981768156137,103,17.47628926297564,55.65091401468105,21.49971226684469
3,1.6294869142371629,3.7952184317239226,103,17.063029818378325,71.51315680280472,13.320930448940725
3,4.217729641278767,1.9211041868394068,103,21.534958108135182,42.8047498844124,40.376715811704386
3,3.344059175647071,2.8255611000192307,103,19.1081813764139,48.94756429057534,25.839357717756183
3,3.1462494816835584,2.942977202621691,103,18.490009827420234,51.06198995525648,24.134191613762667
3,2.161461385235582,4.063499042621674,103,21.184610773682074,62.36501542699516,10.51966378167928
3,1.0562436856785484,4.520675687350605,103,21.458365941383576,80.24589997669165,4.496580044584178
3,4.141425311258951,2.6786885209270617,103,24.313045169084234,39.674038142868746,27.934803213932
3,3.4880435443304485,3.133141346388801,103,21.92205523239369,45.712495956948985,21.86162294364098
3,2.8501567332176685,3.888185943542901,103,23.272368401262106,52.443063429561704,12.339121461248045
3,1.7858824073408528,4.66499913402986,103,24.980779331621367,67.5669812360218,3.5618502021236473
3,4.976207342087066,2.619329756732282,103,31.255162253634992,31.026543712669337,28.81784096125275
3,4.22832650239784,3.102967494574298,103,27.320210149057857,36.85859094011086,23.13473607134035
3,3.5605902531715685,3.8365819586104437,103,27.40115045776856,42.88505676351255,13.198708772504222
3,2.2278245369876926,4.88385949402082,103,28.859394525146367,60.377428016127254,1.3975777405301848
3,4.893820586026292,3.4229909723614487,103,34.67501731536926,28.83008105351334,20.466533589344976
3,4.030644854505954,3.9519287555092446,103,31.595705876057504,36.921637776772826,12.052329179865076
3,3.466668305366607,4.61886170960247,103,33.264135597150684,43.010722729709215,3.698216688544548
3,4.907256905356388,4.143563983103878,103,39.448115613940644,27.287647644459376,9.970251413452939
3,3.8487421202706447,4.791806029424358,103,37.26354280785117,38.22702493363451,1.497992813570903
3,4.998323291010301,4.75214553755921,103,44.557792260141824,26.004723730529363,1.6756096144348547
3,4.393519705301972,4.539510003815073,103,38.75741161144926,32.17145799265099,4.346979961431348
3,3.3627249862519095,3.323618874840223,103,22.29404386812291,46.700541978685195,19.398884919138737
3,4.318096810876289,3.8336495669809474,103,32.807831331655635,33.865764250666736,13.892477927678009
3,2.983668379962392,4.373257436080339,103,28.07479678176007,49.695102234980055,6.759399480957647
3,3.5348771628149684,0.856391003381673,103,13.2406717031728,59.002235933907095,58.6206243942927
3,4.264763979324476,1.479763373847168,103,20.389086477011226,45.238752727126155,47.773331408647444
4,1.2707821677016073,0.6541706328050467,29,2.0831328089720405,95.00108384804828,62.482787301902135
4,0.33894692161048734,1.303028870314502,29,1.8523913711375322,107.10535192041229,50.87115735349309
4,2.6094681127208124,1.1481751062328227,29,8.05897502464136,69.59671458801321,53.35771922317619
4,1.7180582488891116,2.046271658354471,29,7.199702588415224,77.25849936278344,37.987755890941656
4,0.7594685627575194,2.598993931220055,29,7.266297339165924,91.13422681864506,29.82555921761028
4,3.057072781592982,1.4134150224509838,29,11.306853166318785,61.1332564836801,48.86947703117838
4,2.613230982952886,2.0224570705701765,29,10.943894117380394,63.45633718796662,38.572921018426705
4,1.7956894266894075,2.8107515577772646,29,11.124937852586477,72.0430597286834,26.735734216471133
4,1.1276391617917967,3.047110868238218,29,10.52144866326628,82.55993735746628,23.653755325275007
4,3.7878358322276604,1.3713663179314597,29,16.201055749176483,51.74147023878962,49.532042087959454
4,3.129681393803909,2.0716686804320195,29,14.098560510198888,55.8187360747164,37.64071828025264
4,2.689602409650071,2.797595053626056,29,15.031046187345092,58.210565063747154,26.442084231801136
4,2.075781224059901,3.1003216591758114,29,13.88764072563509,66.37888352583532,22.283546084888293
4,0.7894930450277826,3.8105111287416698,29,15.177916998511327,86.25003946061898,13.223796444557909
4,4.9768880792929036,0.39767490230354335,29,24.896407381137397,46.394986022735274,67.19905378460511
4,3.692223001233081,2.3322394473195036,29,19.062751536788014,46.894251164780655,33.77868141013251
4,3.089314539152257,2.906029307829065,29,17.944082081118946,52.026888724283644,24.605980973418244
4,2.7762574902890664,3.0563487906115183,29,16.989108659195693,55.80979916084388,22.61268957010823
4,1.8142623431880687,3.828840719433435,29,17.955914144732652,68.37914556398366,12.88800071558645
4,0.3197994152981981,4.411673287341223,29,18.91246595917704,93.92506833803628,5.360906173278238
4,4.311922668758789,1.9749870478919676,29,22.513441422291898,41.51670955102226,39.18746470189239
4,3.4254166303779225,2.8439462919389142,29,19.81098851807745,47.87330756586339,25.50718368651861
4,3.1652348566752284,2.986061107358232,29,18.887378116809373,50.65058920818223,23.588289713510992
4,2.4981795188540272,3.6121895006966307,29,19.34496183592315,58.24839286443763,15.244383285468125
4,1.3363139716295327,4.426767286458537,29,21.38390872570584,75.42439385493921,5.808679586883141
4,4.179227877797648,2.758159660953595,29,25.03094216794254,38.84611441785343,26.78035247803166
4,3.549725504794183,3.1901890879865133,29,22.76096610328146,44.88359877281723,21.821033310565014
4,3.1818214695708225,3.6738086272495654,29,23.60437650093079,48.2274475555692,14.765358420892824
4,2.16212854547533,4.547359961235909,29,25.329187327305256,61.616544459401574,4.757271402345655
4,4.248190268226985,3.224750906008138,29,28.23198606666557,36.189980747165386,22.45480137722705
4,3.45522917862583,3.8953601575605434,29,27.132830766181907,44.100506225515204,12.164182777671545
4,3.0292973872599154,4.453969517239221,29,29.07509866616683,48.98573997822048,5.846387256885759
4,4.880735328243916,3.5369102463094313,29,36.037026861509034,28.5207298087795,20.00050920576078
4,4.133708429745632,3.93661941764012,29,32.38140721192658,35.700012712884146,12.572732477624161
4,3.400133165222212,4.670429212788258,29,33.47106139771761,43.86393701698665,3.431584704708161
4,4.93084559488633,3.979777695279188,29,39.69269905934764,27.177105587363506,13.674121045746077
4,3.8774607371622616,4.846347719907309,29,38.4831327869107,37.86882932778563,2.286957467731643
4,4.713521957114624,4.995107422541757,29,46.35415682243437,28.73211091245824,3.017440104097041
4,1.5218070871290341,0.6556526030858573,29,2.789801296913332,90.7100989936392,62.4593759879548
4,2.934971995914992,2.616486555603111,29,15.468807026890673,55.606396899880465,29.52501259135375
4,2.555279227579928,2.3327836900582493,29,11.988749808480401,62.528824964807235,33.963200553360906
4,1.2793952170372247,2.1488655166588595,29,6.222693288183699,84.16187804361712,36.42477257244759
4,4.481978915180476,1.4005228565037804,29,22.051257380268016,43.41124685199528,49.009572863884
4,2.739627070084403,2.620103914859092,29,14.374244219384918,58.36517875394672,29.48959021203477
5,0.3285076344361987,0.5574493724747109,39,0.41951812507810615,113.25104324911088,64.32966976979453
5,0.21733793775217614,1.6716727876991533,39,2.833615852874379,106.91997996161156,44.330418102143575
5,2.56018813546157,1.2119347654636472,39,8.01737994434387,69.67836760275068,52.581710144170145
5,1.7466280984142406,2.016529869369683,39,7.187500213052665,76.97432044837522,38.582537847592185
5,1.059228113586891,2.274900140568496,39,6.277016080309956,87.37792253052105,34.849013158799096
5,2.909229768629422,1.5165582376882072,39,10.700379586499082,62.42582817340959,47.051096772732244
5,2.649499252805667,2.133112034563593,39,11.601603970841182,62.24970678396947,36.867768195692214
5,2.034430512526432,2.5048031782484035,39,10.391375929745557,69.54533234788506,31.19937482307936
5,1.0880538465543548,3.039318189684007,39,10.376083693547036,83.28779043810952,23.782583247283185
5,3.5951265140998374,1.1784661858881413,39,14.302856309155363,55.606332925397936,52.874703600192426
5,3.0137702972507077,2.381833890285608,39,14.805099881900196,55.6818291614335,33.3268864852089
5,2.651779381276078,2.857757251612132,39,15.12422906922725,58.45288516248216,25.398287341115505
5,2.06292065873619,3.1432610773995755,39,14.152950571488958,66.49216713228844,21.454529690183726
5,0.9001916948138106,3.8139611084528955,39,15.362683824797593,84.21169861007881,13.247968187618504
5,3.626126385250048,2.323522692650076,39,18.53173885669768,47.778320375592585,33.914894765122924
5,3.037012950389833,3.0028964346166243,39,18.183527346304114,52.32017443911246,23.336786130735426
5,2.8206066323379666,3.112092963272926,39,17.575059068234594,54.94642180329568,21.49876251130263
5,1.8079274278164312,3.841621903514464,39,18.036915511146763,68.45164709105106,12.754141475006382
5,4.261814932553007,1.9888886027393888,39,22.122933020086528,41.98170280235481,38.94233353614581
5,3.3608747914640253,2.9210551467556254,39,19.813311377335896,48.378836282873976,25.189629260403986
5,3.2177217420982003,2.9947788745144353,39,19.286570032092985,49.92699796130491,23.799826086975933
5,2.4878612355266183,3.6506438951859312,39,19.55356517897898,58.266509792504806,15.015154128521218
5,1.3638803185234385,4.43248662649853,39,21.483529748088856,74.91414836179868,5.755436657866436
5,4.144807943994884,2.868301269058024,39,25.338213728748727,38.82320944772144,25.921665036356686
5,3.7713377140125166,3.1391180757962305,39,24.044603379114342,42.270164495962646,22.50812799981926
5,3.2080283731098924,3.7102000012100684,39,24.023787431244138,47.74968679054132,14.52356836038916
5,2.2532409804684175,4.430434044634245,39,24.70088435653904,60.37166258881866,6.012498657763377
5,4.303699709682348,3.1126820899663423,39,28.116221886441867,35.93126209781951,22.53995232725596
5,3.436294339286107,3.934445949166693,39,27.268621802112932,44.23643812080272,11.873405494166136
5,3.0174196668191744,4.472614723135638,39,29.155064757800233,49.13892371562466,5.752018740943861
5,4.963730158476293,3.3364161163970065,39,35.92315974430785,28.3371413481807,19.61945949896093
5,4.163538692875626,4.0182537456375025,39,33.627851161459446,35.41551231220227,10.897742684181505
5,3.257967888638142,4.786104676836926,39,33.57858144141403,45.72592550955508,2.7508612503091285
5,4.992873613862362,3.82217005030338,39,39.84296142350592,27.201912452387177,13.715859779865546
5,3.8510075789337987,4.9560373338261865,39,39.41534572275853,38.32986880826448,2.425687775758778
5,4.840019820600481,2.8122123319951475,39,31.318755614710085,31.38589570968969,26.481447468247318
5,4.52408935155621,0.9889128202205277,39,21.425570585900594,46.06013518747066,56.074402964990554
5,0.9779520792126334,0.09758364799100139,39,1.0546743934122205,105.50224486110804,72.29944314813628
5,3.3137454907002226,2.274666720144921,39,16.175327396857657,52.11922260741197,34.85197423070473
6,1.3911043621485397,1.109672908968859,8,3.1421360560930562,89.21307969585277,54.270068522241075
6,0.304953501032893,1.188718443677141,8,1.5489509246775288,108.5804689061892,52.651581076485954
6,2.6628274166756354,0.45025976024940273,8,7.350040832960845,74.44670460161778,66.9690537063396
6,2.4912488184528234,1.3674246398750078,8,8.043963977650163,69.61358097421301,49.59492557884748
6,1.615274751276471,2.1570813152327686,8,7.315688470987251,78.3599121961914,36.30996215381358
6,0.640532206935909,2.612120113601384,8,7.137502985645767,93.21110102225961,29.429021813347948
6,2.8338558221796575,1.6206554462643115,8,10.60778788538762,62.86280818080802,45.05927304573339
6,2.5627331985433965,2.24584177172511,8,11.658999405272375,62.92211619734127,34.95755562125317
6,1.770942413735529,2.7848228757276807,8,10.868806533504003,72.5144135658339,26.836015900917836
6,0.8484542199245853,3.2601731008936863,8,11.28501347204464,86.78407671817754,20.70107781516775
6,3.7542072264149917,1.5336563361451272,8,16.453303907169605,51.05129330192824,46.15449650328328
6,2.9080056291453467,2.480416585052632,8,14.648557031044852,56.675727318749146,31.416946950967343
6,2.631867376213707,2.8648819264388843,8,15.110207152310494,58.88315245918047,25.810888038827155
6,1.4317637320832133,3.6683973198868127,8,15.481984652913233,75.21057194524528,15.408869202676433
6,0.6505541061937391,3.8212374706762544,8,15.053857991492182,88.80708437303328,12.921872189936902
6,4.51779459107321,1.3182831908651582,8,22.14860047296085,43.60400913803372,50.39430337018481
6,3.6149450924654265,2.467692322628397,8,19.18320119602724,47.22684716044742,31.859078440490613
6,3.0883444401317095,3.0232886477688496,8,18.60846453332458,51.513480492110475,22.91743065793202
6,2.7681594648425074,3.2108042265838,8,17.958737270565116,55.394662924768,20.49850849309753
6,1.7134563317622051,3.844990479119248,8,17.722370010043672,69.99218389744776,12.689774214955765
6,4.253284353863234,2.160246271033289,8,22.743871334396502,41.01762167921473,36.07053245064106
6,3.3404588193162645,2.9572576750692785,8,19.87093895261741,48.488928127409594,24.253045965039913
6,3.130129578850609,3.0615286147122136,8,19.096416671612946,50.78875980052855,22.383819604538363
6,2.423592534110622,3.717077251682093,8,19.670681720609398,59.13096242240877,14.47488319362917
6,1.285985915656074,4.436743844978084,8,21.306328445842837,76.27345353126634,5.614053504649775
6,4.092460711975089,2.9506535993748173,8,25.366983688577182,39.07918394458237,24.75776929442236
6,3.484836979590175,3.266655721691396,8,22.841915310282452,45.41161737786788,20.540526669099663
6,3.176071063727528,3.7423530769283824,8,23.97503062553197,48.189301362056895,14.247370049191176
6,2.221109717776689,4.472650503655348,8,24.92555228544122,60.831683279049436,5.529059889545195
6,4.934392259321962,2.8214869361101016,8,32.28131161577386,30.40849635792923,26.636339823249
6,4.189621177096614,3.2933173284672925,8,28.48637568950474,36.68400257201938,20.080148563229685
6,3.3575100451566096,4.061529267316677,8,27.675560041344283,45.08088996412352,10.31767919649451
6,3.0222709049489955,4.474105263539956,8,29.16324681922061,49.01587811051806,5.304608802195986
6,4.9968863300084045,3.326409595723097,8,35.989370916526546,28.25490869391382,20.43975990455276
6,4.077286415103701,4.004900873965199,8,32.80491655937547,36.48520304672704,11.315866719996833
6,3.466099154348089,4.669532256253095,8,33.72962688996844,43.03095795388849,3.53637221756847
6,4.9647630306637405,4.017436943217714,8,40.702806083246024,27.843566724987255,13.477991852153409
6,3.8722030255095126,4.999824225498239,8,39.59593355394753,38.39404023800864,2.36477537074207
6,1.9719224446830284,3.17055186403206,8,13.96233898545613,67.84285221487816,21.103770060464935
6,4.776285939169239,2.1186352705945204,8,27.30642511010683,35.590884892031255,37.13764390915895
7,0.5726366831234403,1.0609479696297304,2,1.474250996050328,104.48553425206069,55.24617314193384
7,0.11952219033765477,1.600383950872989,2,2.5664997948321577,109.15347230496656,45.50257834010898
7,2.467397404171141,0.02429069901140557,2,6.23136424838404,81.58845300569601,73.57121462680104
7,2.3701723949115405,1.4382714983961753,2,7.622731104472933,70.93990238614286,48.24619145967889
7,1.6223020962784949,2.120461393214756,2,7.079021549527846,78.44850321063637,36.70663227803169
7,0.8485249625745379,2.401227057378241,2,6.452372709326363,90.47551073639862,32.90652534815152
7,3.8023355636167047,0.0777700532855774,2,14.256253389833121,62.67209148222117,73.06577337783291
7,2.866159762348336,1.6810328314797611,2,10.996945546160996,62.01603326018178,43.853113180086424
7,2.5014481855915935,2.3306390523412865,2,11.728291519208891,63.303194876884355,34.00987919048108
7,1.9351543375317162,2.5770170519787583,2,10.374658389785878,70.83032791578366,29.897642952520982
7,0.929416033792641,3.1785939558814076,2,10.90394762905518,85.6084898612077,21.60262371647166
7,3.636088743809483,1.641522639728531,2,15.927867280595285,51.669050407138734,43.856604909346956
7,3.027818720762367,2.4785339538279687,2,15.363816452828425,54.983673140482374,31.560675862577057
7,2.670385304047028,2.803814919861651,2,14.969086771414684,58.57178340562211,26.705195909488722
7,1.8674890919330078,3.336715554864264,2,14.63889359749144,68.94890249457474,18.897591974700546
7,0.6756535307884928,3.9658610312281697,2,16.182759172203912,88.01418653704988,11.422597217473704
7,4.5009608253556355,1.4743291323977468,2,22.40099838745559,42.690587172193446,47.62587976860772
7,3.534622383123402,2.546646888335191,2,19.01230228865461,47.91475992637536,30.812566641453646
7,3.116158436886089,3.025904139656055,2,18.800788173833055,51.103179688264824,22.804131724863147
7,2.442200744628647,3.4570708846253724,2,17.968467285573702,59.55222702319613,17.290866591409795
7,1.7134890034737675,4.024401908271766,2,19.190088125825472,69.60646619001368,10.568797591538157
7,0.06380075537136903,4.854998410409015,2,23.496603665214952,98.0398376216211,1.411747581042146
7,4.200224366687656,2.2591241046776918,2,22.780070705280316,41.11076264536973,34.642785519539416
7,3.287974601176029,3.0516279930285464,2,20.067227398196884,48.73723861881999,22.71978270404547
7,3.136924755053574,3.1119147500931517,2,19.46237365315273,50.47387084895685,21.619672901581104
7,2.345014211789496,3.7932866589183627,2,19.894867116527898,60.07498242965609,13.39090407441547
7,1.2026863807871078,4.539038396070855,2,22.014747340067363,77.63075651805848,4.369008267452482
7,4.1652099126390105,3.0662271872964193,2,26.638459022497734,37.71205815817106,23.134960016571895
7,3.452160194960597,3.3347101830997463,2,23.06672733649839,45.58337319924062,19.53452475463657
7,3.023825920754831,3.9242572107827622,2,24.43836057070728,49.93192138934187,12.083690625648721
7,2.0260909866054195,4.650610746838701,2,25.654830527021325,63.73113412212016,3.4774117430042146
7,4.928530029221943,2.8755331736634404,2,32.53687139440564,30.285847881694828,25.44397858953684
7,4.196125717168138,3.307091397479813,2,28.626493953233975,36.57873022629421,19.800588818163934
7,3.7182819100408775,3.894600043118306,2,29.022728333845706,40.824538351742646,12.259319119627861
7,2.972170760697817,4.550899694733004,2,29.537974348215762,49.64813205680396,4.458236290973186
7,4.983575329612884,3.3723854551583243,2,36.25688240771191,28.528937595405658,17.6664444044642
7,4.112470577016689,3.9923012553599064,2,32.910556003035715,36.3179120978385,10.470027764301246
7,3.4942818029865386,4.654528945869476,2,33.68938373698521,42.691470992969045,2.440989621171383
7,4.9976881600562955,4.126200388333584,2,41.185109096399216,28.39358697727863,7.903549254706967
7,3.974534570125982,4.833856270330266,2,38.31188064122074,37.520942653157206,0.918041345253549
7,3.0064153832945077,3.8588104872904965,2,23.798140657327536,50.32238913029197,12.856832428649664
7,2.2043082718185074,3.1503687332776105,2,14.809239807497669,64.22241682735685,21.271757717714205
7,3.847767622532725,3.0688118329859138,2,24.236145995731462,41.59999449839899,22.94269718451342
7,2.925590757034215,3.16914713819896,2,18.575131965623992,53.287323210046225,21.079809844458907
7,3.3765614544105538,1.4459785296438277,2,13.46071792142848,56.417525089899286,47.64899045655157
7,3.2192070859983435,3.7126537099052728,2,24.052583863578487,47.65870663893121,14.582488346084377
7,3.1284221267326444,0.6849531591949709,2,10.376076961456942,65.67836645776015,62.47093712589083
8,1.0038868722356282,1.0871376067639804,0,2.094217625085749,96.20592199872753,54.6594843067534
8,0.09374815993983876,1.527795330973959,0,2.4136140628732345,110.17512557983216,46.91266944969999
8,2.7254657124510837,0.36544015087069004,0,7.660787000427314,74.66172233934721,68.83838960481691
8,2.398833464859276,1.3964126761219233,0,7.70258977010473,70.6554613032473,49.17176266506241
8,1.7942940009517405,1.7287566240491716,0,6.259325797731664,78.0177942643759,43.41226840380594
8,0.7744285887406149,2.5251589218055823,0,6.912755992630487,91.1798534483721,30.653811813793045
8,2.9169942539075855,1.5410359361280557,0,10.840686610017467,62.157712802305035,46.41169051403347
8,2.6063081923684206,2.198112459233101,0,11.676637553945302,62.53922248155782,35.117193564962264
8,1.9158447105708654,2.665519548629266,0,10.75218809686181,70.75645064720194,28.095660283530744
8,0.9897401596648691,3.135165047283397,0,10.749523941613578,84.68077548257621,22.07330889360265
8,3.7121318763319926,1.5631579669782845,0,16.29525570950359,51.3591770575216,45.924098889590326
8,3.248093492788406,2.102094045530664,0,14.989762023524264,53.9569499323205,37.26039211895741
8,2.5947281754987594,2.931090062308559,0,15.303534086260662,59.13179582231138,24.373979814218032
8,1.9469724135742945,3.0576231927681956,0,13.148964953432229,68.71127094328081,22.251782262678347
8,0.8984451749540401,3.8521294202917122,0,15.661831161648827,84.1487265451558,12.56182778649191
8,4.563754286483116,1.3760000378483448,0,22.729851798134423,42.66811088091431,49.274823487233
8,3.573303080450399,2.39625659817599,0,18.510688565174096,48.1328331776876,32.806784862151865
8,3.0728076767804904,2.9746616109137825,0,18.228359230763708,51.91282122459523,23.749524912523214
8,2.768451914345786,3.22783585794507,0,18.09738951569074,55.46006034898937,20.48159528047724
8,1.760123659447785,3.8494075357426545,0,17.91683165945964,69.21049816999572,12.5504287170894
8,0.15786259311235923,4.840008978525072,0,23.37335970270393,96.85360800920981,1.3797019121302263
8,4.201875480347251,2.1415786624873094,0,22.282285999388883,41.76568885514021,36.70791768677485
8,3.5584226363465703,2.9991979761904455,0,21.655342595572804,45.56346034428828,23.857837841704423
8,3.072576076242312,3.250209403732778,0,19.972068950033645,50.8704824200974,19.752826391013553
8,2.4512460815545793,3.7287577681082302,0,19.89499490313331,58.66185035465433,14.384868641331797
8,1.2998222862996343,4.4737997474680675,0,21.729706287736235,75.98419571268568,5.417199656158878
8,4.101234769565184,2.9251476732503336,0,25.293842421973125,39.07821622151495,25.0939604512642
8,3.478813046672322,3.2842260954315483,0,22.920137149880755,45.41414615752634,19.243991124675652
8,3.1753051262923626,3.7289185545891135,0,23.88662276164315,48.226600644585375,14.391103011459073
8,2.2357446121992792,4.483295069011571,0,25.06330921229841,60.600700123565794,5.448177087210702
8,4.943304613645853,2.8193470383542554,0,32.34741814445941,30.378136862032463,26.741860397062148
8,4.272140991866344,3.1710618824223085,0,28.2493805725185,36.10564991031363,21.791958282128544
8,3.3648307083495306,3.978192364941932,0,27.148317230448228,45.09557195882894,11.174221130496324
8,3.0215270463666792,4.460156771151662,0,29.04078368029681,49.03937079867154,5.508256213925691
8,4.852327669652182,3.6259007478702605,0,36.44905204050875,29.15900868526274,17.00410177094383
8,4.122228423217395,3.932005568356447,0,32.367908274695196,35.93231458456954,11.77792119585791
8,3.5454164739072738,4.5714439314318644,0,33.21292350278145,41.75751704185754,3.7775052472642265
8,4.997519918453398,4.06923596074323,0,40.054358157128576,27.621251456692818,10.124917258018115
8,4.004665052824053,4.735152471619244,0,37.389209259989265,36.168032204987725,2.2228154597303167
8,2.172414700836958,4.474185768440035,0,24.704727346098146,61.59114046181554,5.578260389086264
8,3.2458024540287727,2.898922198290379,0,18.906836002802777,49.947651572120165,25.17453596151034
8,1.8498573214679688,2.2244888623916266,0,8.344021905886379,74.06176118628849,34.759953118893975
8,3.094236428791919,2.9839325334535083,0,18.414761928651238,51.575571109827244,23.641063416980472
8,2.947063220316171,2.625562310003487,0,15.588911863438904,55.365089556171,29.368618937675368
9,0.9930222929182314,0.974616170344792,17,1.8800073575353196,97.27153051475784,57.01846290696847
9,0.00832574280460574,1.6433911115893252,17,2.641622649090383,111.21619545135478,44.78208299377468
9,1.7964250990363162,1.365537434268369,17,4.973865408362805,80.54788855355395,49.89086801162351
9,1.6754549017491231,2.1779756655354046,17,7.498780434824468,77.24629653926834,35.896904433879946
9,0.8077134809084543,2.4340281561680643,17,6.493467254938624,91.1335350821492,32.13449361208583
9,2.6345960904945858,1.451415151050376,17,9.050146018821653,66.7653983551378,48.02899876180375
9,2.5997021814312133,2.1692063330746,17,11.49642272696438,62.82857222823249,35.64174729946801
9,1.9315766923921438,2.637639248201849,17,10.661675521555814,70.55778754635708,28.210739871895033
9,0.89866462074942,3.238673130918737,17,11.250698171970127,85.94488534828747,20.47515760335
9,3.765272513312654,1.4011019329825274,17,16.244846728944953,51.79745883025143,49.229209270944686
9,2.8631849152442754,2.5359564338091074,17,14.677694592162975,57.04566251280797,31.162740513738864
9,2.5694734104044508,2.9648651579639287,17,15.374522418569645,59.352528881513834,23.74195984471213
9,1.9376488716336633,3.2888866459109973,17,14.522829210125678,67.94429080253519,20.75733897292967
9,0.8696806758648401,3.8613917547932313,17,15.686091305916056,84.67300467383554,12.478175133416244
9,4.513157354695764,1.372892170010879,17,22.24110441286919,43.25304303348889,49.50338320583666
9,3.5702375825378696,2.5092872008412703,17,19.079053688081178,47.631210662308284,31.72215612131465
9,3.066430977755019,2.978230279775093,17,18.21556653323769,52.00025699529382,23.71338178730211
9,2.6702432969951886,3.0946533379356604,17,16.693326278120942,57.34524850309501,21.962452227760185
9,1.7167227540434862,3.890939657488577,17,18.079059532689858,69.84723731805585,12.00135841327651
9,4.182389394498448,2.192866283505927,17,22.34658377936526,41.699851395226645,36.09932235851038
9,3.3255397033045133,2.99897910725396,17,20.026761866392466,48.49677061922096,23.70575766366049
9,3.206564277234927,3.055223599099164,17,19.60093295288832,49.832813673326875,22.93118488905165
9,2.4760600847695082,3.8611212162474517,17,21.043085962251688,57.95975488361568,12.737030371633036
9,1.3147043293765284,4.4331584980187175,17,21.410352823655558,75.77342215277483,5.786670706551252
9,4.083063113890407,2.952291513552738,17,25.30160031824139,39.18939652957571,24.704620389917473
9,3.497521390616546,3.2737879478115417,17,22.957844926213674,45.30566489411849,19.91541217997998
9,2.9580788933855704,3.8519485258958754,17,23.5714375761753,50.97684857266425,12.925713926244217
9,2.2367600098986924,4.497467309968977,17,25.188677851538458,60.571720933797046,5.240572294287222
9,4.931957073110754,2.8479075970599865,17,32.355471344745354,30.301222036211385,26.471728327667556
9,4.183640117766545,3.3187662613072852,17,28.61754629979171,36.698227626552544,19.441782678471853
9,3.605005499065568,3.8934513621926827,17,28.14400946258528,42.168061243127525,12.303195743369642
9,3.0386461987457203,4.468436605244383,17,29.21291858385805,48.78798342593184,5.378792159838621
9,4.882638326465649,3.557311549571734,17,36.13306603938963,28.559941744105025,18.495781514703626
9,4.09229869213389,3.979832272663505,17,32.49437487985662,36.04788829120747,11.315449728622212
9,3.5379510120506543,4.593845204759734,17,33.23200624620023,41.890326907223134,3.6480361520754734
9,4.97259063214456,4.03483061713031,17,39.31271988231228,26.927545402078714,12.209541608017997
9,4.000747826421817,4.826481518559503,17,37.62553336504864,36.16563338118897,2.267604070800619
9,2.280523094955797,4.368631788288519,17,24.2848287135118,60.01073853534579,6.945526294849735
9,3.4063277794054465,2.360717118507055,17,17.222669810612974,50.47308285405421,33.86413841964897
9,3.4189420544984452,3.3873080573256575,17,23.18283544477167,45.94383139416939,18.123665599526646
9,3.0114464683124753,3.113903984995079,17,18.773580756303716,52.315984071192055,22.025312933838713
9,3.3301428424836867,2.118519997452602,17,15.4865425000587,52.80410301339533,36.679788205321756
10,0.9960146052778296,1.1249286025550336,21,2.22576279868659,96.10426583509512,54.411819072263455
10,2.3854410222595703,1.4491526720106176,21,7.786355346207243,70.48447290221696,48.231599515083865
10,1.7045817033173356,2.0353923561488383,21,7.085878365253901,77.56392632593138,38.154537903872
10,0.7036465765035262,2.273784089539687,21,5.634209946964486,93.682528039366,34.73573021109201
10,3.726764403901401,0.37604320139550285,21,13.967943256221123,60.668139724426204,68.66767265873199
10,2.954223794916515,1.625056408131634,21,11.338534825320938,61.10237020929435,44.69154038169664
10,2.4329432402772975,2.288801007630292,21,11.12950794866391,64.46910527800787,35.04460517028713
10,1.889486240248689,2.6662167182169805,21,10.66675494537035,71.19380518804577,28.228129793100806
10,0.9056370171729794,3.0912659960085827,21,10.302219659285583,86.34432346507288,22.877302329934132
10,3.4190409060505225,1.4858049424434623,21,13.8548637992416,55.658740147128384,48.47394218167534
10,3.2167879125618493,2.342812183392378,21,15.904840434643706,53.07856311970866,33.579770631782345
10,2.599818119129085,2.891705237847976,21,15.106748845147838,59.264691941447765,25.596433367549725
10,1.9761469563352083,3.2497085212904233,21,14.440142618039399,67.47376271333235,20.371291575466017
10,0.6935288888794444,3.832468509381497,21,15.227098150285505,87.97178475295792,12.956751358027713
10,4.507893577257697,1.429263976939783,21,22.342128461734227,42.92939850337575,48.39970605562476
10,3.512113001296844,2.4439557319794742,21,18.31435206901744,48.645986146783926,32.324168800517015
10,3.021056008363083,2.955736293741962,21,17.793031681342434,52.726396446195395,23.97900417639254
10,2.754767375514367,3.297785140943605,21,18.46606655548551,55.39427187677815,19.829534905167108
10,1.708787719836895,3.8804400453178416,21,17.968119051865393,70.00419507331927,12.276012076641134
10,0.1787515523322014,4.69288645793924,21,22.021693498663723,96.49824625555777,2.800795957705855
10,4.1950095978761786,2.1817430303753276,21,22.377510787156627,41.67019945467361,36.01017870051188
10,3.3220861625096716,3.0048511955976442,21,20.055921943920055,48.581360228350626,23.585604872828306
10,3.287512663550871,3.034475511930479,21,20.015075738804903,48.93571420604226,23.1789900054287
10,2.4197099090155465,3.746162923463054,21,19.922474863610528,59.10710169891519,13.842852950741362
10,1.310610747818982,4.486114410918686,21,21.875482256920073,75.77985908334003,5.1913725731134726
10,4.091547061371979,2.9706351420992867,21,25.475868700205766,39.017061755135906,24.316286104264723
10,3.509989410344727,3.2650735058119307,21,22.985519934029227,45.1606547017213,20.097756456523733
10,3.1811610616136736,3.757711072738278,21,24.148383178128427,48.07256511680029,13.963890576860596
10,2.219198275910541,4.51577643421206,21,25.26589341741192,60.772981560996435,5.048728839224751
10,4.232600836815262,3.2515512844471903,21,28.508206058779294,36.31102427700656,20.679916985332003
10,3.56591447431307,3.9273292822442585,21,28.123309628782632,42.585850718793175,12.006061734572306
10,2.6389930626556257,4.717233063914515,21,29.213818007404484,54.23438835561206,2.819216288314376
10,4.958597067055358,3.578535994186721,21,36.63375831243632,28.708788693382196,18.48149395647374
10,4.06816872350027,4.052109236456777,21,32.87398189734374,36.19749348827177,11.256751711299827
10,3.3425796631369007,4.701461032043298,21,32.91400400880445,44.27972987171479,2.185941783422958
10,3.244787515949686,3.923731419665608,21,25.91625838596802,46.84273276074964,11.907476625954956
10,1.924957838808253,2.6386050634681233,21,10.651670103279024,70.72132117390157,28.676047619126617
10,2.9960519891142328,0.7472190759456185,21,9.549066750396822,67.20923664527974,62.56222979510224
10,3.452717296979978,2.0813974318696333,21,16.239099214978438,51.41046517236032,37.98446221468305
10,4.771189459247329,2.960685580916472,21,31.489332433226423,31.469935177138666,24.928945924028252
10,2.5879030921629695,0.7745860843052826,21,7.2036498189193825,73.10502774537999,60.33572226838024
10,2.772786163511549,2.7239647320076568,21,15.073947120153733,57.38817175426092,27.669085788847056
11,1.3013311221457813,0.6916054828781593,27,2.2144194046290657,94.15801934435555,61.29280326056374
11,2.6779069246591853,0.4844624700872846,27,7.2887976374073205,74.42991837542463,66.85229253626787
11,2.4458098126981183,1.3912821607556678,27,7.921360192790342,69.97182937753003,49.276564088819555
11,1.4462457017054131,2.1899197632571106,27,6.830971146136118,81.06213805484101,35.62847100680863
11,1.0023094211146506,2.3415815579858785,27,6.3619472938682655,88.07783725002923,34.00448781163861
11,3.487393678311594,0.4138624406134661,27,12.306072570171969,63.401246882448994,69.13788895397953
11,2.935698501945933,1.6018461172035057,27,11.16525374028443,61.51313629311477,45.01013201621886
11,2.597766732569963,2.204133644434752,27,11.647064800064328,62.654850360783314,35.25360496513416
11,1.9885511628843757,2.5495404585065002,27,10.483639943482144,70.10507912283468,30.81196693140888
11,0.8068155764251888,3.116696073294738,27,10.285004344512242,88.00283173591886,22.396648171978402
11,3.6603625945348512,1.5976509248838284,27,16.005325061617157,51.81424820545266,45.554408453826
11,2.8977314324133974,2.5021594345345832,27,14.76007353828467,56.73759948468024,31.4439253946625
11,2.706233021378699,2.768495673608748,27,14.95171637681924,58.17317829447225,27.14381201444377
11,2.026580887849338,3.209987483704854,27,14.420704740472015,66.82208639415519,20.88860437982535
11,0.8405711423495659,3.8633462611001406,27,15.5894698195912,85.19091079730069,12.73220519375808
11,4.555845922945209,1.4068810729521841,27,22.73761785988505,42.56288119212837,48.90344382951646
11,3.5709013284282562,2.474065600140861,27,18.925248193481263,47.73639474127546,32.148427668807074
11,3.1424643286241656,2.854609868677505,27,17.96152293289102,51.50505838519949,24.973688106586494
11,2.7271137488206487,3.164492937871554,27,17.467168875046884,56.357673022453845,21.488549177200923
11,1.6866810323065446,3.690103092802363,27,16.409020019680554,70.74910301060441,14.08830179000438
11,0.17799155141586628,4.740162495417136,27,22.438194154870327,96.61054349846228,2.9405843922585646
11,4.206072810834602,2.1159607483159784,27,22.189181750787334,41.923417685384166,37.11418004983129
11,3.375665468761959,2.9451047164193387,27,20.05116938851659,48.09838314314999,24.614634082250635
11,3.200385172238385,3.045121549289156,27,19.516384735110766,50.05535968506739,22.928859270655167
11,2.5600934868277885,3.9289169176891363,27,22.012245073898686,56.60459017933496,11.995732302040807
11,1.2969952211576177,4.441476698969098,27,21.43334506415571,76.07108384152104,5.6746095630319715
11,4.101209169458121,2.935259217355158,27,25.360343208205034,39.04894022155054,24.976159964010833
11,3.5242466254501315,3.2606070723169713,27,23.058593116598615,44.985693219884126,20.12626797577481
11,3.1859777097170916,3.736493658316137,27,24.018322685032082,48.05229718233497,14.28928409960953
11,2.248354951111634,4.493878448335537,27,25.206970525543944,60.315172678900986,5.276843200516446
11,4.972931575050689,2.793852639345536,27,32.44365315219864,30.27138862171394,26.90521531156628
11,4.199035436467901,3.3054731792559346,27,28.624768399817768,36.54944337340344,19.884579907016885
11,3.403128014709739,3.9725606686421306,27,27.369371176737275,44.58818100712615,11.274824397884856
11,3.0583657112378804,4.459289129589779,27,29.24818914053528,48.522338409213916,5.382119448423865
11,4.97590118153508,3.5643574858560467,27,36.57104479555041,28.581804072507808,20.06824989119581
11,4.0581333229783585,4.070569952632509,27,32.911846288310485,36.29771161321575,11.586213976567372
11,3.446988146191028,4.694617954902411,27,33.20126921585404,43.15531010253627,3.1086508242759656
11,4.271184637001658,2.474604033157575,27,24.39596574738619,39.14018688826858,31.44630607629769
11,2.2984046860999694,4.374930806669255,27,24.40536654485995,59.6001462966103,6.777051530441991
11,2.1877842713206404,2.4171121856303217,27,10.586707896906635,67.495115951385,32.142794950245126
11,2.108547099263924,1.854956579496019,27,7.894891870859258,72.22051384711021,41.2273628820702
11,1.570338961264791,1.4900792862188186,27,4.604028908049983,83.32711845836135,46.85878712688236
11,2.9546463717368123,3.1742973550391866,27,18.832955903172625,52.874056997837144,21.39287550690599
12,0.8275366176125853,0.7314251053016552,1,1.1259751874134096,102.29315067573398,60.15204653596177
12,2.3329493483841435,1.449711223121692,1,7.538096954808598,71.30388836442256,48.19441543248445
12,1.818254532275393,1.8296674198446135,1,6.681250925553062,76.96885020568762,41.62233832686462
12,0.9180402000277155,2.4365291694313176,1,6.6753375366601055,89.12685870402497,31.943930361288434
12,3.5869913899610033,0.29356604167994016,1,12.916360381109426,63.28295997442575,70.14010603743387
12,2.8771520872242027,1.664673538251995,1,11.071833192895753,61.9393655043998,44.03862928051698
12,2.5672818371925175,2.2757863241692027,1,11.742593610089546,62.6529392086074,34.145893764630266
12,1.9751543193419137,2.538718353243174,1,10.372587555304133,70.37576960007752,30.970992307404345
12,0.8992316889165586,3.103886440851451,1,10.36440864215319,86.40422521898147,22.689461413617604
12,3.6747973637705322,1.6291831555120795,1,16.225465373344324,51.39454654466034,44.988956211584366
12,2.723545858364686,2.283103310259627,1,12.60881784773784,60.33676877012142,34.17668300047699
12,2.726352394139424,2.7597228861782774,1,15.044928274835637,57.90469957246979,26.981262345152306
12,2.016597530847025,3.2016351071947984,1,14.31666553470922,67.02068018062913,20.79915806264643
12,0.862359823974847,3.9066237787114972,1,15.959912579041129,84.69364343857484,12.297214012145261
12,4.407820833809489,1.3226398207161267,1,21.169690097590447,44.76772647243808,50.23407834068093
12,3.58476425742143,2.5102933756131387,1,19.245339914799427,47.36550854298182,31.41870077763988
12,2.962250732772068,3.00913193555923,1,17.783172753209975,53.30754662931393,23.001886732316336
12,2.7777678376474526,3.2672719119264415,1,18.3932067054802,55.16568630891042,20.181944852226014
12,1.6702440865292836,3.763553213179349,1,16.935143158784268,70.89008514696259,13.61035613671956
12,4.387012861830262,2.419813407987312,1,25.069200419759134,38.11850492519196,33.402148411082536
12,3.388664623769838,2.922177832268992,1,20.015344416933154,47.99463005530644,24.718217816744747
12,3.034170692244316,3.1558923482091252,1,19.190724997375575,51.84121438168749,21.550311376314717
12,2.4507053915366948,3.7703771699203985,1,20.26793974241268,58.58141165481473,13.982263335613347
12,1.3313631888497348,4.485862842339832,1,21.93876393204126,75.4122952767841,5.310909535386251
12,4.097595675813118,2.9573206810049757,1,25.462790566380022,38.966924739423895,24.54359228183235
12,3.5178120368387287,3.2694172946153808,1,23.069300062067676,45.04430867268511,20.005931529447494
12,3.188830840513257,3.758076034243907,1,24.204928881000527,47.95873237340584,14.07603633373661
12,2.209436235597206,4.487503585791753,1,24.97359160359907,60.939588775714995,5.324153499663883
12,4.985551354815363,2.792570963083923,1,32.55967444469982,30.19125569912719,26.503586635108412
12,4.2736024870949,3.2137822612352203,1,28.58322171136956,35.96619299039395,21.2953051354614
12,3.3597913930442402,4.007482477122322,1,27.36923944019342,45.0792389244924,10.80613852557573
12,3.059545197453293,4.4715680754648925,1,29.35123201808731,48.48057835910808,5.296181002134688
12,4.983642519593315,3.667396450925358,1,36.935613625580075,28.825056542940608,19.004792622502457
12,4.06404435761567,4.1249436730743465,1,33.107998361897884,36.23890700763063,11.630877090439029
12,4.009467585267949,2.2508057767444893,1,21.100795029360274,43.44331767280124,33.89914722607654
12,3.227296398394752,0.5338159467157694,1,10.729279165960765,65.98686602667188,68.09585285802402
12,2.895577367239936,2.6050301635873234,1,15.165731731951102,56.20974758421141,29.760439215801068
13,1.1143776337824274,1.199068263712097,0,2.6201980231271786,93.45818596276837,53.35465798631978
13,0.08904107154932395,1.759640209564603,0,3.1015258935745926,108.54665222154225,42.68337539754514
13,3.0664402986903,0.33760827453606146,0,9.5030899310525,70.31447448273678,72.57083354193048
13,2.322895688900665,1.4265783287231835,0,7.469680785387698,71.71032830847051,48.84132238288207
13,1.5683140936464266,2.228989374079089,0,7.309707327786175,78.77066175075862,35.08557883244947
13,0.8046582129306405,2.480747999950665,0,6.702519189643855,90.94932188029026,31.399808227675493
13,3.3261851553705766,1.4572620213626086,0,12.888855837258653,57.10674445055521,47.67096574412607
13,2.4148863113532353,2.354114982897427,0,11.428973947895361,64.5137900834649,33.395386803175306
13,1.7903334562409177,2.7875197220466625,0,10.997202672692005,72.33653490865454,26.59369134835871
13,0.9331891030980005,3.1447024421798058,0,10.736182724446358,85.67180926655418,22.028741946061896
13,3.635584062614327,1.6834284543323694,0,16.095977830337436,51.47313656021116,43.74709757689242
13,3.2044430132420803,2.3735247840473677,0,15.890209214897457,53.03791726586423,32.87245281775497
13,2.70451635370189,2.7494902788612907,0,14.861875995794259,58.26575381377308,27.308856987559288
13,1.9106387951666437,3.3286757854401277,0,14.615861757171215,68.22567312869076,20.116312427309644
13,0.7476032996051242,3.8564937822350203,0,15.460107555247342,86.91683153919575,12.679168181171587
13,4.3510857390307525,1.3230135238444898,0,20.69472502922882,45.37931435303045,49.874151754244224
13,3.5161522906068674,2.482380366429238,0,18.533924033187876,48.36762322329851,31.641605234088793
13,2.9599100843252857,2.9973060564030787,0,17.691315678165612,53.387298555854386,23.15540989020028
13,2.7395893475275894,3.280380224383379,0,18.272180753260045,55.72351751505801,19.934526887780684
13,1.6528401024687314,3.7841123038231617,0,16.92913100002901,71.15117310773121,13.34839253642219
13,0.24265377736932714,4.756827568895618,0,22.459363811061515,95.37446983354529,2.706666971458443
13,4.28674111990352,2.32439417630606,0,23.770440261206733,39.749319787663865,33.747071581060084
13,3.4269473821401357,2.8296491906526167,0,19.707392892593823,47.83794723903864,25.69229977349722
13,2.976943886890766,3.199974460342429,0,19.02909818316536,52.525900924176874,21.13350367863294
13,2.384867771289589,3.758623785473447,0,19.888903576631062,59.56397768522966,14.131447813609855
13,1.2622063477482268,4.453628769393157,0,21.448402579042856,76.66865060687809,5.576413653028137
13,4.9922895352883865,2.077981158703917,0,29.78237945806538,33.3020119418059,39.317612839236105
13,4.158911145046043,2.8309740479702903,0,25.360474330380974,38.819209073811635,26.141572428861405
13,3.492061988375962,3.2852575376563964,0,22.997046043006517,45.3382095711711,19.71545886593379
13,3.150301859714617,3.7768091469336236,0,24.102263252592728,48.46128569728069,13.827933912007502
13,2.2122784682083365,4.481804943941878,0,24.93031582151096,60.90106596651354,5.395135996598437
13,4.211261288550528,3.2893213122563907,0,28.572388404880517,36.422015948973694,20.16838119211851
13,3.3552615409964366,4.009902691989995,0,27.363202934140503,45.132245469518494,10.762696579718273
13,3.0347642652343376,4.476391604186679,0,29.253665976350145,48.83213668330132,5.275338501074312
13,4.892028933611096,3.3261023453415985,0,34.87138826904447,27.72323888618366,14.253000855499618
13,4.20847124922018,3.6465571466039544,0,31.969166434614046,34.27829582342977,11.245791745687022
13,4.993423456276364,3.6433094686776406,0,37.03505719739563,25.07710488332767,10.18523536173145
13,3.8324565376476287,2.371646521829334,0,20.370921697526768,44.88478628341835,32.749451774046285
13,2.9655349964318667,2.5436414362397093,0,15.182310395033413,55.51792731157351,30.97588859873861
13,4.43181106986365,3.0066863943919744,0,29.85709428040628,34.47329015524646,22.282278945778895
14,1.1075856105237247,1.1275335355970328,5,2.490893821185649,94.11320068089756,53.57571886103169
14,2.5673491861936486,0.7428928872403844,5,7.1833552224803014,73.84463172735663,62.200242447902504
14,2.2364841427289224,1.5987373069400386,5,7.592427229200753,71.91144358891745,45.89516097482267
14,1.637329954813456,2.1217458494470343,5,7.124543448912021,78.16637529455136,36.52810604209869
14,0.826364640611747,2.347102857647363,5,6.105448953952585,91.1873262493142,33.52429022073591
14,3.4718499532193006,0.8565613099377274,5,12.837793770689165,60.08620562829128,61.177151166498824
14,2.848485546678895,1.7611099970268467,5,11.301869935013318,61.76588304409348,42.675905387304205
14,2.4959594728454464,2.343652278830709,5,11.704341256281161,63.346951533679146,33.482115139315724
14,1.712658485659972,2.8025667097688176,5,10.784686941962322,73.51347508548652,26.272278065283004
14,0.8427518559575503,3.173870739704036,5,10.756869810092219,87.20593088401728,21.48324861164636
14,3.4634271848823968,1.5901683577476686,5,14.460528946001652,54.326707518796304,45.03114514582701
14,2.8253192982503093,2.610053775062066,5,14.76831153420343,57.18209266081292,29.525019688968033
14,2.677261215614284,2.764548019869908,5,14.780650677635741,58.60543604545127,27.17179859111572
14,1.812894324003914,3.269908384194178,5,13.916625740849927,70.06441463415217,20.283995370785412
14,0.7160185486728099,3.90706359577081,5,15.826332023643127,87.38133955388076,12.027306052355286
14,4.393777809069873,1.4985396663283308,5,21.478630875635364,43.76127658428511,46.59710508368123
14,3.507971000201775,2.287950254488757,5,17.501633683681852,49.52720030073897,34.60301971518337
14,2.947562653085931,2.990868164662024,5,17.594301093035103,53.5800335783362,23.209819541439703
14,2.6972307047240913,3.325900674807319,5,18.330895928612062,56.219928520080884,19.202346760024994
14,1.6019240898643108,3.8498414440860174,5,17.359430454945127,71.884752671758,12.543446520529152
14,0.08215961878663303,4.768469294160967,5,22.73155402530669,98.5166220424504,2.395785371531673
14,4.30687873856288,2.5612337255196764,5,25.011565403142274,38.340339314597784,31.196612666556756
14,3.3083077289711946,3.0469810125008543,5,20.14365639305375,48.635452363862356,23.092414330570882
14,3.218888532605223,3.114282335355425,5,20.005289871117643,49.611219963029605,22.301989168057908
14,2.3417232588166854,3.805650636841953,5,20.091103452723267,60.099774775671065,13.523374381512099
14,1.2334319134479155,4.504703503190026,5,21.813713961827617,77.11713005408616,5.1063751018730485
14,4.020968357816911,3.1015562347471093,5,25.316768915968332,39.47821550424838,23.575107923156505
14,3.4639087799386736,3.3152360553489517,5,23.00535717267259,45.60489343238808,19.18902440794926
14,3.121256449978504,3.81208741703617,5,24.21424022703561,48.78692959593383,13.387829475687514
14,2.1619475231410092,4.533264825271362,5,25.173326459535076,61.69336201416294,4.792242329761635
14,4.875283415844392,2.8847260315227348,5,32.51183919734332,30.557540827535348,24.931312451496492
14,4.184968654195431,3.316590700397412,5,28.554929039476967,36.64741495336844,19.783275150147144
14,3.3072466373351745,4.045063962341846,5,27.35793415050807,45.70860263613219,10.234170670971569
14,2.9799255417389734,4.519168837271528,5,29.29977112366756,49.57412257449049,4.900941761571424
14,4.754312456271951,3.215938813186634,5,36.28970724505852,29.144096357694295,15.304565832990345
14,4.011961762629788,3.8790390511148347,5,32.5818593246833,36.24020672585918,10.653023803982528
14,4.825212713872069,3.335112054790214,5,39.41189518121074,27.001268908319012,11.690115851726361
14,3.26653864724608,3.02708954049723,5,19.739418823894006,49.29238809109481,23.433246662285278
14,3.2859305775708094,2.796410855596914,5,18.592930809156428,49.980829198370856,27.3316381241929
14,3.955735588176103,1.7419557322468857,5,18.84917829622303,47.18820025428627,42.946316949933475
14,3.9444890860038146,2.483469188190786,5,21.587537587535678,43.07430340660337,31.234987714197118
14,3.3380207782386435,2.2736776901111924,5,16.328482008780533,51.83359219865441,34.732318079929286
