iterID,x1,x2,x3,ParetoFamily,Pareto_f1,Pareto_f2
1,-2.0,4.7737117049949,5.0,6,46.97913306608712,5.173528225485196
1,-2.0,4.517580839769072,5.0,6,42.0415571179561,5.178171389438845
1,-2.0,4.31382937407991,5.0,3,38.0311240515325,5.181997453927824
1,-2.0,4.138640374613944,5.0,3,34.684379862810566,5.185380949443747
1,-2.0,3.979978054817512,5.0,3,31.83248872192458,5.18852004822762
1,-2.0,3.8330253027326826,5.0,3,29.4021349829829,5.1914908571939336
1,-2.0,3.692596809790394,5.0,3,27.300802475081213,5.194386698709032
1,-2.0,3.550387944100817,5.0,38,25.401604294486457,5.197375925316297
1,-2.0,3.4127501216714977,5.0,38,23.770567507637942,5.200323350916783
1,-2.0,3.2720133831867875,5.0,38,22.28544659925636,5.203392322834379
1,-2.0,3.135371197561133,5.0,38,20.983338709467493,5.2064253677040675
1,-2.0,2.998384347162472,5.0,38,19.774155336406547,5.2095188074053205
1,-2.0,2.8706725215173625,5.0,38,18.695460651954527,5.212450341474053
1,-2.0,2.7524972469534,5.0,38,17.709269067130645,5.215203816034734
1,-2.0,2.6457371215978953,5.0,38,16.808303193768886,5.217725057461202
1,-2.0,2.5541084489644623,5.0,38,16.016668051583025,5.219914483229626
1,-2.0,2.462063764032611,5.0,38,15.198123058600117,5.222137580980078
1,-2.0,2.391681944364976,5.0,38,14.554654333196755,5.223853510143975
1,-2.0,2.3140013426138477,5.0,38,13.826799186544113,5.22576351867551
1,-2.0,2.2531455542627983,5.0,25,13.244576667493838,5.22727166087898
1,-2.0,2.1896096912714977,5.0,25,12.626949107706132,5.228857299965334
1,-2.0,2.1340274482986317,5.0,22,12.079976848462326,5.230253721985985
1,-2.0,2.0822009184380192,5.0,22,11.56582409051207,5.231563585971358
1,-2.0,2.0343039485229446,5.0,22,11.088399400095199,5.232780824252849
1,-2.0,2.0013850932768085,5.0,22,10.759688268615195,5.233621138870472
1,-2.0,1.9447077182915646,5.0,25,10.194043273571744,5.235075042903997
1,-2.0,1.9031485207104901,5.0,25,9.780672224424968,5.236146845590309
1,-2.0,1.8638345117759938,5.0,25,9.391689666285737,5.237165194546961
1,-2.0,1.8258702748066833,5.0,25,9.018756611391003,5.238152685046934
1,-2.0,1.7920185271878313,5.0,25,8.689082619518182,5.239036605929293
1,-2.0,1.7669062741564479,5.0,25,8.446600005365427,5.239694396141438
1,-2.0,1.7258470991387753,5.0,25,8.054591635953148,5.240773699119281
1,-2.0,1.6911349557661621,5.0,25,7.728121331046012,5.241689837911867
1,-2.0,1.6571304452167706,5.0,75,7.413297356478548,5.242590566764164
1,-2.0,1.6242418431852188,5.0,75,7.114022841175906,5.243464811516706
1,-2.0,1.6014023693964508,5.0,75,6.9094721133701125,5.244073708887704
1,-2.0,1.5648096577640869,5.0,75,6.587803092754777,5.245052304165682
1,-2.0,1.5361337540391917,5.0,75,6.341300755684836,5.245821795477784
1,-2.0,1.5167193319121772,5.0,44,6.177361296703502,5.246344067498722
1,-2.0,1.4778295336766276,5.0,44,5.856540069673327,5.247393417621314
1,-2.0,1.4485556535276642,5.0,44,5.622057991501883,5.248186090744348
1,-2.0,1.4196508310409972,5.0,13,5.3967538291433765,5.248971118103928
1,-2.0,1.3910090111061124,5.0,13,5.179856643889137,5.249751303079215
1,-2.0,1.3622426643645758,5.0,13,4.968628626142447,5.250537184669621
1,-2.0,1.3355673820385174,5.0,80,4.778874757508854,5.251268002999886
1,-2.0,1.310894931772799,5.0,80,4.608760362606763,5.251945717463091
1,-2.0,1.2836413658635946,5.0,80,4.427024019010517,5.252696305207856
1,-2.0,1.2616806934186606,5.0,80,4.285396970749439,5.2533026292379255
1,-2.0,1.2261081171544368,5.0,25,4.0652928017711965,5.254287625543437
1,-2.0,1.1975732292378365,5.0,25,3.897203781262462,5.255080300354923
1,-2.0,1.1606097706715721,5.0,59,3.6908692142431825,5.256110488472562
1,-2.0,1.1308565246230604,5.0,59,3.534252691513494,5.2569424912732
1,-2.0,1.0910139552309837,5.0,59,3.337894097960813,5.258060489883185
1,-2.0,1.0524190141685035,5.0,59,3.1623764511394334,5.259147696868549
1,-2.0,1.015331264185709,5.0,59,3.0073833691451988,5.260196356179673
1,-2.0,0.978936750778375,5.0,59,2.8683106272581824,5.261229138133089
1,-2.0,0.9276722460394007,5.0,59,2.694211150856326,5.26269014782801
1,-2.0,0.23428460910501964,5.0,120,2.5618612395615514,5.283168945430191
1,-2.0,0.3105555823021963,5.0,120,2.4059126800265567,5.280851001226516
1,-2.0,0.40143126309248184,5.0,120,2.2655882802384895,5.278110264094273
1,-2.0,0.5806694095685058,5.0,120,2.155005126643321,5.272771755345946
1,-2.0,0.5276870779704097,4.963076566049789,120,2.162528724645835,5.564334525713313
1,-2.0,0.4302249911940545,4.937898316483414,130,2.2316263143298762,5.767439746564829
1,-2.0,0.46119365364364173,4.906200802104899,130,2.201837032240654,6.021359661560531
1,-2.0,0.49150698038087254,4.875174046859072,130,2.179264669203544,6.272921227005735
1,-2.0,0.44514371483437754,4.825639466037639,134,2.215385760324832,6.683481772394192
1,-2.0,0.4789742565925613,4.791053888812988,134,2.1867363041953993,6.972582952457383
1,-2.0,0.5159891996997465,4.753212840258396,134,2.164872954262396,7.293012595169412
1,-2.0,0.5617201250904713,4.706461284727274,134,2.1520768467519815,7.694761139951197
1,-2.0,0.46037854179603244,4.642272038993006,140,2.199686884871987,8.261563797836558
1,-2.0,0.5319154512988732,4.569285303569368,140,2.156806641547824,8.914796103614524
1,-2.0,0.5531694357379242,4.547600568378375,140,2.1514501841234868,9.11173970339269
1,-2.0,0.43258327904000776,4.458860706431294,144,2.2240875215810796,9.937017114028109
1,-2.0,0.4955637028451507,4.394760633736973,144,2.1716954754707096,10.54165000789839
1,-2.0,0.38963602471139697,4.302506849318419,149,2.273581229988693,11.435676296591637
1,-2.0,0.44614179431843326,4.245123531889572,149,2.2084298573850205,11.99855090836343
1,-2.0,0.5190252660173769,4.171108162823683,149,2.1575197832257373,12.735691607941597
1,-2.0,0.5682140900826109,4.079210097096741,157,2.145147513837543,13.668503316357349
1,-2.0,0.5500146118060072,3.908079730757459,157,2.1455621128288485,15.45199225020965
1,-2.0,0.3788375810388812,3.7538316236472813,157,2.283188288134589,17.104390720835188
1,-2.0,0.4500937639895692,3.6818762993459435,157,2.1994063322817645,17.881855292292194
1,-2.0,0.49737963918179967,3.533641442427056,157,2.1624122974111515,19.50227851171409
1,-2.0,0.46261258028354707,3.324140120034444,157,2.1852748459807785,21.816828226436957
1,-2.0,0.4860374379584733,3.1070480384135735,157,2.165875684658964,24.2149574020673
1,-2.0,0.4721287061821021,2.800829349750338,157,2.1734345508770296,27.544113086412782
2,-2.0,4.953951233380818,5.0,1,50.63362776321233,-0.28406114666457327
2,-2.0,4.780497897155182,5.0,1,48.81514355256362,0.4387798675443264
2,-2.0,4.621659781885827,5.0,1,46.51384586307181,1.1215395878792265
2,-2.0,4.487638803115912,5.0,1,44.12221240314182,1.7129878437900672
2,-2.0,4.380215655064102,5.0,2,41.942552597588715,2.1971133769856763
2,-2.0,4.28577921533134,5.0,2,39.869955118479055,2.630027025077169
2,-2.0,4.202358101700955,5.0,2,37.95248725363797,3.018078541077614
2,-2.0,4.1189840526981865,5.0,2,35.99525744460068,3.4111326405948503
2,-2.0,4.041455031636204,5.0,6,34.18168937396075,3.7812589837747232
2,-2.0,3.9783657804040153,5.0,6,32.74331782693369,4.085699557060174
2,-2.0,3.916315061409561,5.0,7,31.388372727361322,4.38793770087219
2,-2.0,3.86182090074493,5.0,7,30.265657462227292,4.6556383248439275
2,-2.0,3.80236486088093,5.0,7,29.12872434587352,4.950102378968666
2,-2.0,3.74118945453278,5.0,0,28.067552416594133,5.255645358944289
2,-2.0,3.6893452444600334,5.0,0,27.25954453208856,5.516586578925573
2,-2.0,3.6349966965335305,5.0,0,26.501892378611227,5.792072517370702
2,-2.0,3.5847203053762215,5.0,0,25.87811920189337,6.048654761463869
2,-2.0,3.5187283188913727,5.0,0,25.159972898557402,6.387922597388638
2,-2.0,3.4622154582020412,5.0,7,24.621552399506935,6.680645652844035
2,-2.0,3.4103431749607394,5.0,7,24.17613613364587,6.951062629768984
2,-2.0,3.3519876631920473,5.0,7,23.715344423001877,7.2572039232868555
2,-2.0,3.2919234465827243,5.0,2,23.268353980483134,7.574373714834593
2,-2.0,3.236902087779815,5.0,2,22.868859098585105,7.8666882912189635
2,-2.0,3.1850066815945333,5.0,4,22.4906260151553,8.14389147680983
2,-2.0,3.135270127577531,5.0,4,22.11993039391444,8.410872965828576
2,-2.0,3.0888795210263553,5.0,18,21.762484230294593,8.661002891692599
2,-2.0,3.033550745300257,5.0,18,21.31714231112236,8.960662882502847
2,-2.0,2.988490291497263,5.0,18,20.93682118457394,9.20573355563916
2,-2.0,2.942139763508662,5.0,18,20.527723066565247,9.458730219284678
2,-2.0,2.9071272999809104,5.0,18,20.20626570685671,9.65042219880887
2,-2.0,2.86372478557381,5.0,4,19.79283372837786,9.888709628878207
2,-2.0,2.8277784043863905,5.0,4,19.43807862232954,10.086587161533997
2,-2.0,2.7807867825442405,5.0,16,18.958045208867365,10.345942080482573
2,-2.0,2.7476018422149213,5.0,16,18.608497251414324,10.529529615167462
2,-2.0,2.709566175591462,5.0,16,18.1978407837153,10.740366118069177
2,-2.0,2.6770965648110434,5.0,16,17.839454813953594,10.920677425231093
2,-2.0,2.640676814207108,5.0,16,17.42970138961141,11.123260153651177
2,-2.0,2.6079432690217796,5.0,16,17.05516555751048,11.305620224253467
2,-2.0,2.5764884588520798,5.0,16,16.69038671094646,11.481089033200263
2,-2.0,2.5456582578050173,5.0,16,16.328876523197447,11.653277996915078
2,-2.0,2.515649003416555,5.0,27,15.973840640319613,11.821060845454435
2,-2.0,2.489624355775299,5.0,27,15.663907464193255,11.966696862447897
2,-2.0,2.458512552023224,5.0,27,15.291494563712382,12.140946741173035
2,-2.0,2.4287596673587197,5.0,27,14.934015761913114,12.307719611359909
2,-2.0,2.403094050347959,5.0,27,14.625065256567183,12.45167617876112
2,-2.0,2.3732668862199335,5.0,27,14.265876182919591,12.619070934033488
2,-2.0,2.3486698967755775,5.0,27,13.969954011040755,12.757181280295423
2,-2.0,2.319225138084804,5.0,61,13.616537299927021,12.922580392251248
2,-2.0,2.2923112731871633,5.0,61,13.29473277244072,13.073817355915509
2,-2.0,2.2661569272485838,5.0,61,12.983547265077256,13.220825990174577
2,-2.0,2.240378868179589,5.0,61,12.678689857206265,13.365748390671325
2,-2.0,2.2137362059094863,5.0,61,12.36591204143444,13.515551855828717
2,-2.0,2.1876686139557866,5.0,61,12.062509814443604,13.662132402105824
2,-2.0,2.1647929796473786,5.0,61,11.798669298066006,13.790765474119935
2,-2.0,2.1369211196532154,5.0,61,11.480585852949307,13.947485220273673
2,-2.0,2.109643109986261,5.0,61,11.173226394058718,14.100847477827992
2,-2.0,2.086670228647691,5.0,61,10.917661292441569,14.229983789641064
2,-2.0,2.0590045836624333,5.0,138,10.614173226992435,14.38546391021962
2,-2.0,2.0315161410662363,5.0,138,10.317564780605304,14.539900146084822
2,-2.0,2.0072562715109363,5.0,138,10.06011774948266,14.676149721276387
2,-2.0,1.9785103562497457,5.0,138,9.760581374753471,14.8375262881774
2,-2.0,1.9530874828573919,5.0,138,9.50087267567225,14.980177954262825
2,-2.0,1.9240346437737044,5.0,138,9.210292959696908,15.143107737064213
2,-2.0,1.8977290499840638,5.0,138,8.953086290805334,15.290539030215127
2,-2.0,1.8672249526270992,5.0,138,8.662034483168897,15.461380940484695
2,-2.0,1.8604579130372823,5.0,29,8.5985331437578,15.499261930390402
2,-2.0,1.8377565919462124,5.0,29,8.388365662793102,15.626288651155424
2,-2.0,1.8057244196109423,5.0,29,8.099370751371328,15.805382362766045
2,-2.0,1.7771193116745216,5.0,61,7.848817453054684,15.965162580820301
2,-2.0,1.7400224755841387,5.0,61,7.534453769843706,16.172145316118343
2,-2.0,1.7150674572638143,5.0,137,7.329653499909353,16.31122753981066
2,-2.0,1.681043493689101,5.0,137,7.058962526066777,16.500641336331213
2,-2.0,1.6486014768830712,5.0,137,6.809870495784011,16.68100834121213
2,-2.0,1.6130376312812285,5.0,137,6.546670186695835,16.87844849248205
2,-2.0,1.5765496980752303,5.0,137,6.287026024123859,17.080696035259614
2,-2.0,1.5385802845583636,5.0,137,6.027607925736778,17.290791668236757
2,-2.0,1.4968393355113574,5.0,137,5.7545456544481866,17.5213089673867
2,-2.0,1.456867099180175,5.0,137,5.504379616957882,17.7416004837023
2,-2.0,1.4142463192557184,5.0,137,5.249195965148507,17.975974781972084
2,-2.0,1.3689092657217135,5.0,137,4.990113178832164,18.224681881686635
2,-2.0,1.3170358122824144,5.0,137,4.708385726096957,18.508452758912945
2,-2.0,1.2697312187682805,5.0,137,4.464392456808097,18.766465411645306
2,-2.0,1.2147637770930548,5.0,137,4.195617440278657,19.065325347619698
2,-2.0,1.157378666199962,5.0,144,3.931412231558765,19.3762072886905
2,-2.0,1.0947258601984737,5.0,144,3.6619124803070253,19.71427430239182
2,-2.0,1.0262299080278652,5.0,144,3.3903474861968483,20.08220381130945
2,-2.0,0.949022220603686,5.0,144,3.1145274077325187,20.494776925401133
2,-2.0,0.8624657605565339,5.0,144,2.846443084804317,20.95451146974026
2,-2.0,0.7538426115758332,5.0,144,2.5782565417885,21.527135901333015
2,-2.0,0.5910404733214016,5.0,144,2.3398284467104613,22.376052787206884
2,-2.0,0.19333739929677238,4.656106821971821,177,2.7059145884418534,27.768242332636472
2,-2.0,0.41720604495558594,4.485050773542024,177,2.316161503879867,28.349445173292324
2,-2.0,0.2866462201535753,3.0677401484480713,179,2.440811211958657,39.69712379516838
2,-2.0,0.5031225806910913,2.9945919886809618,179,2.230912514698863,39.46296544236663
2,-2.0,0.503060803149174,1.8199675319623279,179,2.1906778556421873,45.534039939906876
3,0.8757992240887709,4.297830368590348,5.0,18,35.00991662720426,2.6290626967258
3,4.417354342769235,4.297236866721751,5.0,18,30.51961507786275,2.6470741376328633
3,5.0,4.2059993979032475,5.0,18,28.66816788499738,2.8862006298959564
3,5.0,4.150004876821543,5.0,18,27.940797647061785,3.2505562201139817
3,5.0,4.116511700641821,5.0,18,27.50246934842034,3.5399673659831272
3,5.0,4.077750440181115,5.0,18,26.992878130902493,3.9303635970034367
3,5.0,4.044545138745905,5.0,18,26.554897514410758,4.3013951562294075
3,5.0,4.01011895277429,5.0,18,26.099983858466434,4.7094485893465645
3,5.0,3.9848539993816368,5.0,18,25.76592544096109,5.016543473805747
3,5.0,3.9503292419978306,5.0,18,25.309632941647436,5.43590097431637
3,5.0,3.92891403027702,5.0,16,25.0269620405136,5.690537276781933
3,5.0,3.9024194995776327,5.0,16,24.677894230880348,5.994270931766616
3,5.0,3.8630491567540783,5.0,16,24.1610857242804,6.411697928372627
3,5.0,3.8324148087236454,5.0,16,23.761047382909453,6.69988837830426
3,5.0,3.805510271424625,5.0,30,23.411599662796498,6.9216860974138275
3,5.0,3.7614495229259424,5.0,30,22.843892532114047,7.215397859851905
3,1.7967148570590084,3.481025648185723,5.0,30,22.1028398898792,7.440822847005691
3,5.0,3.6436233046129463,5.0,31,21.361620024564278,7.580474562791322
3,3.7417522400967016,3.444650074662702,5.0,31,19.972831429685243,7.4077604650658575
3,4.348125022756919,3.3999712430506452,5.0,31,18.991214266058147,7.395150250994217
3,5.0,3.376962378550892,5.0,31,18.269740088630023,7.411389301546274
3,5.0,3.3211928898277576,5.0,31,17.6753537277746,7.515935492165349
3,5.0,3.278715534017169,5.0,60,17.23467067593244,7.677100067477554
3,5.0,3.242914482157468,5.0,60,16.87108275563698,7.8716900418486
3,5.0,3.220168500733271,5.0,60,16.643686405934318,8.022927784840416
3,5.0,3.1902496424063993,5.0,20,16.348713438115933,8.252698122327997
3,5.0,3.1697451552831133,5.0,20,16.14918931143289,8.428824408885758
3,5.0,3.138801338213844,5.0,20,15.851990807646281,8.719832826166101
3,5.0,3.11733576296234,5.0,20,15.64849298623946,8.93687511133204
3,5.0,3.1032689794976505,5.0,20,15.516283353252838,9.084659427869463
3,5.0,3.078485951075896,5.0,60,15.28549450182406,9.35348036435743
3,5.0,3.0504546381057205,5.0,60,15.02763088774078,9.666513030590766
3,5.0,3.0289652849745385,5.0,11,14.832138860987769,9.909636108507604
3,5.0,3.006898018234796,5.0,11,14.63329234783681,10.159224448082377
3,5.0,2.9841667023174576,5.0,11,14.43040662739757,10.413408473984212
3,5.0,2.962514191115174,5.0,35,14.238920658307777,10.650162203733453
3,5.0,2.947139761272095,5.0,35,14.103972509354328,10.81375277148765
3,5.0,2.9185912755924805,5.0,35,13.855558797161802,11.104543335589884
3,5.0,2.8917753096907606,5.0,35,13.62470654636115,11.35881602269806
3,5.0,2.8662680410852874,5.0,35,13.407281487812943,11.580596840281629
3,5.0,2.840196743781144,5.0,96,13.187165727888397,11.784635429296612
3,5.0,2.8112869785514603,5.0,96,12.945529783393562,11.982109618281113
3,5.0,2.7799182821946262,5.0,58,12.68619588126559,12.160934977695906
3,5.0,2.7447263264746002,5.0,58,12.39874680753103,12.317979244218385
3,5.0,2.707014645813569,5.0,58,12.094801009151375,12.438000487839947
3,5.0,2.6649047580602847,5.0,58,11.760435471889734,12.519845757585214
3,5.0,2.6177256672874094,5.0,58,11.392243302579136,12.559010934562522
3,5.0,2.5643036456884314,5.0,58,10.983795016534636,12.558221883258454
3,5.0,2.511576699940146,5.0,58,10.58985282240221,12.53660238996169
3,5.0,2.4569558948127708,5.0,58,10.191844367072559,12.519959133291486
3,5.0,2.4095394926322373,5.0,25,9.855007089519805,12.52876871705422
3,5.0,2.362398181042234,5.0,25,9.528394712197917,12.570956768058167
3,5.0,2.31779327415592,5.0,30,9.227138397025971,12.648167957555891
3,5.0,2.2823489664475196,5.0,16,8.993232529968344,12.737759276351442
3,5.0,2.2425853408114986,5.0,16,8.736645501859162,12.868952704977316
3,5.0,2.215567514850875,5.0,58,8.56582378000477,12.976528228096312
3,5.0,2.194900836677326,5.0,58,8.43707538174635,13.068662888808532
3,5.0,2.1564946518959305,5.0,30,8.202204123469592,13.261684561603591
3,5.0,2.1297315765822233,5.0,30,8.04188123016001,13.412072939501373
3,5.0,2.0765482778259106,5.0,30,7.731309233324421,13.745973340592258
3,5.0,2.065285708913506,5.0,30,7.666887075749534,13.82211299706524
3,5.0,2.0292447397561513,5.0,30,7.463832303719677,14.076951992358351
3,5.0,1.9983018252221885,5.0,30,7.293202578646291,14.30776896389716
3,5.0,1.9652474782380924,5.0,29,7.114617550962013,14.564496970027744
3,5.0,1.9159916779497976,5.0,29,6.85536536888751,14.961906055922832
3,5.0,1.889094682576426,5.0,29,6.717167390028829,15.184204585423112
3,5.0,1.8580621647640039,5.0,29,6.560599618331953,15.443497671165064
3,5.0,1.8232930842276045,5.0,29,6.388762400012064,15.735735038947704
3,5.0,1.7770182270137398,5.0,29,6.165791842025387,16.12421263176718
3,5.0,1.74593756246745,5.0,62,6.019631394939459,16.383017357897486
3,5.0,1.7047213593428034,5.0,62,5.830192850493676,16.72161203318136
3,5.0,1.6518379552448885,5.0,62,5.594375285439652,17.145572820531463
3,5.0,1.6002510906227607,5.0,62,5.372161542575041,17.545085466731695
3,5.0,1.5673739335697228,5.0,30,5.234595600242686,17.791495563692056
3,5.0,1.5095577297628986,5.0,30,5.000455793349081,18.20807834006819
3,5.0,1.4480640421903153,5.0,30,4.762592206875828,18.626697330191092
3,5.0,1.3935168233998974,5.0,30,4.561608307855058,18.976582415783383
3,5.0,1.3266210570616628,5.0,30,4.328591246498421,19.37851674523705
3,5.0,1.2313102162770946,5.0,30,4.0238050730377495,19.901784043448572
3,5.0,1.1696956016728632,5.0,30,3.844862633341595,20.21124627939291
3,0.4797764902669619,1.0659405750731363,5.0,130,3.5117951916339294,20.676786838743464
3,1.3253044233044258,0.9476501216109969,5.0,130,3.0797439553360473,21.161506090732804
3,0.07502081032112029,0.8435640203788642,5.0,130,2.8125601404794303,21.544365933578977
3,-0.013579276840478993,0.7948863041544865,5.0,130,2.689147901030559,21.71521427703637
3,-0.29047847044116293,0.6427552984110176,5.0,130,2.376655535375871,22.227646348946088
3,-2.0,0.18406446660615153,4.8853111892245105,158,2.065666757554773,24.567531110150906
3,-2.0,0.5694360766813855,4.444398727443305,158,2.3091979815751813,27.658830747900538
3,-2.0,0.028760103686620055,4.232390925244925,158,2.1367356730518807,30.197626689739618
3,-2.0,0.10440877207972517,3.7691880457364824,158,2.030170158630959,34.34914650440724
3,-2.0,0.21561041794137736,3.0882914263600343,158,1.8908456506512188,40.45865452857517
3,-1.992546038075798,0.20109282609304685,0.0,158,1.2586708600218834,48.38888037088937
4,-0.25294997277174036,4.244475252612386,5.0,6,37.07321398120208,2.7498683330462725
4,0.2583825829603241,4.18353885689591,5.0,6,35.9523469473542,3.0416577927497155
4,0.80583318310949,4.119317868358366,5.0,6,34.740895780895656,3.5586044764640796
4,0.9202897674172918,4.074908838861247,5.0,6,33.871946255643785,4.014450866966444
4,0.8259864166603275,4.038420518845506,5.0,6,33.144663335846275,4.43059625169008
4,1.7696742716126668,4.0062504473346054,5.0,6,32.65622260311424,4.841861552321788
4,0.9906541078663409,3.9750666655571782,5.0,6,31.869185717293142,5.208923962894412
4,2.3352834832979497,3.939899286717607,5.0,6,31.5239499531516,5.664745985758081
4,2.571478806311924,3.912191403800374,5.0,6,31.078343329130448,5.991495167962386
4,2.9217724498375848,3.871098738892332,5.0,6,30.44924620932884,6.436781886487175
4,3.2548773489348672,3.832022471735264,5.0,6,29.88681738091858,6.801697083809108
4,2.0035469352977966,3.8111693588374838,5.0,17,28.698287635020304,6.944862195722582
4,1.9941991465270528,3.777297136466877,5.0,17,28.02620893479153,7.168954919242587
4,-1.8725015177145616,3.574014080799477,5.0,27,27.14318504918922,7.472777726241587
4,-1.2376379127783286,3.5323422855257474,5.0,27,25.67067331767111,7.429993702952924
4,-0.5291203865842125,3.48583592247415,5.0,27,24.211505717569267,7.37883259298369
4,0.25355223050964515,3.4344620953838967,5.0,27,22.879528148433856,7.347959871019878
4,1.1096508353514039,3.3782686618373727,5.0,27,21.781743276412904,7.381199344858127
4,1.7443997737539112,3.3244691506421598,5.0,27,21.066127709068812,7.50606301708847
4,1.8573632575023389,3.2814648305603438,5.0,17,20.612204883741313,7.680712380700262
4,1.8697786511949905,3.2401961931558705,5.0,17,20.20880190128201,7.918023825774245
4,1.8375725293720562,3.20975204793915,5.0,17,19.928810918508574,8.135767566698664
4,1.8281295836512323,3.1755350191707636,5.0,17,19.629392981860605,8.420771465946846
4,1.8204736504492054,3.147793327714789,5.0,17,19.397750225750833,8.67889084966524
4,1.813154504457879,3.121272003082693,5.0,17,19.18470717558531,8.944420435280254
4,1.862260729904336,3.093745821325864,5.0,51,18.971765501116938,9.235837403618541
4,1.7914364927719846,3.086156987816672,5.0,51,18.91388881555807,9.31730723333075
4,1.7156482384626166,3.038685056277955,5.0,57,18.564135507725,9.843446815992177
4,1.672508311542353,3.0367791760719887,5.0,57,18.5504779876222,9.864378956797037
4,-0.11164962184756755,2.9917837879152054,5.0,72,18.571246102164654,10.349756983337185
4,1.543416733924302,2.9818408218485706,5.0,72,18.161134968164014,10.473777419448066
4,1.9616174920135006,2.9330899655975413,5.0,72,17.858643862822014,10.989153975123077
4,0.009682533298149387,2.8994494457752884,5.0,72,17.722143233502262,11.297280311611875
4,0.051494935421319,2.867630010616522,5.0,72,17.43787389822268,11.574353792079041
4,0.0645809190202149,2.8576715153981134,5.0,72,17.349626188957217,11.65436830919283
4,0.11650805165427247,2.8181547226301973,5.0,72,17.002462543573884,11.937660236574803
4,0.18041702380364777,2.769519693497451,5.0,72,16.58099809788647,12.20789695106828
4,-0.428257149461845,2.730885542946834,5.0,33,16.261377709812376,12.35802434135866
4,-0.4107364011310215,2.7130714450407334,5.0,33,16.089751145328417,12.411822982697338
4,4.111857219053212,2.435135051654779,5.0,33,15.273234227650471,12.511777260291645
4,-0.28249978442481094,2.582687764959408,5.0,33,14.854674029697291,12.550245718724609
4,-2.0,2.5241896743009873,5.0,28,14.26675531397132,12.52185346302443
4,0.6258014312663858,2.4305800594568345,5.0,28,13.755139694823736,12.498004338074217
4,-1.9582868944325742,2.428813115311445,5.0,28,13.23450570505625,12.491857307112062
4,-1.982016828961743,2.3863126691702568,5.0,28,12.80354076805301,12.508373660268344
4,-1.9940139667398555,2.3464759907707933,5.0,28,12.411919600599377,12.550623598063954
4,-2.0,2.3116724231663826,5.0,28,12.080328823032012,12.612042228545649
4,-1.9492725619811337,2.275607987897774,5.0,28,11.744931824323892,12.7017795918013
4,-2.0,2.2383728719921776,5.0,28,11.414199145520678,12.823272141196144
4,-1.9303173689006354,2.2119446824685136,5.0,28,11.182687151182808,12.92740605334972
4,-2.0,2.1765808588675633,5.0,28,10.885371368640044,13.089591438300296
4,-1.8687330148578019,2.148156097823411,5.0,28,10.649293965052218,13.238111107899659
4,-1.8653006777078398,2.131820228449609,5.0,28,10.517120612231047,13.330514564021993
4,-1.957510679681319,2.085448703901127,5.0,28,10.151798418447028,13.618882689775521
4,-1.6869222147687781,2.056983411441819,5.0,28,9.93294417586304,13.812952242135555
4,-2.0,2.051645474680023,5.0,28,9.893795697697167,13.851063978469522
4,-1.7774340111793536,2.022645058853161,5.0,28,9.67107721734498,14.062810577459988
4,-1.7291316222515223,1.9914413298841185,5.0,28,9.43883825349933,14.302288492849538
4,-2.0,1.958250894476599,5.0,28,9.205212753051812,14.568345346898726
4,-2.0,1.9111695179443255,5.0,28,8.870572228231904,14.959827179367423
4,-2.0,1.8812154825615863,5.0,28,8.661126382212425,15.215049755274551
4,-1.1958759003768098,1.8662466546553578,5.0,28,8.533759291398937,15.342382082296094
4,-1.3473213468342442,1.8489528058463542,5.0,28,8.405606679376621,15.49186727646276
4,-2.0,1.8060646926323716,5.0,28,8.145397822456468,15.86417529250527
4,-2.0,1.7622496187682106,5.0,28,7.850242034992657,16.241460769083055
4,-2.0,1.7527932315526562,5.0,28,7.787032703227066,16.32227263787101
4,-0.47925366809142034,1.7272285247122636,5.0,33,7.531606473017728,16.536379868435304
4,0.6052814058161431,1.6800424701620402,5.0,33,7.254940848205953,16.927354663803637
4,0.6464299783065779,1.6382049478599081,5.0,33,6.921025668524177,17.26515809692202
4,-0.16650614934839947,1.611749084901222,5.0,154,6.671727196942841,17.474305288664333
4,0.18745174313059776,1.5976055535785114,5.0,154,6.571178933154783,17.5828103363957
4,1.2036794428117665,1.5569988921454723,5.0,154,6.329486322999005,17.88616764249869
4,0.7574430381006714,1.525333198395381,5.0,33,6.042987203394038,18.115718627595143
4,0.7954958097650935,1.4866433098570049,5.0,33,5.752373676390423,18.384204238919796
4,0.8284390208005332,1.4531485312296426,5.0,33,5.506134056623877,18.60654426599574
4,0.8935998004179235,1.3868967658470022,5.0,33,5.035835259127563,19.018475437386616
4,0.9073519131984029,1.3729144016887196,5.0,33,4.939705300246253,19.100719671216204
4,0.6615451630673816,1.3262841933684724,5.0,33,4.635044490486154,19.363876139080737
4,1.688027510969917,1.2404651407945253,5.0,33,4.106778434637842,19.802372281024905
4,1.0678547074762834,1.2097243120029522,5.0,33,3.911335627032658,19.9479776317346
4,1.2539412073579532,1.1545958859169965,5.0,33,3.604391968972358,20.1928957534952
4,1.1592462338231915,1.1168026189684372,5.0,33,3.41089758275932,20.351436689005485
4,1.262560624210054,1.011758437595041,5.0,33,2.923705455252726,20.760524333552308
4,1.3312340775157505,0.9419351858914887,5.0,33,2.645613842119488,21.01637663828022
4,1.5719901791116273,0.8137033947680326,5.0,33,2.2291676884101683,21.48136727710546
4,1.5016588778828952,0.7686569661463383,5.0,33,2.10633485496302,21.650073794818063
4,1.6551980478599648,0.6125470925982396,5.0,33,1.7926437092199912,22.28653243962686
4,1.9910558578683855,0.27106602129646107,5.0,33,1.6273825679266842,23.974299768822437
5,-1.6224418300224301,4.29877892830074,5.0,0,38.32819188791571,2.8133112382095433
5,-0.15036347494119218,4.178608401828892,5.0,0,35.85705272307004,3.0973421929022003
5,0.28995902417096087,4.118039274264248,5.0,4,34.65926268103575,3.484488167932154
5,0.9279427052267195,4.074169650082427,5.0,4,33.79923743397913,3.8721807902971968
5,0.5555130963096948,4.040450577344182,5.0,4,33.12068019154656,4.219662279446283
5,0.6751100766525604,4.005507133300402,5.0,4,32.41770262672775,4.622881298902861
5,0.7747653218373434,3.976390198459737,5.0,4,31.832226280789033,4.98007917610353
5,0.9661644235862221,3.9454162465398053,5.0,21,31.21130444230701,5.369229875697194
5,2.180874510183261,3.908102439841344,5.0,21,30.81329489540633,5.83011855576499
5,1.069002664859572,3.8849893388352497,5.0,21,30.030792942868683,6.106314871759123
5,0.7301836753173765,3.8584190421613984,5.0,2,29.561513158923017,6.402821248243898
5,0.7274549886073753,3.8215300881909533,5.0,2,28.88546530833282,6.76521938267253
5,1.4347798206426323,3.783965652269339,5.0,2,28.18296810187308,7.060470808067301
5,0.7217742002459779,3.7447318468936466,5.0,2,27.55679376234777,7.2949011922257245
5,5.0,3.618548489778531,5.0,39,26.918483665557233,7.500027905368489
5,5.0,3.4808844582666842,5.0,39,24.5748665850273,7.292284287496042
5,1.1798784851118156,3.404239878648428,5.0,39,23.193928030752208,7.24282968960201
5,5.0,3.3309794711847847,5.0,39,22.53969139813294,7.4035880972218155
5,4.444751881256531,3.2883628048504656,5.0,39,22.038315489441416,7.602019843192503
5,4.634167956306124,3.2506696224446334,5.0,39,21.65609765764902,7.85362875385375
5,5.0,3.2189382915560576,5.0,39,21.340000611221093,8.115537837449443
5,5.0,3.201023286254207,5.0,39,21.170235955260722,8.279019889822095
5,5.0,3.1685134214602915,5.0,39,20.875777217571255,8.601537608573693
5,5.0,3.141017187878238,5.0,62,20.639360332660722,8.894142135748249
5,5.0,3.1101124677957017,5.0,62,20.386035849907678,9.23647896772005
5,5.0,3.0920846875847454,5.0,62,20.243728146750342,9.439483714755282
5,5.0,3.0571976216717625,5.0,62,19.978403882931662,9.832421511987913
5,5.0,3.049186877910394,5.0,62,19.919170654925267,9.921822413227982
5,5.0,3.021387224212537,5.0,62,19.7179039799939,10.227119568191522
5,5.0,2.9932760741624205,5.0,62,19.52031379389833,10.52478628491955
5,-0.4568982457313149,2.950340425165252,5.0,75,19.226152048971986,10.920968981893772
5,-0.5153017459433828,2.934243695685294,5.0,75,19.047689329027296,11.069335114452416
5,-0.6497290796324449,2.8971938541989473,5.0,75,18.62518150585444,11.384353219046272
5,-2.0,2.8594274798818162,5.0,75,18.211237563255725,11.658984809747192
5,-0.888740022828121,2.831319471988966,5.0,75,17.83962103956118,11.843983843696174
5,-1.0084190033268379,2.7983344596775463,5.0,75,17.434124340236625,12.023477111109436
5,-1.1125644063725648,2.769630694092929,5.0,75,17.077454027182085,12.152513904023667
5,-1.2432112067609706,2.733622814502868,5.0,75,16.628364239417564,12.28041516932744
5,-1.9688109984296622,2.696714180322572,5.0,95,16.198278731902075,12.37392240250373
5,-1.513790922658047,2.659047686749493,5.0,95,15.711520017524336,12.44000171984423
5,-1.689159032439534,2.6195352038128967,5.0,95,15.246694335853656,12.478542913862555
5,-1.5331619613348213,2.576482782408522,5.0,95,14.742787173044768,12.496119092381623
5,-1.6698492464886985,2.5308503170473307,5.0,95,14.242067864182868,12.497274237930315
5,-8.060528257414212e-05,2.466664250898929,5.0,95,13.75526320962522,12.493809938157167
5,-1.7216435747732428,2.437715623325058,5.0,95,13.29191759119432,12.4975003699
5,-1.1726166494120864,2.401342081178315,5.0,95,12.884136689218433,12.513126516330672
5,-1.5647007331063192,2.352290903862741,5.0,95,12.469155735501754,12.562156768221264
5,-1.2573877248039391,2.317416223981241,5.0,95,12.099818328633646,12.61998864062824
5,-0.5206463884840558,2.2868571804530906,5.0,95,11.75469878966324,12.688439891708112
5,-0.3196302053552227,2.2601736777513124,5.0,95,11.489248608110248,12.764022875534094
5,-0.5118314530966785,2.222832733133688,5.0,95,11.120875314879235,12.895326109645234
5,-0.10145596020638292,2.197430628260939,5.0,95,10.847747455628921,13.000482006610804
5,-0.08966610556234222,2.1781035600417784,5.0,95,10.646700732758912,13.089960001006116
5,0.2449110466317035,2.1446962937372684,5.0,95,10.297483428691141,13.26188939359719
5,0.10200745987431192,2.125205059750586,5.0,95,10.086431143203505,13.37274213541761
5,0.18761829249401885,2.101577990238179,5.0,95,9.832622226579192,13.516035523178536
5,0.25329200092481985,2.083453212955322,5.0,95,9.63692897778923,13.63252328065872
5,0.3283775490698826,2.065712340798994,5.0,136,9.44489389084436,13.751711811262425
5,0.3741712420409318,2.0450186387530893,5.0,136,9.220616474737678,13.896858731404626
5,0.6599901693362487,2.021164608431973,5.0,136,8.973246299275937,14.071240216719719
5,0.5922064194514922,1.9931126946245523,5.0,2,8.662164186234184,14.285957731103913
5,0.33564578878641527,1.9749779107433263,5.0,2,8.468454134664832,14.429641488442863
5,0.5222412494127942,1.9517367461685098,5.0,2,8.215687983454195,14.617486888622409
5,0.5455643371367853,1.9295107252885164,5.0,2,7.980660760975214,14.801344818579771
5,0.5648148551811074,1.9076107227735903,5.0,2,7.751905380360348,14.98558622318144
5,0.5806376023547193,1.8857106969734154,5.0,2,7.5265146204534155,15.172183432179986
5,0.5944041597806105,1.8618440355242303,5.0,2,7.285365504587997,15.377423733098443
5,1.096673682068288,1.8340287988172772,5.0,2,7.063940002635416,15.61748196301241
5,1.1177329355665075,1.8078104650532925,5.0,2,6.816698365837832,15.84459433618158
5,0.6437570386385572,1.7736454132639827,5.0,2,6.446080774942695,16.139888950038532
5,0.6204291891139215,1.7588928442022338,5.0,2,6.3149666151788555,16.266394979494212
5,0.6555202875168025,1.726181969960937,5.0,2,6.036042549354947,16.54418231050755
5,0.6175691088153892,1.6985922816776242,5.0,2,5.812811822218997,16.77496484377164
5,0.5679006162909772,1.6645239817039337,5.0,2,5.554812790949187,17.05438686831156
5,0.5648237711100652,1.6229282939920258,5.0,2,5.265310391686805,17.385801870574177
5,0.5942071920247223,1.5897296054381724,5.0,185,5.054893604801379,17.641735274080983
5,0.7319379130649755,1.5485581969182258,5.0,185,4.824795908167756,17.947679408161815
5,1.013598133616295,1.4620325155314384,5.0,185,4.454155608730867,18.54715812618876
5,1.1364819500201575,1.42461657685652,5.0,185,4.334627476431379,18.787791306865028
5,0.6212753836031077,1.3712696216715887,5.0,185,4.074359694401737,19.111591946744632
5,1.898053420966681,1.1927315956816762,5.0,185,3.892209595689849,20.04505868647646
5,0.33465568041771343,1.1868593064826118,5.0,192,3.535309825297741,20.07099916170169
5,0.25924193921370264,1.0578156868509612,5.0,192,3.1707547080377037,20.619680107587087
5,1.4794135197640172,0.9389259666444877,5.0,203,2.9917501210824717,21.06761684102543
5,0.9498934842696252,0.867365847255057,5.0,203,2.6429646512104075,21.322766846485155
5,0.26669960355535816,0.7750380175358373,5.0,203,2.294909077315415,21.654105447528803
5,0.3189457939078997,0.6639126760606775,5.0,210,1.9595797281161431,22.080699778617888
5,0.12797093600241372,0.4944444571410244,5.0,210,1.5211248390491896,22.83063102791261
5,0.04362964855268725,0.3597590088799151,5.0,210,1.287076323485934,23.507419633079408
6,1.6477413097733367,4.222726253015337,5.0,0,37.46225001443977,3.037893243070563
6,0.7007502311714671,4.154112306548777,5.0,0,34.64406866683824,3.2240431227881565
6,0.2269701574214693,4.104784726439499,5.0,9,33.59769766025476,3.5615086601748907
6,0.05287765184392246,4.064532365633498,5.0,9,32.98972303803119,3.950711645177236
6,0.0805479029022993,4.043910385004687,5.0,9,32.64993091770291,4.1792847980505154
6,0.430287080833887,3.994264207633829,5.0,9,31.947825789569208,4.778071597023418
6,0.18536372668515044,3.9657936421141873,5.0,9,31.40529990001599,5.136267692955846
6,0.12196522461729398,3.935524970573293,5.0,9,30.927573293953763,5.51754584692417
6,0.24324172953106604,3.9226585418577913,5.0,9,30.747816942393037,5.677390372437074
6,0.28887050817761617,3.888652497337982,5.0,9,30.24402581229512,6.085301737761396
6,0.344083538030413,3.8475035381297626,5.0,9,29.650364800313216,6.533460903675641
6,0.3950790164449205,3.8094978197934077,5.0,9,29.11600359189697,6.883248187625586
6,0.44201431390838586,3.7745180578441193,5.0,9,28.634479194563333,7.137731263523115
6,0.5323853327213923,3.7071666848682847,5.0,9,27.729858370468953,7.428242574847767
6,-1.5840702682958099,3.456978204233516,5.0,33,25.27980403431543,7.137040679818513
6,-1.0480251735994552,3.4102169480602957,5.0,33,24.00997640631774,7.130437133872865
6,-0.5969532251800556,3.3708682232211262,5.0,33,23.012904352752873,7.195956053021748
6,-0.21263570369997353,3.3373427414070127,5.0,33,22.348572690843124,7.308816680345137
6,-0.28510774768544156,3.2960089081289015,5.0,31,21.87044187692694,7.520625005332375
6,0.04349432714397938,3.2694082261746367,5.0,31,21.468926696163553,7.696612856377399
6,0.0644645820164973,3.2334335418162037,5.0,49,21.03523490411791,7.978908779351885
6,0.08149773036362351,3.2066797131529077,5.0,49,20.717188031928508,8.217210189362573
6,-0.3179818473399383,3.1772825134541796,5.0,49,20.491665873422285,8.501594886216203
6,-0.09946838116139434,3.1565019560047594,5.0,49,20.161820453731018,8.714123696585538
6,0.13253676336292175,3.134438344463266,5.0,49,19.875732556965257,8.947594619858837
6,0.18299259363628506,3.1098781122813985,5.0,55,19.595532223767833,9.213913790179696
6,0.40450603079561454,3.088092207368363,5.0,55,19.382621606131337,9.45347410900607
6,0.21254398610217162,3.064222558453793,5.0,64,19.079517919944223,9.716419348428108
6,0.2756432412237677,3.0566094980691005,5.0,64,18.997992405140796,9.800088058304942
6,0.2653812492678784,3.022331721229508,5.0,74,18.613600551970055,10.171917344414506
6,0.40015830455348844,3.0023594490084813,5.0,74,18.407286422576124,10.383013873559445
6,0.15332704878827563,2.9723578860370496,5.0,85,18.069888260573997,10.688476962611016
6,0.21213184686852937,2.9512645355511173,5.0,85,17.83593066634966,10.893148599705587
6,0.29374001476270006,2.9219915893953075,5.0,85,17.516625807333,11.160487022714772
6,0.4867216700634751,2.895766357002722,5.0,87,17.248656474400292,11.381342125510725
6,0.5953501069847045,2.8671380120983994,5.0,87,16.960754827348612,11.600152761219373
6,0.6695650227300711,2.8475791353878344,5.0,87,16.769054239066385,11.735466523278067
6,0.7534168703126749,2.825480505586135,5.0,87,16.557147301689245,11.87401551510403
6,0.9796358684962518,2.765861903979945,5.0,87,16.00926693537348,12.171237228836603
6,0.8121377229524849,2.7519552850956535,5.0,96,15.786289206380033,12.2248870354566
6,0.9697118439724699,2.693608952523381,5.0,96,15.23007871985698,12.390810877966404
6,0.7666810302463571,2.654451667984359,5.0,96,14.745569360102957,12.455167521794309
6,2.85050099120126,2.4392934979402843,5.0,96,14.279499825354614,12.494844072869217
6,2.4724307086820962,2.4309815491278393,5.0,96,13.816872804605406,12.496447417653705
6,0.7023953078344478,2.5165601917105307,5.0,96,13.322573730366365,12.49809490551495
6,0.6833440167089595,2.475695586637206,5.0,96,12.909769914328157,12.492481881854198
6,0.5756967407533802,2.429144265336667,5.0,121,12.439514858988055,12.496510903805465
6,0.4935651343717735,2.3864094223277252,5.0,121,12.020724801402494,12.519488631250685
6,0.44368867500582887,2.3464671699442095,5.0,121,11.634492727769333,12.564436701796941
6,0.6267676103520059,2.311762740211111,5.0,121,11.288488556690968,12.625670041844709
6,0.4411192201150129,2.2751725487212546,5.0,121,10.941686172543662,12.71550211192905
6,0.6353486084249642,2.2449695035691475,5.0,121,10.643665050452533,12.810255722463612
6,0.664920513441992,2.2240719296205147,5.0,121,10.44617288332209,12.88715536110314
6,0.5481801137128182,2.185771954704624,5.0,121,10.076187291785637,13.052242132273761
6,0.5337893002143659,2.154903972769722,5.0,121,9.784434637552767,13.207503060576293
6,0.5516740770323563,2.148032723185382,5.0,121,9.719555751558795,13.244669235358655
6,0.47954850811810035,2.124547724486641,5.0,121,9.501695832889467,13.378675008463587
6,0.5361290581326474,2.0980033852670616,5.0,121,9.25211820463742,13.542342064020067
6,0.7341859530830854,2.0648719197623997,5.0,121,8.971826172766487,13.763295843023325
6,0.7453162923052279,2.039289896128814,5.0,121,8.743577922840924,13.945314863529555
6,0.7678951245440353,2.010341074685355,5.0,121,8.491877877956746,14.161599109593329
6,0.6118317425292439,1.991291486619156,5.0,121,8.287408342523738,14.30918865848293
6,0.634679108936929,1.9631578051650689,5.0,121,8.043328610910102,14.533281571458392
6,0.5555161149605992,1.937152684210619,5.0,121,7.804943434183603,14.745929399459142
6,0.8048892443380686,1.9023671450418689,5.0,121,7.576789685946464,15.036188503302613
6,0.8170075597441762,1.8745143523343848,5.0,121,7.3526055380253315,15.272250884108574
6,0.49855401650276265,1.8556632850786259,5.0,200,7.106347677887342,15.433507898620274
6,0.4991896233704516,1.823662717985077,5.0,200,6.843511901393555,15.707979401995756
6,0.3297020820829992,1.7964112809722463,5.0,200,6.617398648569097,15.942266346199213
6,0.8385454406573087,1.7531655097735594,5.0,200,6.419473144689926,16.311507251688333
6,0.3432776763340386,1.733991998946377,5.0,200,6.124541201621408,16.47487793698744
6,0.3153794910219143,1.6911592640678552,5.0,200,5.801658928084212,16.833503487042304
6,0.30592213948138447,1.666133869410415,5.0,96,5.618702579898587,17.039003465757116
6,0.28603908916134335,1.6234851589566393,5.0,96,5.3169404902577,17.38059145971202
6,0.17167633662109605,1.5924997368959035,5.0,96,5.109466822968136,17.621092217859697
6,0.22357036826593424,1.5529861395260922,5.0,96,4.845986552831469,17.916522431353975
6,0.23266914668432204,1.509007793210456,5.0,96,4.571335032257231,18.230191364635203
6,0.20605958203952301,1.451930855840682,5.0,96,4.234098801320638,18.61260596742919
6,0.17963316649069316,1.3952467692980255,5.0,96,3.9203727986426546,18.964918308169054
6,0.15781489664427184,1.3484470550537575,5.0,96,3.676003603521284,19.236143348497343
6,0.12506896173065263,1.278207736931554,5.0,96,3.3313959465668095,19.61286496903897
6,0.18246442679621255,1.2064117475742588,5.0,96,3.0206729637964376,19.964984407848473
6,0.056205016864849355,1.1304960730765332,5.0,96,2.6764875728136897,20.309712754733837
6,0.020773771603912028,1.0544968226683953,5.0,96,2.3673870518857463,20.632450636912417
6,-0.025177758067931322,0.9559317910290016,5.0,96,1.9874343300949953,21.028545546484285
6,-0.06330476779757621,0.8741501844719377,5.0,96,1.6877399415695002,21.343298041454986
6,-0.1259623242525476,0.7397510887609726,5.0,96,1.2264009778938991,21.839355865615328
6,-0.1858395850443264,0.6113156667724371,5.0,96,0.8299417415771728,22.301125759029325
6,-0.18899625538403075,0.522702564876582,5.0,96,0.5889379257930152,22.630547110352722
6,-0.16449673552915645,0.343507241922688,5.0,96,0.1951830435099815,23.42173290395587
7,1.638358861825258,4.257981906024328,5.0,5,37.88914647639522,3.041235249421124
7,0.5272686386464787,4.178411078810055,5.0,5,34.947903418386346,3.1288364276724128
7,0.5057600426055693,4.108353623910749,5.0,5,33.82304136426268,3.538315613647656
7,0.49283029340889817,4.06623905169589,5.0,5,33.156107176325364,3.9350526637945524
7,0.48303489027228297,4.034333621320114,5.0,5,32.6553634628042,4.2882557341457535
7,0.47221455902126674,3.9990898114883704,5.0,5,32.106207572617905,4.711648880118279
7,0.1633895415324842,3.9750770711430894,5.0,5,31.62857810559477,5.010615204154314
7,0.45409383995275254,3.9400672952594693,5.0,5,31.19354630048538,5.459032377489368
7,-0.0041415822555075366,3.929439361689653,5.0,5,30.924298787808087,5.591345214993622
7,0.4435631255367469,3.9057668207490206,5.0,5,30.66567706096813,5.8903830410755145
7,0.4285303937334062,3.856802447234227,5.0,5,29.913596867320493,6.454713545106296
7,0.4177529704593126,3.8216983965784124,5.0,5,29.37488701402654,6.795819078032748
7,0.4044426390372924,3.778344198028243,5.0,5,28.710025533250274,7.123513413863714
7,0.3901831101721993,3.731898288753107,5.0,5,27.998908574384988,7.351412645250969
7,1.695456895651399,3.460909296888461,5.0,5,25.778723354309925,7.135817185296464
7,-1.333547698165241,3.4232723307074697,5.0,5,24.37655626816773,7.120011944084023
7,0.29353805892833584,3.417107574106735,5.0,5,23.342167005186553,7.122731401570034
7,-0.1690501738343193,3.3556517584281624,5.0,5,22.409074161802344,7.239306713172234
7,-0.15624404156687,3.313730116070546,5.0,5,21.86794403285235,7.419184700277442
7,0.12857807636003749,3.2796220266066816,5.0,5,21.44683061502063,7.625119478541912
7,0.17198841113711172,3.2491165585369424,5.0,5,21.07431619916129,7.851079823796385
7,-0.13421229984282035,3.2220314479033467,5.0,5,20.729918496974854,8.08063803271462
7,0.01518868043274546,3.199316738174019,5.0,5,20.441479594941686,8.290627896419391
7,0.031645164096804734,3.1727778141159173,5.0,5,20.124980548357897,8.55196872981197
7,0.1341564067285188,3.148839141854589,5.0,5,19.848631370025338,8.798496740759397
7,0.17616707198027592,3.1312005726557013,5.0,5,19.64750471325759,8.984524494499668
7,0.19879001354614134,3.108495756601988,5.0,5,19.386764268139903,9.22720722806518
7,-0.0672378960828297,3.0824303700692326,5.0,5,19.095699527144102,9.507662166229593
7,0.05179572676538635,3.0574014204265945,5.0,5,18.798838238965743,9.776854535189248
7,0.17651413966695495,3.0359391366038517,5.0,5,18.559784184523426,10.006023602814892
7,0.17095868542698067,3.0178439999374747,5.0,5,18.35889798578178,10.19698949598219
7,0.1637842296048131,2.9944754772206696,5.0,5,18.102414438638753,10.439159076894745
7,0.1579716941982019,2.9755429798914728,5.0,5,17.896951234462755,10.630467825191339
7,-0.0739509728306873,2.943315098386234,5.0,9,17.589759020461337,10.94289549118034
7,-0.07515604272620036,2.918342402227979,5.0,9,17.328843440228756,11.170840897620486
7,-0.07608263102052182,2.899140687851043,5.0,9,17.129873337969144,11.33614766120403
7,0.16577453411561738,2.8611563017211323,5.0,84,16.690896044384807,11.6338683406466
7,0.048253791658813494,2.8325227325387337,5.0,84,16.41420764080265,11.829913885701853
7,-0.08446775957294839,2.800185532826208,5.0,84,16.125599788866353,12.019825506068564
7,-0.2341400049328204,2.763718348373454,5.0,84,15.825549369916002,12.19317536922888
7,-0.41042838137537374,2.7207662250512588,5.0,84,15.497917200343874,12.343681735944548
7,0.2459903717989289,2.6922053946390774,5.0,84,14.987062056260596,12.413838427584933
7,-0.9274503250248627,2.5947954110245575,5.0,84,14.59112161997382,12.514683079767186
7,-1.1878703600849982,2.5313448665973226,5.0,84,14.106723441557136,12.509425664545741
7,-1.4464964029697995,2.4683314228724083,5.0,84,13.586767443230887,12.494403919702254
7,-1.6484594841270945,2.419123736333724,5.0,84,13.158361771028563,12.49893985202593
7,-1.8510737933323642,2.3697573800744838,5.0,84,12.71786538718853,12.53300670832977
7,0.32694699623026313,2.408058840229043,5.0,96,12.237368454840531,12.502404277836469
7,-0.10634284716446674,2.351208446843545,5.0,96,11.807803025406862,12.554151263768324
7,0.3813974246835832,2.323492350144351,5.0,96,11.425877036775812,12.599088710083855
7,0.14589166823837196,2.2878655148808784,5.0,96,11.1195484564732,12.678722250543268
7,0.23519973435185149,2.255287388578097,5.0,96,10.78963043319025,12.774124222291757
7,0.36683006679780306,2.223901777382256,5.0,14,10.474219201764319,12.887126341142759
7,0.5759013196321079,2.1928326694069833,5.0,14,10.188139408631569,13.019449369880851
7,0.42560356459810267,2.170643601959055,5.0,14,9.964530357134631,13.12626456842478
7,0.42593994003104285,2.1543861961390496,5.0,14,9.809853688176151,13.210822446347883
7,0.3926934076922657,2.123670672898452,5.0,14,9.519010736682793,13.384593678897183
7,0.3969922941667181,2.1070107161997766,5.0,14,9.361322359902296,13.486142961650398
7,0.4047973193603891,2.0767630270525057,5.0,14,9.076297070110611,13.682703945241997
7,0.3767759753223432,2.0526895200698254,5.0,14,8.851997211011959,13.849479654229109
7,0.4189561424350603,2.0218917526585276,5.0,14,8.56482948617721,14.074578532383953
7,0.41602296617890655,1.999524120107444,5.0,142,8.35895792733387,14.245289322435102
7,0.7383434419075887,1.970879454186352,5.0,142,8.16285177673711,14.47115158275961
7,0.37639544781311773,1.9471285975908725,5.0,142,7.8846778251728225,14.663994670193741
7,0.4392315863716534,1.9220362827562472,5.0,142,7.661967343801864,14.871514599238736
7,0.39391170706303136,1.892538723449269,5.0,157,7.4029183221763954,15.119553320287242
7,0.5257309354340012,1.8558632072512415,5.0,157,7.101997181777325,15.431793221051775
7,0.6435829065267815,1.8230737430114812,5.0,157,6.862587746222497,15.71294648869114
7,0.752430764197717,1.7927894558368025,5.0,157,6.666712767541496,15.97294142559971
7,0.2151888080052098,1.7768279509336329,5.0,159,6.453059666366661,16.110488135256215
7,0.4275853906892175,1.738858248463135,5.0,159,6.1505487667126815,16.433768189506818
7,0.4379352032455852,1.694561123035184,5.0,159,5.823242586146193,16.8053252701274
7,0.30721954094227666,1.6789125422186204,5.0,159,5.6996899666692755,16.934719396982757
7,0.45218509009367436,1.633571706888166,5.0,159,5.399673340717342,17.30065730814304
7,0.3212664298755139,1.6024411142724049,5.0,159,5.173378705400035,17.544450827453467
7,0.472539156382624,1.5464564453836724,5.0,159,4.849939332898659,17.963127014752377
7,0.48378946288332214,1.498305212165666,5.0,159,4.5734550932986675,18.302599183152033
7,0.495330518174224,1.4489095761570228,5.0,159,4.309049159930609,18.63013511069919
7,0.3926657111818428,1.3939242379466181,5.0,25,3.9912784518306523,18.970936617713864
7,0.5186184255696946,1.3359205422752156,5.0,25,3.768610123661716,19.303386675776412
7,0.33749653398923174,1.232348377732003,5.0,25,3.240782621699031,19.84015506878616
7,0.006560314635895459,1.2189306939948115,5.0,25,3.1196689899961427,19.906572100042048
7,0.3497717768131623,1.121466873681848,5.0,25,2.8068312769275874,20.347990978691193
7,0.2624865679961599,1.0126641192975145,5.0,25,2.3644573391531125,20.801926819728045
7,0.23906533579427292,0.9440695537651322,5.0,25,2.107657920518939,21.07278877114088
7,0.2034935922613359,0.8398893692283624,5.0,25,1.7267018979232809,21.468162547442045
7,-0.15288857589785465,0.7578895459624964,5.0,25,1.3587350100102853,21.771676908154447
7,0.11717634624843631,0.5870890922331341,5.0,25,0.8658198140494768,22.38527544054646
7,-0.04911479033157207,0.49765755191470024,5.0,210,0.5702730715114903,22.727809584135358
7,-0.12053105389147856,0.3235040892813078,5.0,210,0.1626245658196872,23.523454041068614
7,0.1358083556282348,0.0399220550740368,5.0,210,-0.16860358932680342,25.131381991532933
8,1.710309950069984,4.2547854981477515,5.0,0,38.02987845757903,3.0383799084904126
8,0.30337484028396355,4.175749487306872,5.0,0,34.838216653475186,3.1384624224994706
8,0.2883549038559301,4.111107030681439,5.0,19,33.786633239048925,3.5151884408559493
8,0.2522183260410964,4.070823378753123,5.0,19,33.13710202242308,3.886356823037252
8,0.2975978319681718,4.037532009229856,5.0,19,32.61404658977267,4.250296368082022
8,0.4236396692069637,4.006466663253949,5.0,19,32.180740004697306,4.620657876519566
8,0.15855201553977105,3.990408174263866,5.0,19,31.85426221974172,4.817726299262317
8,0.0876910474451722,3.957237997862604,5.0,19,31.331665066308418,5.237436318735625
8,1.1628007688075064,3.9118475235159753,5.0,19,31.781712479817045,5.819645205271755
8,0.05828441258642014,3.9182679597897554,5.0,19,30.716967638797456,5.732824727007754
8,0.6833185665912511,3.8609083467912706,5.0,19,30.26481351262823,6.412134577629656
8,1.1140686557276522,3.8198220137623884,5.0,19,30.338994601921918,6.8153288410369335
8,0.6621261041392721,3.796988647283923,5.0,19,29.298067749054677,6.9968449488638385
8,1.0668014242312385,3.7305627800006476,5.0,19,28.92547955614393,7.358606570370775
8,2.830564093147066,3.4691992211715577,5.0,34,26.515863504906505,7.146973125134611
8,1.909073873966479,3.4143786173392026,5.0,34,25.160611450416994,7.126010196864067
8,1.4163249443686765,3.3850643682066197,5.0,34,24.187918107670427,7.163184644586886
8,1.0081770043740486,3.3607831375893986,5.0,34,23.363722422620686,7.223388241066514
8,0.48566256761601023,3.3296981012667453,5.0,34,22.42559615051462,7.341065159598175
8,0.03873047791731565,3.3031095531526633,5.0,34,21.829550985570194,7.477861740698515
8,-0.14081397142201113,3.2710572085945175,5.0,50,21.390041543437526,7.684923903351194
8,-0.002112910880063268,3.2572538799530584,5.0,50,21.229776587543277,7.787281176830774
8,0.03661162594731948,3.221925598927244,5.0,50,20.789148006776642,8.081461975538005
8,-0.17283766282108814,3.1928198917689805,5.0,67,20.401505075562593,8.352907448488452
8,-0.04631240729383079,3.1708658151762164,5.0,67,20.131344005118105,8.570913458006231
8,-0.127258937883588,3.148092989035548,5.0,67,19.842687892418418,8.805605657053169
8,-0.8201573065997012,3.1188442267288123,5.0,67,19.833228892102003,9.114832370082137
8,-0.09932002183938682,3.104006921184424,5.0,67,19.297091000894497,9.274384829837281
8,-0.11095096628760581,3.085474078352484,5.0,67,19.068572806663713,9.473960844475116
8,-0.10498820532358999,3.0626847400094697,5.0,67,18.78861119179301,9.71965577436141
8,-0.09925670570682144,3.0404416086853074,5.0,67,18.516224458591886,9.958529353826194
8,0.05469825680847773,3.018999072868968,5.0,67,18.269661425351416,10.186706503254612
8,-0.34528476588582735,2.9979225502529334,5.0,67,18.047126137636397,10.406809438198755
8,-0.08450292280052296,2.978809982233694,5.0,67,17.76616286237416,10.602488691365732
8,-0.18744226983564816,2.9577294929478457,5.0,67,17.52005544258286,10.811457749264669
8,-0.12325219058259274,2.941384113228205,5.0,67,17.316139398459185,10.967879209178811
8,-0.05874443459664014,2.9106095780498595,5.0,98,16.945736626881953,11.245952256876052
8,-0.04980291210454135,2.888210933798718,5.0,98,16.679038639201416,11.432791615862818
8,-0.03930761029390584,2.8619200496934076,5.0,98,16.36803116988381,11.633346558628904
8,-0.03109932699084572,2.8413581803048005,5.0,98,16.126465077714833,11.775090815217784
8,0.13745642478116293,2.8047947025819244,5.0,102,15.728686352572645,11.992889340326546
8,0.1667854882223736,2.7831337569140677,5.0,102,15.487834601933496,12.100973142547257
8,0.223335240834444,2.7413690029417452,5.0,102,15.033321434750576,12.26667954885206
8,0.26779107015660797,2.7085362019388386,5.0,102,14.685783347121278,12.360130831400433
8,0.3303036180787604,2.662367632430465,5.0,102,14.212682165016796,12.444122254673777
8,0.3825753408178345,2.6237624124415646,5.0,102,13.83180640363419,12.480063127950844
8,-1.3291649410892508,2.4917523953845513,5.0,104,13.33313389312763,12.490885350461133
8,-1.0618142597534832,2.4721701389258675,5.0,104,12.859211455743672,12.490631097580577
8,-0.8082005857995915,2.4535940575783997,5.0,104,12.412101129662055,12.492689995616807
8,-0.5388249874350213,2.4338634848918788,5.0,104,11.97706450083248,12.498070731691083
8,-0.23851826794893682,2.411867344213049,5.0,104,11.59073472107723,12.508740020679836
8,0.08749139807208639,2.3805606136700974,5.0,125,11.272499615094006,12.534041146098367
8,0.145582192930803,2.3371700214543916,5.0,125,10.892915049920997,12.592143675232155
8,0.20532704644803745,2.2925439394347134,5.0,125,10.518451469894993,12.682795858290293
8,0.2550213886406989,2.255425030272706,5.0,125,10.218190391645255,12.785223613270738
8,0.005096521144202004,2.229878698230029,5.0,19,9.934796764134562,12.872131935781951
8,0.011327993137892012,2.199318407260594,5.0,19,9.678370895068298,12.99372744486623
8,0.013086703512712461,2.191088057843457,5.0,19,9.609867011893483,13.029977582083218
8,0.021072690678126005,2.155633068420106,5.0,19,9.317157575786428,13.203287968413711
8,0.029085032240177888,2.1225210763065077,5.0,19,9.04688886857131,13.389719496211024
8,0.03484846467686609,2.099869949422247,5.0,19,8.863494248086582,13.53000598416288
8,0.1822274186981745,2.06013708677117,5.0,19,8.562658402662507,13.797765185789835
8,0.17015668603345357,2.03734276786384,5.0,19,8.376231472965399,13.962160105217318
8,0.0591692315037764,2.0096616989399707,5.0,19,8.143288717801328,14.170398719433308
8,-0.13177868711186402,1.975458784132314,5.0,19,7.909866581417422,14.43812666409827
8,-0.09807040712536796,1.9501645286204163,5.0,19,7.702903966308517,14.641745873782382
8,0.1068033844870877,1.9177066695927967,5.0,19,7.425941344309452,14.908520992713918
8,0.08843833905306475,1.883026197909897,5.0,19,7.159581170619049,15.199548841107353
8,0.26967630630108497,1.833505375928001,5.0,173,6.8115648359929715,15.623882045372584
8,0.16951958835648906,1.8317577545464223,5.0,173,6.777341457385106,15.639130463538802
8,0.4352946724248681,1.790963526253726,5.0,177,6.565428267918778,15.994008278040384
8,0.16670752291370716,1.7628672411564605,5.0,177,6.269746998229337,16.23836896910762
8,-0.2899260084069768,1.7164146507019344,5.0,177,6.0445018769518875,16.63527370572787
8,0.5023785875558637,1.67670572414497,5.0,120,5.792425759762185,16.962255722809513
8,0.5244928857844475,1.6424447134471825,5.0,120,5.577169122226618,17.23605370344073
8,0.0833996554856764,1.6145438710211992,5.0,188,5.2431091070592455,17.453378374867818
8,0.10311736005539673,1.5717103064378322,5.0,188,4.970121030535459,17.774987045360856
8,0.27931641271006447,1.5153541295243989,5.0,188,4.662187917079818,18.17789285587131
8,0.5477670502692615,1.4294918539055788,5.0,188,4.325860067544884,18.74714791213132
8,0.019457945310368707,1.4129612193856689,5.0,188,4.043841200700319,18.851952426810062
8,-0.48068855675584565,1.3447749322496472,5.0,118,3.8224236744975997,19.258144812358278
8,0.03156408395631338,1.2996782292707023,5.0,118,3.4559483507823394,19.504938773353043
8,-0.47890522927254287,1.1977365257978991,5.0,118,3.0610828937528627,20.018029230649898
8,-0.47818275383205777,1.1381671878809632,5.0,118,2.772360898320077,20.28849612956827
8,-0.5641085765629621,1.0607246236419847,5.0,118,2.4568879754234025,20.615810187286193
8,-0.4763091733378837,0.9836872660484499,5.0,118,2.073156881295702,20.919161943907316
8,-0.47521047310114506,0.8930975490779016,5.0,118,1.7000392180542576,21.258926717699268
8,-0.47390823606357935,0.7857258741505979,5.0,118,1.3006955467533192,21.650324127313187
8,-0.47242367741628466,0.6633214701215379,5.0,118,0.9114679612225913,22.09870844358663
8,-0.11972235365797279,0.5225093552503559,5.0,118,0.5136475222477443,22.635818641733202
8,-0.1550397047414751,0.2703750989829217,5.0,118,0.12110097050592472,23.7662546073475
9,2.514764481437134,4.211738883019749,5.0,0,39.085238050390984,3.05548803522535
9,0.9645974890995226,4.1771352560150845,5.0,0,35.39387226643505,3.138256985058103
9,0.6126773411828359,4.118170149662521,5.0,14,34.039875560004916,3.451858537066528
9,0.33234749018752563,4.079407701625927,5.0,14,33.27495245379877,3.792386606156464
9,0.20873055088711112,4.044431203206168,5.0,14,32.70316078153109,4.175465894532264
9,0.09611895506978385,4.017308432891383,5.0,14,32.27992724602929,4.5040095280984875
9,-0.09146524913268617,3.9847150393217006,5.0,14,31.822048260189426,4.911931759166256
9,-0.2411269314049429,3.958710812935265,5.0,14,31.494961098774326,5.2377431328142485
9,-0.44006347965727244,3.9241449109706,5.0,14,31.106702344630765,5.670583965408689
9,-0.12186089279180634,3.901907940815769,5.0,14,30.496513774228337,5.94116858444602
9,-0.7938546800273409,3.862672486444356,5.0,14,30.517455189079904,6.391100161400603
9,-0.18832465388654085,3.8447763493265636,5.0,14,29.612110318725577,6.571569508760263
9,-1.2819093967299304,3.777871319242358,5.0,14,29.797691434151456,7.1150471814737735
9,-0.2017007188026001,3.775127249091912,5.0,14,28.51996275493161,7.134086211393471
9,-1.9969096312008356,3.6536375963465235,5.0,14,28.63279420520525,7.479483354087976
9,-1.491637695876838,3.503765788343846,5.0,30,25.65113024795609,7.188721911495655
9,-1.0954752875644371,3.439852669486493,5.0,30,24.16532718420362,7.106679845887903
9,-0.7931193504479626,3.391073404870066,5.0,30,23.14693873530574,7.145039991860265
9,-0.5418799496011191,3.3505408016976013,5.0,30,22.421227542157624,7.258148941930326
9,-0.33020196917622147,3.316390666201372,5.0,30,21.90574513116801,7.410847458779547
9,-0.27768110345484787,3.289783853968271,5.0,37,21.55125398109406,7.564463595092503
9,-0.27033088249415616,3.2530186367500535,5.0,37,21.070528035464452,7.825639732460696
9,-0.2631841638685062,3.228042209726591,5.0,37,20.7486445680078,8.03349183472687
9,-0.2560483082673126,3.209806636329019,5.0,37,20.516135771127043,8.198631500020273
9,-0.20935717826226252,3.179496259516059,5.0,37,20.135558501750804,8.49260865659642
9,-0.2026786804656544,3.1687159149374047,5.0,37,20.00141844474477,8.60156818583302
9,-0.2253937669855921,3.135350242860204,5.0,50,19.589255400674986,8.948006037055457
9,-0.22044703619675676,3.1301555290873466,5.0,50,19.52591976315866,9.002777605338299
9,-0.2069549518970899,3.092728800962113,5.0,50,19.074100645423112,9.400838400970493
9,-0.1643719886679591,3.0712694012291446,5.0,50,18.819419732815536,9.63033850781677
9,-0.186441671380152,3.0492219018463147,5.0,75,18.557730813228048,9.86645509131133
9,-0.1765733122238018,3.0300089446166387,5.0,75,18.332102182760895,10.071316442677778
9,-0.16240972800654485,3.0042334399362733,5.0,75,18.031160899999982,10.342979692537568
9,-0.30582563269970975,2.9942597113241525,5.0,75,17.932604029676806,10.447370744737263
9,-0.3033862341132765,2.9799603839708535,5.0,75,17.767784980628218,10.593684082105867
9,-0.12109311394587907,2.9380519519430495,5.0,75,17.264375554984614,11.00062020433725
9,-0.09222512126746074,2.9134378239470826,5.0,75,16.980650195923953,11.221064240018734
9,-0.287732995339949,2.888203839302838,5.0,75,16.71807920404169,11.430862906203366
9,-0.2860261342959505,2.878198518749456,5.0,75,16.604191055477163,11.507946682794275
9,-0.28274722788238216,2.8589781435187733,5.0,75,16.385682055878444,11.64685435981653
9,0.0659886458971255,2.829360631137962,5.0,50,16.025945965835096,11.833656441281178
9,0.091238941608482,2.8028445209027852,5.0,50,15.725655160139471,11.978526959429027
9,0.14597939038380447,2.745359896142663,5.0,50,15.083136143093608,12.216490229531447
9,0.17818596441185353,2.711538784620352,5.0,50,14.712170278924177,12.312601389808876
9,0.21153801418909524,2.6765147738692754,5.0,50,14.334750325326805,12.382929472035762
9,1.3697995648442642,2.507651352463175,5.0,100,13.88121806062307,12.466858839841361
9,1.1338695881599623,2.493770056600272,5.0,100,13.392808826723863,12.469716132260315
9,0.8914874808898836,2.4795091399072144,5.0,100,12.908306262471454,12.473142929137838
9,-0.48015631355301025,2.4843222199174133,5.0,103,12.496349170455531,12.480721903291132
9,-0.3530027477344735,2.45007979831988,5.0,103,12.070999166642823,12.487201552986388
9,-0.2487863855338004,2.422014359581579,5.0,103,11.742163954961573,12.49910562935914
9,-0.09918418721166589,2.3817265271964847,5.0,103,11.306982969895778,12.530694441089613
9,0.03809372316344728,2.3447576222913598,5.0,103,10.951111317925502,12.578406293422399
9,-0.06555319212993349,2.2983808627471243,5.0,131,10.54532665839971,12.66929967321131
9,0.04042048252621866,2.268453749631299,5.0,131,10.272501229243833,12.7475051154544
9,0.03346389092240898,2.233257012408299,5.0,131,9.969415717159114,12.861986508654176
9,0.04849118826486709,2.1975909129970264,5.0,131,9.667601627043796,13.003979503742434
9,0.07801293940873544,2.1839936354248572,5.0,131,9.554749596453009,13.065213921052493
9,0.05424102988967494,2.1605767450052626,5.0,131,9.359518619505899,13.180056983141625
9,0.059611964607695356,2.1305027511099532,5.0,131,9.1124886868505,13.344506730877727
9,0.10958518072141432,2.096362391912505,5.0,131,8.837164845723093,13.553110907051908
9,0.12037789460465698,2.066406364112801,5.0,131,8.596598143296482,13.75340735159136
9,0.1322877727019498,2.033349559009541,5.0,131,8.333467244213718,13.990330003516751
9,0.1403295689801256,2.0110289197824955,5.0,131,8.157111159348448,14.158206878663409
9,-0.12165656790771862,1.978501176553081,5.0,131,7.943751872591161,14.412156564216657
9,0.16454661452927866,1.9438126016677806,5.0,131,7.632451732467363,14.692271446152686
9,0.1798445455834421,1.9013519886195651,5.0,131,7.306388178867792,15.04496334237837
9,0.18524344119724567,1.8863669284350344,5.0,131,7.192419917549374,15.171453218415797
9,0.19376521497857224,1.8627140738279495,5.0,131,7.0138013201316625,15.37297596309987
9,0.20170544118456046,1.8310982525828876,5.0,131,6.7771299514582015,15.645479884293113
9,0.21807067169902838,1.7952523635408857,5.0,131,6.513918501830114,15.957121680683978
9,0.12625435606812463,1.7545790649674067,5.0,171,6.21007939643836,16.30969853805068
9,0.243623136665704,1.6949419006083077,5.0,171,5.800957351235432,16.81319026319495
9,0.265778852920977,1.6836841872276123,5.0,171,5.728417513779659,16.905691738231255
9,0.3572923092110143,1.6371845728833976,5.0,171,5.44576507946036,17.277823273995057
9,0.4275787460276743,1.6014707845718144,5.0,171,5.247761932803076,17.55237097405146
9,0.28312275944944076,1.5678553135162099,5.0,171,4.97562270035305,17.80226739355377
9,0.41011550221684523,1.514601868727298,5.0,171,4.707318012544315,18.180255093532708
9,0.33687880613609256,1.4654910248702095,5.0,131,4.393079040059742,18.511348329435908
9,0.3685433837300107,1.3776034947335996,5.0,131,3.93702439951392,19.06299011725277
9,0.38082859852675677,1.3435049130461825,5.0,131,3.7702670069633513,19.263238092738657
9,-0.4161968930230828,1.2774070450424277,5.0,121,3.484584393591664,19.630017058055323
9,-0.44702149665574353,1.2045393456917373,5.0,121,3.1320393280039642,19.995532657895183
9,-0.48267116386000986,1.1202654564716283,5.0,121,2.7421972653610496,20.37228442961254
9,0.17451693722640993,1.0640852392440239,5.0,121,2.395846883955823,20.599522405580146
9,-0.08203803284466771,0.9865613387447353,5.0,121,2.0225427697379477,20.8952758817313
9,0.04891864767688103,0.8879716475907091,5.0,121,1.6400183978706444,21.260318698361324
9,-0.047770475128630085,0.7865500004338253,5.0,121,1.2538217355385601,21.64004119538316
9,0.014040116735898778,0.6560409572066445,5.0,121,0.8577384802520385,22.13127317301626
9,0.1868313014440086,0.45431767803912415,5.0,121,0.44854649359680465,22.919822804440248
10,3.2553614994990596,4.184183452372184,5.0,1,39.00039014445773,3.1053415638826483
10,0.14842683178860527,4.172270145405996,5.0,1,34.87755198804294,3.1441221487523237
10,0.5438654869765571,4.115315144016847,5.0,1,34.02296940253389,3.4952724070836325
10,-0.43327200654416953,4.078087887396472,5.0,8,33.582365771180775,3.833540875884708
10,0.02555590414184028,4.041900878886649,5.0,8,32.67177128802855,4.2130297414294375
10,-0.006563845970490201,4.011413322963643,5.0,8,32.16389306466023,4.577230070423282
10,-0.13953792938269993,3.989173411383237,5.0,8,31.83057873167227,4.859345546178
10,-0.05182904417150325,3.962623582212508,5.0,8,31.3657658528094,5.195165167474897
10,0.008997492411799257,3.9442111471274526,5.0,8,31.062043001721815,5.426606952154753
10,-0.13570765027091114,3.9010603435586915,5.0,28,30.399871030125787,5.958460554244928
10,-0.12823948041952393,3.873483122570691,5.0,28,29.961625206996096,6.270661460370208
10,-0.15828482590296722,3.8612471389716325,5.0,28,29.78352174201073,6.400133924937496
10,-0.22671628796062837,3.833378388124398,5.0,28,29.39193770499256,6.671071559349754
10,-0.3427975947632076,3.786104211597576,5.0,28,28.770491894581035,7.05361723777053
10,2.6006753623801426,3.5775335735343816,5.0,4,27.855901095967376,7.407198527188312
10,3.1526474427868756,3.433903400848017,5.0,4,25.610390876153875,7.1223428965000215
10,3.8562795830726335,3.3830791450816404,5.0,43,24.38928233315564,7.170785242829011
10,-0.12423012099482511,3.4259842479529024,5.0,43,23.492122409923102,7.117890349675446
10,-0.10115032570424543,3.359053136325745,5.0,43,22.56860634715634,7.230293999280427
10,-0.2264811075269766,3.309180753949943,5.0,43,21.966169939598036,7.449830898658697
10,-0.0395734388575848,3.2811727057765863,5.0,43,21.50398071635841,7.621761654792673
10,-0.03812061459112015,3.252693246986524,5.0,43,21.12286343713029,7.829718525971531
10,-0.018938821761270486,3.227426702034683,5.0,43,20.787825135058895,8.040395015188247
10,-0.02081356484094865,3.206892859292351,5.0,43,20.519138355571535,8.227112929870255
10,-0.007319167383808889,3.182745791778994,5.0,43,20.206701334733808,8.46061234045105
10,-0.001516724106914502,3.160172803527905,5.0,43,19.918723898168853,8.688364543780967
10,-0.02851746946489664,3.148418780710843,5.0,43,19.77298256213254,8.809307650075498
10,0.009996846621230127,3.1142653359430277,5.0,43,19.34430475553213,9.166247131889108
10,0.027285012616174775,3.0930106414243532,5.0,43,19.0833389447119,9.391741350307337
10,0.02185890965242887,3.0711032258190754,5.0,43,18.81589085807556,9.627769343106472
10,0.003404541167534525,3.0558453575022506,5.0,43,18.632258899269836,9.794556337109064
10,0.025913337683410198,3.0309692554243894,5.0,43,18.33214643892492,10.068393600966427
10,0.015284478247646671,3.0213936916697923,5.0,43,18.218000793654102,10.17330326615874
10,0.042833179849051106,2.995905440840718,5.0,92,17.915004910828657,10.445815120891641
10,0.0524082243931554,2.9710838167139215,5.0,92,17.622822698439574,10.697147236747853
10,0.06337028456381955,2.9426665977695867,5.0,92,17.291861832694885,10.964652517396875
10,0.06850266493526824,2.9293618015496774,5.0,92,17.138320039679556,11.082595793421845
10,0.024904691840690774,2.9027339683446316,5.0,92,16.825799190929803,11.3060718478638
10,0.08383947173300221,2.889603819026967,5.0,92,16.685255321522863,11.409202337451982
10,0.1977876976498405,2.8392656253980233,5.0,34,16.18659986994414,11.764676665890144
10,0.1924207043005084,2.8224510113415473,5.0,34,15.994521809960384,11.86814007631471
10,0.17867178791251304,2.7793761074407146,5.0,34,15.508513802080488,12.0938700716433
10,0.1698661137184172,2.75178821913092,5.0,34,15.20158103533736,12.208241340487755
10,0.15803226144901128,2.714713148274692,5.0,34,14.794071857437721,12.32611315633373
10,0.14556036330540323,2.6756391006307645,5.0,34,14.370336947000416,12.40981909550486
10,0.14950393814940988,2.6321589718588942,5.0,34,13.915301924153454,12.4619173979838
10,0.11997370670951746,2.5954769450900046,5.0,34,13.51752858292109,12.480913515449176
10,0.1709778183217634,2.543091603851435,5.0,34,13.006286570444244,12.482950633929358
10,0.09004406703724888,2.501708366077104,5.0,34,12.544576142000778,12.478903071076536
10,0.35823518005123667,2.439646194886756,5.0,106,12.115504085302648,12.48293172660625
10,-0.1431895519974813,2.409908184551431,5.0,106,11.648977388151916,12.501246273544167
10,0.006999785758531107,2.3781157978919953,5.0,106,11.2958560254697,12.529089274355684
10,-0.21385824874569193,2.329057891216196,5.0,106,10.902797387233717,12.603418766824275
10,-0.004070960751588748,2.3113127571972694,5.0,106,10.647091535586043,12.638796857780576
10,0.008879946400753624,2.2727058097523583,5.0,106,10.279424269043666,12.73623765643166
10,-0.11972668608351045,2.2320973597640297,5.0,106,9.928002235859468,12.86842984224658
10,0.01172532506345858,2.2070432604523287,5.0,106,9.670078177951044,12.965496828307124
10,0.012482540166019351,2.191345115683227,5.0,106,9.527853538751579,13.032970086949025
10,0.013335949156519256,2.171326493600099,5.0,106,9.348658212153932,13.126474128591767
10,0.0142709878739673,2.141302350379174,5.0,106,9.084762562080169,13.282692192136448
10,0.014482971289423663,2.1058100298149944,5.0,106,8.780832529139065,13.492032139485525
10,0.01379720629122394,2.080236569341081,5.0,106,8.56747960079601,13.658651426301926
10,0.012114158079025383,2.0535688994905987,5.0,106,8.350107474138591,13.844907933984185
10,0.26693130100321927,2.011118238838307,5.0,106,8.102433923337822,14.161471358574152
10,0.13338633810577694,1.9919641500331209,5.0,106,7.889573872650313,14.310184147326964
10,0.25473911877248856,1.953895139605497,5.0,106,7.660229443139306,14.612780783146777
10,-0.013023567938204028,1.926016709974887,5.0,106,7.375398535660574,14.840103240495264
10,-0.021159571219383277,1.8988457723557794,5.0,106,7.178309219065243,15.065924258878253
10,-0.030138293952717277,1.8685889902493935,5.0,106,6.961437894351997,15.322319653413757
10,-0.03885470482745901,1.8353567217272768,5.0,106,6.72552858382765,15.608747302184256
10,-0.04627237607084411,1.7956541047904913,5.0,106,6.445934443133302,15.954146188437827
10,0.04026869024290436,1.7501824587715256,5.0,106,6.136701616279426,16.346905075873437
10,-0.04887323529204268,1.7266138620086857,5.0,106,5.9648674631875895,16.54722429287037
10,-0.046060593158232965,1.6943262170965494,5.0,106,5.742865926361706,16.81630590957876
10,-0.05988255330837977,1.6506744116548633,5.0,106,5.447788425971909,17.169714008187718
10,0.18092651997035203,1.6074612046500192,5.0,106,5.204213281456044,17.506679017500133
10,-0.03575462374438887,1.5406718512100204,5.0,106,4.741321102069893,18.00480536780149
10,-0.04134744261831291,1.5044648794069038,5.0,106,4.524138042341104,18.26045735236428
10,0.15113003312191875,1.467613612853088,5.0,106,4.3459721001374,18.508465595165625
10,0.0415916054022234,1.4019512702257364,5.0,106,3.9615545778791486,18.923933134011797
10,-0.008522481382065017,1.3402773563488832,5.0,106,3.635938368289599,19.281650494239887
10,0.09732103681977389,1.2150650963738503,5.0,106,3.059817105134387,19.91937047013133
10,-0.1274159211358108,1.2134990150571592,5.0,106,3.0120129751578943,19.927566698881577
10,0.07948138900239643,1.1313360380302888,5.0,106,2.6731444928334156,20.302079314062517
10,-0.26547530485651905,1.0540770738905458,5.0,204,2.3144364277971743,20.630623015417346
10,-0.11386955610278049,0.9657368392946069,5.0,204,1.9270384235822338,20.97452702420302
10,-0.08319056969892813,0.8656217029710855,5.0,204,1.5341387873334433,21.34602612312899
10,-0.04925558213076098,0.7548812155963974,5.0,204,1.1449721185336195,21.75955663191771
10,-0.002220768936718409,0.6013918964616025,5.0,204,0.7063315807703532,22.34341932670904
10,-0.10837330496672326,0.4368788608192878,5.0,204,0.34924471521772915,22.99839883089325
