iterID,x1,x2,x3,ParetoFamily,Pareto_f1,Pareto_f2,Pareto_f3
1,1.7485396734236633,0.2829353494438444,2.7155142440403157,46,3.2081751936190503,90.44602683667483,94.64214157389983
1,0.671450479180641,1.4196350598837548,5.0,46,2.585367518227317,100.07633063715934,73.2361184502428
1,2.384875151800254,0.8894347913282785,5.0,46,6.533812048036907,74.9636380128921,82.68219549435517
1,1.9928466079734932,1.9193845331954396,4.068446756712902,46,7.6538063832140075,73.59776340273238,64.84812741409841
1,1.2089408973517448,2.196376661953834,5.0,46,6.339100996809279,85.2376236962605,60.191113124566286
1,3.3070189812209123,0.923037580194228,0.21925473392885664,46,11.821008678460403,61.45061294548376,82.2454921374568
1,2.554664966894262,2.155965290464151,5.0,46,11.177070735359749,63.51674512996279,60.952860717917055
1,1.9052419974786525,2.8171865770672886,5.0,46,11.568444920559696,70.29622332717393,51.37084973017634
1,1.0678945425049935,3.143765910535708,4.934795444102029,46,11.06632883448065,83.3008887094727,47.11601591116106
1,4.2540423873047475,0.24383520990212654,-0.9320235708658,46,18.094630427431287,55.55400690620329,95.80389048814982
1,3.481559495020786,2.0542944815393427,5.0,46,16.36674148121091,51.19079126203536,62.686558575509174
1,2.770323135710714,2.8998749072186754,5.0,46,16.08188792285169,56.67993298326143,50.371424139285395
1,2.009822722557306,3.3303000004960026,2.2545048188581784,46,15.100446119388625,66.60537928354721,44.691666957249595
1,0.6081684714002201,4.089161548757723,3.9138749887114255,46,17.06785645493947,88.99153221732337,34.818856197393345
1,3.9595411668877123,1.935692587803166,5.0,46,19.454235730243973,45.89931265798849,64.7172383654732
1,2.9325169302443332,2.969827538528774,4.582201412104698,46,17.418748300293917,54.06963008448511,49.50758578742967
1,2.7325502069617187,3.1611354998167673,5.0,46,17.45974732891001,56.201837428255715,46.982813657798204
1,1.4864170690780418,3.953728242473522,5.0,46,17.860493466885327,73.61300790046319,36.43660875525889
1,4.01463762160661,2.5764248537826813,2.961521978486177,46,22.773336372952805,41.69138685582773,54.897666829568514
1,2.9360036170647126,3.3416312822262095,1.4569471229442748,46,19.770923190305002,52.624266546129704,44.59959409485985
1,2.3882052620921543,3.991831413833454,1.1063262855403924,46,21.628569039428665,58.93793768863388,35.99811521856368
1,0.7142951466916465,4.973962618312703,5.0,46,25.07462671023301,86.00052717718938,25.26576387820483
1,4.5517439704200715,2.744965395599995,3.12184405121166,46,28.236531413858515,34.7745337632888,52.61524724365149
1,3.680641028517516,3.3969579274222186,1.607648292913475,46,25.096312599585257,42.49664481156656,43.85730481073001
1,2.990081442355515,4.136958623440038,-0.008421840737329767,46,26.07737729180325,49.88383408609869,34.30359997307008
1,4.410036426640069,3.607683596207774,3.1178295204341797,46,32.354907226130905,33.20515494148994,40.95261251052586
1,3.482467545920933,4.290577788981544,-1.827861575630588,46,30.527531612357528,43.01233203195694,32.54671613453567
1,4.456337004592527,4.153821047724919,1.5778971999388158,46,36.79994306339395,31.46426887654492,34.145721398612835
1,2.904867307814496,2.7653106793027886,5.0,46,16.08639339333076,55.33798640359727,52.11522595296782
1,3.552649823627754,2.957076365688947,5.0,46,21.38941038073498,45.75923664333304,49.692882620697866
1,3.541105152256412,2.9809974753224693,5.0,46,21.449699976696213,45.811186136963926,49.385531798864584
1,2.4163858066401485,4.5074547536999345,-4.580155524643182,46,26.176300838786116,57.81372945395759,30.10722267092123
1,1.8779660116357455,1.9519574920216687,4.948668995304741,46,7.3443830664793275,75.27064338212918,64.23075961417109
2,1.3887951283370819,0.6390298631165361,5.0,4,2.519186266262926,93.411545224249,89.30494773103749
2,0.5832533230785609,1.7994816096449173,5.0,4,3.532126528221003,98.93206846546826,68.73562144373965
2,2.1890065877703506,1.2253255990918608,5.0,4,6.368364901565819,75.34147947764035,76.20275670348067
2,1.9590174170728418,1.93538309207546,5.0,4,7.527416414058695,73.98640945123083,65.03266029686826
2,0.9302667701518719,2.4546995135011,5.0,4,6.824245649213953,88.7188417614449,57.40493115234836
2,3.188337623289973,1.3365866071637256,1.7394510034863817,4,11.971994957816445,59.836918859749616,74.27550197021
2,2.6509492413376474,2.3033507634764985,5.0,4,12.296613392044831,61.21766835576138,58.41120713290759
2,1.3779688240006225,3.193716810418902,5.0,4,12.092859239040173,77.64570535066278,45.77275728167186
2,0.9694781205307291,3.2587837010181597,5.0,4,11.548312777865217,84.5997325423011,44.70957456425172
2,4.2114492408314845,1.031576977779933,-0.47967885122870335,4,18.797787544426704,49.22772567977421,80.42117158037003
2,2.9753200739074757,2.3755093651162222,-3.1696267635566002,4,14.535455276388301,56.22642526615148,56.959022434483956
2,2.7742476403327974,2.9765641694601177,-4.3936268464685035,4,16.626824523760177,56.27569011137466,48.37896133175826
2,1.674646018179884,3.4580017761176087,5.0,4,14.76575488505191,71.78611493994781,43.14313623111093
2,3.8247921724348717,2.425912819660912,1.095067529195064,4,20.490706623880563,44.69958165670017,58.523629201612515
2,3.0146614709697417,3.14242894950556,-5.0,4,19.028219089262635,52.2534780349864,45.30929055595196
2,2.733632082985,3.3728842595722845,-5.0,4,18.900524386019953,55.43308073316225,42.85384857298053
2,1.38697359147467,4.0829430841010526,5.0,4,18.604070090730836,75.14502222407644,34.73175067435347
2,3.5822870789066874,3.1718646270705495,-5.0,4,22.952595653001133,44.6191574788846,45.53433474054353
2,3.0437209401478245,3.4388865616267745,-5.0,4,21.137200225614848,50.84133994385636,41.342155601327185
2,2.3365727676606283,4.161724046584397,-2.345122496605832,4,22.76530733321574,59.42956617507727,33.52108594136003
2,4.477009481209677,2.995029057140968,-4.911011330972168,4,29.15417495988379,34.74366441477761,48.73301009043724
2,3.715050229653512,3.4716799253430453,-5.0,4,25.926811774461676,41.97074811950618,42.04346594537998
2,3.0940296952654562,4.240219409994366,-5.0,4,27.638859800501308,48.3570308082983,32.95012999585967
2,4.513933860961003,3.5863239091586796,-5.0,4,33.41937217960712,32.45053892150258,40.95394789041221
2,3.3583287013860383,4.585899407586048,-5.0,4,32.42438085952395,44.43611577220956,30.600065381894726
2,4.3752950985522885,4.47112510513567,-5.0,4,39.211970183232566,32.370298339540945,32.46709984385383
2,3.0286361996612547,1.0419682805025963,4.760064965047944,4,10.324358415656544,64.33099565803542,79.22998085380827
2,3.885746503404217,2.6152890096770127,-5.0,4,21.994550975312638,43.183600781161104,54.35735318914964
2,1.4105520947313588,4.032891308753898,5.0,4,18.260816654246696,74.83478250530916,35.33613893534704
2,2.1855698308567804,2.6047047529074137,5.0,4,11.538539059778408,66.75016020586465,55.22119022407317
2,2.706534037194759,3.2037913069301,-5.0,4,17.655357799320907,56.40177291709337,45.33593562364667
2,3.0267100895602295,3.1649206366208804,-5.0,4,19.241152119887268,52.00325316058467,44.979392561084026
2,2.944066202817217,2.8187143440226343,-5.0,4,16.693152153688885,54.55915368734627,50.155392282988736
3,1.5018764948141727,0.9812854575413068,5.0,7,3.16913319810787,88.47645161448112,82.81645786875825
3,0.37393624772232764,1.841614547814798,5.0,7,3.4837651769751687,102.59203736736478,66.18517612595187
3,2.4194646463530782,1.3897202561540607,5.0,7,7.842157466039037,70.41895375582166,73.8379562027321
3,1.8197497410920993,2.2051472032914985,5.0,7,8.065542504296298,74.68704878761113,60.633818363520724
3,0.4967125496904573,2.8735067807141284,5.0,7,8.487776186779495,94.7351210960059,51.909903534871376
3,3.337961109320096,1.379108746927772,5.0,7,13.105675323457607,57.333996211411375,74.38451783884611
3,2.4263530424486395,2.5351460448747316,5.0,7,12.261427364109935,63.52743166566765,54.70592335267474
3,1.6822389288752375,3.126146529617195,5.0,7,12.629552764055823,72.69054525513464,45.726000311563595
3,0.8843689267837939,3.379038278603646,5.0,7,12.112426457023538,85.63849862869836,42.60169927013753
3,4.126607869532004,1.2729866752698362,5.0,7,18.649547752711495,48.33497244601145,76.43947296862578
3,2.9601160308847287,2.7418869784884192,5.0,7,16.297483045938417,54.60962721090549,52.31820423752706
3,2.618734749646041,3.250918570651564,5.0,7,17.469602011241918,57.46214694414918,43.18300987050318
3,1.9140442138164815,3.5604785846303337,5.0,7,16.362688275959773,67.45664704161292,39.5298595997715
3,0.38024461607844073,4.303481241441702,5.0,7,18.849366441052602,93.00071608762936,32.217175544772175
3,3.8934077703488246,2.553830581134213,-5.0,7,21.704542487952825,43.30698267430796,54.06641429909955
3,2.90360296564891,3.378978536833053,5.0,7,19.89032652743844,52.89852120562061,40.84788924094834
3,2.595482524871821,3.336124624542899,5.0,7,17.908322818654597,57.52597944541982,41.8091430577511
3,1.323899170704407,4.351326238593984,-0.6426076212260012,7,20.644230285834958,75.70270777516878,32.376811902262794
3,4.565980253299536,2.211880363538395,5.0,7,25.71440131639362,37.237508942637106,62.9253921464566
3,3.470643963829661,3.2740653048327886,5.0,7,22.80226212042003,45.48596941176062,43.57354762952163
3,3.035788710944478,3.4635457715031146,5.0,7,21.251619966530296,50.78285998849558,39.65465460542616
3,2.3420882490473938,4.322210005503956,5.0,7,24.18551388003264,59.111704979975116,31.360637708902466
3,4.456851850610829,3.0731510181084976,-5.0,7,29.464324250200256,34.548658790702866,45.86487128932988
3,3.630259223749067,3.6578956140794983,5.0,7,26.607067542545483,42.32011379514917,39.080727814279484
3,3.0570938707122957,4.339399834689442,5.0,7,28.2381389868618,48.63575229876764,31.25691399013542
3,4.656195799842867,3.438402500145057,-5.0,7,33.70527648966477,31.09139922434872,42.7538582469628
3,3.344062113362298,4.716914819674885,5.0,7,33.443078044260105,44.33635061539759,29.370239636604254
3,4.18631243727194,4.989736509460442,5.0,7,41.92803179687371,33.63136527190136,32.42686261144796
3,1.1306760539282468,1.67615850206505,5.0,7,3.9974601213041563,89.71791284609213,69.91345817522166
3,3.290992599907675,4.650021000703397,5.0,7,32.48790946137023,45.096182306345895,29.625755779956698
3,2.8953524813017206,3.396936789178616,5.0,7,19.963455744424735,52.961793355354146,40.56932646392897
3,2.019223893596853,2.740266775746447,5.0,7,11.564756197631617,68.87043495002514,52.02468179004207
3,2.846444681548256,2.600335515920505,5.0,7,14.857655639982125,56.95386339793811,54.25388200638648
4,1.534773639088586,1.1209540105181817,5.0,2,3.616822945066753,86.80704589482531,79.65102530596916
4,0.3214554026778829,1.978583399755147,5.0,2,3.9108322930859707,102.78101913719638,63.80667231916498
4,2.878665267832355,0.1487672295664369,5.0,2,8.22998429920886,74.13401568211457,97.04841990496803
4,2.472570945207308,1.5903941029837954,5.0,2,8.590815424834709,68.011627344847,70.78039482260245
4,1.6502090801854952,2.4414310015606446,5.0,2,8.651690580762903,76.32034633394495,56.2628240319438
4,0.4953727709824196,2.907959569258037,5.0,2,8.638581291672237,94.77786151881429,48.63318386816213
4,2.9678742628933596,1.7308842841355614,4.179286172073223,2,11.79631507204112,60.061759100388024,68.75109397096837
4,2.478372938364032,2.6245827417215652,5.0,2,12.981590304909556,62.25379032241165,52.86158882878921
4,1.8917245019215216,2.90205604736136,5.0,2,11.994704961680167,70.14951587462693,49.28967254358068
4,0.4813631495222659,3.4752888751712394,5.0,2,12.2621046982519,92.94856505550678,40.27998695945475
4,3.883179767933341,1.8739703896679236,5.0,2,18.586522913183757,47.116290142905285,68.435803440283
4,2.8853292338567926,2.8765390999673275,5.0,2,16.60978178137711,55.083904886600834,50.2913246380216
4,2.7074497433045908,3.1555925301451264,5.0,2,17.287745369738666,56.54890213581736,46.624068836774285
4,1.7196935054066462,3.5596927588665466,5.0,2,15.637649162901011,70.63507425178346,39.612075429858685
4,0.24439835478313104,4.199823483693649,1.8628694301364934,2,17.932793439150824,95.71687351320577,31.927312118602273
4,4.935834106590129,0.7776598061005519,-5.0,2,25.00337380709415,43.53406513858944,85.1227007912028
4,4.294289995357395,2.261957194806958,-5.0,2,23.477949947386847,39.971639940494384,58.46912008332681
4,3.0877631780229216,3.3492479526059142,2.205335397784549,2,20.76554915527167,50.4472179291996,42.83767101184656
4,2.59195176637962,3.7206657674212495,5.0,2,20.54862388900921,56.528147466155765,38.984780205993445
4,1.283104848087038,4.46528574181914,-5.0,2,21.57053663253683,76.27602237568681,30.58755964814387
4,4.470131541872941,2.4726101676613963,3.079145822597331,2,26.090155224135806,36.90379897635482,58.79808905765803
4,3.3809365640469364,3.4775985105719966,1.037844381238484,2,23.541364938682797,46.111079224629776,41.3934267683137
4,3.1427341786019145,3.6002295170217518,2.209402729639171,2,22.85322552744704,48.96133156842018,39.97802044831816
4,2.222869870245174,4.398255924349329,-0.5080623481170177,2,24.298817784706966,60.866379350306694,30.629757866062153
4,4.253313974854135,3.51088651954866,3.4264934634021476,2,30.446602629267492,35.26080691323847,44.318079264525764
4,3.5145560108070235,3.925928270570378,-0.3692259448816344,2,27.76087854243557,43.21260682072342,38.524573426091436
4,2.830810620649805,4.559965025418588,1.134760460634051,2,28.83800614438013,51.61825122497655,29.07732695845227
4,4.410484806567585,4.030753811124266,5.0,2,35.47317992194069,32.26380803008218,42.103878107128274
4,3.243140042958018,4.934795336989945,0.05962317675832374,2,34.70462659817237,45.559019687359516,28.07674991427739
4,1.6724319640569874,3.444539465474352,5.0,2,14.675046929871405,71.76204400268378,40.97117206475311
4,2.720801670044613,2.7379428223944196,5.0,2,14.876184693578058,58.1338320752051,52.00320064249073
4,2.466537085002343,3.6013825754292568,5.0,2,19.0401267645135,58.70738729798653,40.73870867625246
4,1.8230254344167915,1.5755863392305836,5.0,2,5.822615863832812,78.67244394540238,70.07535308291514
4,3.6753200816460336,2.9659045448719397,-0.022628288581034717,2,22.31839029828418,44.11924076326813,49.08010097559404
5,1.5395137404985315,1.1395325014126527,5.0,2,3.6689704711015754,86.44734622017536,76.0141607703637
5,0.17326202792232098,1.6576639715558112,5.0,2,2.668810421546345,107.67385068340445,65.91482130171383
5,2.8652567445162704,0.4928441425253302,5.0,2,8.398143399512335,71.31441122091724,92.78888370156614
5,2.408688275293346,1.600518039523966,5.0,2,8.35396963030436,69.01907913218146,70.02537475216893
5,1.7706444334767744,2.093523802237417,5.0,2,7.507815236138903,76.23628103085792,61.75148603992232
5,0.5276108105347677,2.8442694547437766,5.0,2,8.314696705670745,94.43819281284121,49.659532383330486
5,2.956480695372931,1.919566692676196,5.0,2,12.422491588109839,58.928297713667256,64.31470573183573
5,2.556964937263742,2.620751495725076,5.0,2,13.357885665570127,61.12440983434205,53.86149492855568
5,1.5646644330676756,3.3174535548315074,5.0,2,13.459040053318283,73.97818635616869,43.31397810957139
5,0.6794535895351167,3.51874682715151,-5.0,2,12.852953758123974,89.04591761494348,40.65044004177855
5,3.734390956104916,1.6564682625483722,5.0,2,16.715514899592133,50.380510334787616,70.4367650768518
5,2.895113699413842,2.9515125766565986,5.0,2,17.10349023310019,54.59783753418123,49.445688983324054
5,2.6283912617892606,3.2830057638180272,5.0,2,17.683088650298966,57.25417815321524,45.162847571027534
5,1.8004494702998315,3.7152361295506937,5.0,2,17.01628736598417,68.88222323254534,37.70482284484346
5,0.39985544651036103,4.298692415798198,-5.0,2,18.54738959751256,92.7217181302793,29.983083693021594
5,4.9724405521360815,1.043385915679319,5.0,2,25.852561970095735,41.07565143115395,80.67230933134742
5,3.6754243529510666,2.9077729547690963,4.465852710904409,2,22.005202829554097,44.287458680003255,50.96892439105433
5,3.004333857157393,3.3527035374917205,4.984290307536156,2,20.30086317821725,51.59369250213163,42.96192416614308
5,2.5952888641049126,3.7526586882583373,5.0,2,20.802231725210866,56.42443073434784,38.32930735337528
5,1.362732558404737,4.6985698556778726,-3.021751746426002,2,23.924720221299374,74.69831163710873,28.19117043787403
5,3.378168809628054,3.5024800660059197,-0.1352610910360248,2,23.692206356158053,46.07339044170212,41.5481117749156
5,3.0079993471352906,3.714116838579877,0.35198062269271446,2,22.85052208308904,50.53705649528635,38.900197311436294
5,2.216351932426532,4.4367384732821105,5.0,2,24.57530088596389,61.06561425092611,30.373399537846357
5,4.298136392960513,3.7736992017596527,-4.932857078310839,2,32.65185885083568,33.87084312903164,44.21647172065542
5,3.477892158063802,3.991451072504451,-2.8375316869648883,2,28.023311347962355,43.505148645008646,37.265727493365816
5,2.65585408227258,4.69756968910835,5.0,2,29.082449448139542,54.12674873430665,28.104850292289896
5,4.291919177740309,4.259861135085028,-4.437958916277364,2,36.19866769030572,32.75523436208531,41.028791294131445
5,1.97478545877233,2.685873113906052,5.0,2,11.10285717930899,69.75949006307975,51.08555660117397
5,4.345007434615624,2.620842332051312,5.0,2,25.759887578016823,37.58775822044752,56.98111604129626
5,0.7358097333517921,2.7488259305015927,5.0,2,8.07688668079993,90.92975081627407,52.078906290780886
5,3.612152714334546,2.4604792411592578,-0.18087158319551477,2,19.114616469202893,47.235106956868094,57.35098514874618
5,3.498945670321581,3.87302530037716,-3.277820612988127,2,27.245840004530837,43.50345525093222,38.417769767737866
6,1.3819204197582318,0.7523175039661961,5.0,160,2.407392449495644,92.33997211312463,85.72061566057161
6,0.36976301377789245,1.896281525425377,5.0,160,3.678260382302266,102.3522381801838,62.56580502839029
6,2.82526409691777,0.42633216663163304,5.0,160,8.146526194730502,72.59913773699425,94.19949830320627
6,2.419669999618642,1.6756792939702494,5.0,160,8.57934021957335,68.48259540002725,70.31462069072685
6,1.7038327687804773,2.3594426787500784,5.0,160,8.48932553791597,75.82635309065256,54.79590395048067
6,0.5038982915975185,2.847911422140137,5.0,160,8.307811329269557,94.8720048303887,49.87341146934943
6,2.867697745140415,2.0327461287058606,-1.8440140305780894,160,12.265162675291963,59.77728282798525,65.0954935085035
6,2.5171461133349347,2.6277862567142525,5.0,160,13.198159369558228,61.66600279513782,52.8263465681042
6,1.5363897852135495,3.3233469661838533,5.0,160,13.403311717935463,74.429620479237,42.50938022588039
6,0.507711645621143,3.303785380663843,-5.0,160,11.207541960999574,93.00023405756725,43.276917577155665
6,3.853745463054496,1.596337979974146,2.6772242444657603,160,17.40684173233619,49.334154884620034,69.38662308587587
6,2.897646895004045,2.940378155048892,5.0,160,17.036227300815085,54.596234714287974,49.83310558980522
6,2.6660843133952654,3.191648388111568,5.0,160,17.27027920233563,57.00420282513332,46.48736559937213
6,1.5815905495039597,3.4701182002223305,5.0,160,14.545336893974683,73.20030641966386,40.520265321731905
6,0.16137022777283017,4.489717443709994,5.0,160,20.134161774050877,97.04777196609243,31.135371101923752
6,4.888803747987409,1.0889507997286132,5.0,160,25.129754061613838,41.5045389257957,81.07276303586468
6,3.7018059364895968,2.9014272988877003,4.170754472299906,160,22.121751569596896,43.99760259190779,50.73688355640733
6,3.064630290991939,3.31469023757713,5.0,160,20.395515017450684,50.86380231288523,43.24126224548185
6,2.654053473924451,3.8052209377482087,5.0,160,21.592414628060745,55.45519852217892,37.442600748485035
6,1.5603589883867244,4.521622647022329,5.0,160,22.87931740487627,71.48696967650002,26.609975445687418
6,4.424833241608935,2.552614129904869,3.6900707240793587,160,26.099533116867043,37.02663635925252,57.927902361871865
6,3.7388806223746753,3.1059123006772698,4.058953958797215,160,23.618767772097,42.747330341744885,47.15868606488
6,2.9342562726453387,3.7187151780444694,2.4328690843076037,160,22.493106692689913,51.58602236353519,38.574465909601386
6,2.3664672597987293,4.395261177227791,5.0,160,24.971848711972978,58.74528709277959,28.17331825129195
6,4.229233354951292,3.6080709108438485,5.0,160,30.81075410213961,35.28838758128376,45.44228442107202
6,3.415351920354037,4.088059212834154,5.0,160,28.33951805757535,44.26947342302948,36.73435427828775
6,2.613821018996549,4.544975227588946,5.0,160,27.540143030960998,54.82560649689253,26.32042787788151
6,4.934433291551703,4.712573496096045,-5.0,160,44.26936166093979,25.791744630532165,51.83266222188685
6,4.2350560095389325,4.56596333757925,5.0,160,37.82486991637722,33.511380060086,44.392668356623446
6,3.2754297712754794,3.4094284085741617,2.884247209178045,160,22.358903005181,47.70080920680149,42.11022345429124
6,2.6152299067198355,3.270956793114995,5.0,160,17.523237978324588,57.48694821749646,45.39666181415532
6,3.153713739261299,2.8424211666957295,5.0,160,18.052095071544095,51.416575590607096,51.14873563052749
6,0.3937789656257487,2.96863889713952,5.0,160,8.925488208238061,96.4878125377439,47.48444156087591
6,1.0077483394671738,1.439618758253911,5.0,160,3.128282195063809,93.55527280949102,72.87666919256574
6,1.7872666779143385,2.08743144838362,5.0,160,7.540752962641493,76.00042105118496,62.20836686552565
7,1.4769162339074033,1.158825188668866,5.0,10,3.5300980725735673,87.3714610095735,75.73967389133642
7,0.16844891075049495,1.5033676660145274,5.0,10,2.3092047433165614,108.99906724992584,76.37046434917353
7,2.3717497507814795,1.692604240788741,5.0,10,8.4108877455809,69.08709697941765,69.1840707750269
7,1.6859050939142324,2.3861250120324033,5.0,10,8.558917550638675,75.96910999135658,54.218548383991674
7,0.5717779394294542,2.8926354471068465,-5.0,10,8.6114230795643,93.40662562128156,46.588116256995
7,2.83358859897968,2.0925192889416917,3.4448310974902725,10,12.31767130763491,59.86856493176655,64.89024167245809
7,2.6392194217825606,2.5337471605555657,5.0,10,13.375958167324644,60.30096957392168,55.57822974437096
7,1.866228140212668,2.9791162262465236,5.0,10,12.337391537546162,70.21346567190685,44.941202650541996
7,0.5365669738308738,3.5220936382523726,-4.471280776388714,10,12.75668048620547,91.74744631633949,42.57885311883888
7,3.8687369394358617,1.712413356402802,5.0,10,17.88652129945196,48.326878841689165,68.03034736854092
7,2.8497669904327214,2.970445795012086,5.0,10,16.929912196190973,55.18422724950352,48.87800453915604
7,2.6591844534836406,3.2365663279229513,5.0,10,17.527428628405346,56.955354548344324,45.61367721769222
7,1.6018352381503485,3.841228345909929,4.797053006743669,10,17.29251050954521,71.87291850445342,39.38547210924378
7,4.949288305676642,1.2059098760090288,5.0,10,26.075534361435658,40.02276903610394,79.06747628445628
7,3.8253930937955194,2.810065596332703,5.0,10,22.523860960515755,42.95964227827727,49.96760510571104
7,2.879349762233956,3.4157056036968103,5.0,10,19.987304192970804,53.179193714151914,41.957005627863396
7,2.5579414999928094,3.7302341195682427,5.0,10,20.513502305317584,57.0394041205863,38.75226893605518
7,1.1872364132454527,4.333471532809322,5.0,10,20.055430611109777,78.19886456808669,31.78266875251745
7,4.5654581928044,2.371725375019685,-4.095158048592009,10,26.47906886929853,36.43879660542606,57.092351667220235
7,3.727503365883695,3.104322103407216,5.0,10,23.541572413222603,43.0472648733919,44.14843764986959
7,3.03247470642162,3.8677180184732016,0.7835342332157129,10,24.232315868114878,49.83762725000342,36.237124712553204
7,2.3137979811594374,4.307235452052048,5.0,10,23.917527027969264,59.511617000264486,29.583175689328304
7,4.738243875058573,3.0158974390935334,-5.0,10,31.56488212180232,31.626324900331547,49.96071793810432
7,3.477867178460124,3.98978577736702,0.6515613612106836,10,28.086790548925826,43.57901353956804,37.842558754719576
7,2.698132427318604,4.596266851817053,5.0,10,28.362046701465164,53.51792005721059,27.283569009615352
7,4.996940396539676,4.609559881102998,5.0,10,44.07238829581239,25.738853499398864,55.237582677045765
7,2.9319578193939106,3.570688048292425,3.052313924206077,10,21.396386753713514,51.990212511650995,39.998641901603776
7,3.4297866001314454,2.764141129411912,5.0,10,19.422550130422138,48.251636774035056,50.28215228629175
7,0.6557419436850725,2.203971328709774,0.657310876187128,10,5.266491970473002,95.12759164782364,57.87556101236217
7,1.6260518299843336,1.162977756366381,5.0,10,3.9952974365610903,84.79524529044023,75.55881645213051
7,3.734341799226316,3.7239403013794163,5.0,10,27.79589279730353,41.07841541386981,40.32383632704606
7,1.3796158198160762,4.725175204173546,-5.0,10,24.221621426958716,74.37664373248174,28.33419524055445
8,1.7129758133486184,0.8834815461763244,5.0,45,3.688203820086077,85.68973188962715,73.8201649263118
8,0.8282500259880423,0.9775770806595339,5.0,45,1.6304021799278239,100.44045746991023,69.39397435683253
8,2.8601969267877365,0.6382980135873667,5.0,45,8.470053279952275,70.4169537030182,90.92996387003191
8,2.0952592731609956,1.7223389865673315,-5.0,45,7.530363653279926,73.34752077523227,66.6779355631283
8,1.7660975446608944,2.2453701369014647,-5.0,45,8.34084541461347,75.54070637853438,53.491070727336975
8,0.44240513445942514,2.8570321183150567,-5.0,45,8.350834292305798,95.9797116486242,47.663181082229755
8,3.87408500234993,0.5585508647820053,5.0,45,15.391005378547026,57.210126979292426,93.14332705326807
8,2.903286792467909,1.9814459849992694,-5.0,45,12.322099515280014,59.644372048156804,63.40065628942705
8,2.711882980529909,2.384506235923369,-5.0,45,13.047059860777852,60.13658146180459,53.4439584219256
8,1.8915381714367487,2.825081399648056,5.0,45,11.539185603068915,70.47081427784875,48.908236179893606
8,0.5938532931949994,3.305832675196739,-5.0,45,11.228434059078982,91.35052040124269,41.21235260704402
8,3.766782734680334,2.095713065510321,5.0,45,18.58819594011961,47.272318307393746,65.4769707486193
8,3.0239720557941627,2.684500794699934,5.0,45,16.36336051377662,53.99492522145957,51.7270481129285
8,2.3769678227249185,3.4908144861250174,0.3801138352374114,45,17.84794520808471,60.389878273911215,38.96450187500918
8,1.5697993008844715,3.4970298937861974,0.15060770659720557,45,14.689836985370604,73.3513928648254,39.73189414210198
8,0.04439436998232682,4.063606222246076,-5.0,45,16.528683308691072,99.90270412686411,32.7387125274477
8,4.923174483155114,1.08566584506845,-2.0278756975509493,45,25.24009386959036,41.20587265600557,78.04258117377799
8,3.702022845017154,2.728217016669431,5.0,45,21.176246066126836,44.9012839503249,50.04466121339985
8,2.759306821307554,3.4595906816551736,-4.121335255658477,45,19.60371013682603,54.803753401559355,40.233785254453466
8,2.3873423582750366,3.5210614749968663,5.0,45,18.14042193922413,60.10442953897491,38.772081994914934
8,1.295369417251918,4.736330361399749,-5.0,45,24.113968251267234,75.83234721494176,27.753076831910057
8,4.4161820963376694,2.6656046508030395,5.0,45,26.630303095846777,36.58300733891811,55.82733701038952
8,3.4186318740997033,3.4197529122950225,-5.0,45,23.421503014036247,45.79706454053395,42.491750307929685
8,3.0150834142816,3.7204209758150886,5.0,45,22.99170174780577,50.38296849567628,38.35002194660805
8,2.280266527181025,4.423134656835206,5.0,45,24.738022612431003,59.897990285295144,28.56743926101986
8,4.190222996320648,3.6036136106022316,5.0,45,30.504472065118307,35.436230044018885,42.10882130749158
8,3.534523129224083,3.868383737814499,5.0,45,27.452619888305854,43.12534387205828,36.38537879031501
8,2.4900162219483497,4.662474080518994,5.0,45,27.938237219875425,56.53390548245672,25.860797964738886
8,4.454698629813045,3.848267305549469,5.0,45,34.42942511399512,31.645356604487368,38.102899775075336
8,3.3212649593715255,4.744065049263957,5.0,45,33.531733326411675,44.47707734130668,24.85019696459208
8,2.6959772126021786,3.468510996980437,-2.626564314801742,45,19.315233876317485,55.70501598286276,39.982296943046805
8,0.7629942510446208,2.0420708922017945,-5.0,45,5.090415742600614,94.1557012371882,56.64447577872434
8,2.7858745902589166,3.1683540304324236,-5.0,45,17.760307047554306,55.44558509418234,45.15525246568689
8,0.5029950977983509,3.174699696194031,-5.0,45,10.258764307539723,93.54226352916187,42.66177451988319
8,2.6187123522815052,1.6310044864336395,-0.9704856252175027,45,9.50769614307228,65.98912497114499,69.23665481770604
9,1.3914985517813847,1.3872539644626682,2.4320751436802492,25,3.9866127806689953,87.07864800331181,73.89434978848493
9,0.3354881822184161,1.944815925105969,5.0,25,3.8317580437563326,102.70835258119118,60.447617299313954
9,2.8533351025999343,0.5264378875194548,5.0,25,8.270686452033157,71.4662336521781,89.39210395483639
9,2.4551431312653675,1.7540923369232697,5.0,25,8.988972383273637,67.39538614628093,68.98595424827802
9,1.5368990337602808,2.4522698080224985,-5.0,25,8.44846842646648,78.14922152841854,53.702496952095444
9,0.5727980967863161,2.807481045956051,-5.0,25,8.175780539354827,93.72760620939493,48.05240828462581
9,3.2400568564845007,1.4219475365715901,-5.0,25,12.440249927486432,58.25093319279174,73.10351126867877
9,2.697284217787008,2.4125927336828976,-5.0,25,13.133295317729567,60.087942189337646,54.77189360948982
9,1.6557980978867268,3.051636189458331,-5.0,25,11.984938432531463,73.45713159702838,47.41937897834606
9,0.08225104065391106,3.76415666707471,0.012904118251606533,25,14.460918119521901,99.84738319204988,44.431628385484316
9,4.265250904810835,1.4770854379133889,-5.0,25,20.035296595187752,45.231661630126496,69.22715082744924
9,2.8986282003436648,2.976540937958391,5.0,25,17.232277792030075,54.56779705611876,48.03247838313156
9,2.7650037704848884,3.082625846523463,5.0,25,17.109824005944674,56.06696931993996,45.70712160255824
9,1.4768646628606317,3.9687400063768723,5.0,25,17.845820870964165,73.72105609139619,38.2587481476477
9,4.966481133693962,1.2587556402548603,-5.0,25,25.765191485466143,39.39564432218678,74.94140816079076
9,3.742907165761485,2.8204733901910735,-5.0,25,21.93536152730922,43.94972885798089,48.74410585333924
9,3.4943029175944633,2.9397146075537806,-5.0,25,20.793463548524578,46.58260614365936,44.7076432030548
9,2.606199017083198,3.9255371674952944,5.0,25,22.2307893979115,55.904051992863245,35.446367297922
9,0.944784053425366,4.6209400913299685,-5.0,25,22.191773128313095,82.16414074806761,28.176943945431965
9,4.554969553171869,2.4360492750795046,-5.0,25,26.58625119360602,36.21194681559733,55.10645414552583
9,3.4366612091187854,3.7546768029808897,5.0,25,25.942917496612054,44.651848657475725,38.25542659783928
9,2.835933219323561,3.8319823370903094,5.0,25,22.76505432926038,52.73719329162269,36.903687679511016
9,2.3017856391904825,4.327689145974091,5.0,25,24.06993048396094,59.68535413721077,28.486196658900408
9,4.203133895717096,3.6209906203758524,-5.0,25,30.69356668103871,35.37162985204456,41.81823307653276
9,3.5697920189377914,3.876490943196042,5.0,25,27.762026578314938,42.614793717959735,36.72294633536751
9,2.789848736728236,4.5860865364602175,5.0,25,28.74960155320546,52.226426962512164,26.886599900219828
9,4.97559788956546,4.400557893168858,4.636854943261216,25,42.67916743389632,25.60412433945261,49.77784717549302
9,3.9750071691617213,4.7940107120251865,5.0,25,38.10160514250569,36.01270935986357,36.45543594260982
9,3.32716987800071,4.767306650972668,5.0,25,33.705255554469474,44.60547900614665,22.625198084446087
9,3.6693324103241483,2.9432131612089005,-5.0,25,22.081732260966746,44.35113313941852,44.66129520833576
9,1.4676743991169394,4.601149960957031,-5.0,25,23.34460359024893,72.92816681494827,30.717377808935147
9,2.7699581995430247,2.2200053731172322,-5.0,25,12.652059397151417,59.98148814867511,58.33586255750329
9,2.3007755695884087,2.9330480170880016,5.0,25,13.889641751410469,63.49005723326537,51.396303533771324
9,3.6116844535987824,2.287777155302488,-5.0,25,18.303809864342853,48.1526133886575,59.13006339694116
10,1.365583539985396,1.427481531242818,5.0,19,3.9291300033243193,87.2516946290612,72.87327175869596
10,0.2869666237982546,1.9282790931127485,5.0,19,3.7444649785465955,103.75831893318626,60.290745500713854
10,2.8267149056487497,0.4489578759170615,0.10836146759391774,19,8.362304315021982,72.39463782597058,89.15861933795262
10,2.3562920664229785,1.7672182398276928,-5.0,19,8.70762908607825,68.92383490227184,67.09268839325529
10,1.6266394648532638,2.474671556927615,-5.0,19,8.640656343464801,76.4077057133381,52.23713162452036
10,0.48459062715040496,2.8318813467550474,-5.0,19,8.331203468317344,95.29832264687798,47.79531251572552
10,3.9823602496437305,0.1829979117533309,-5.0,19,15.73052535457479,59.232947676580906,93.78937986549698
10,2.734034705017849,1.947527680124068,-5.0,19,11.321092930268733,62.05776452072719,66.24558146441441
10,2.1418268210809686,2.3891734432477447,-5.0,19,10.272399421527123,68.67955783800406,53.510009221690204
10,1.6911743043223009,3.0656696853962044,-1.3231788807430633,19,12.208441449078165,72.70273441585152,47.241169207033444
10,0.005177767383837545,3.800577692480997,-5.0,19,14.518256050829926,101.21655641889691,44.33076714601452
10,3.8240838599842593,1.9879943647878413,-5.0,19,18.60303649096594,47.22642802378782,64.16977737204213
10,2.9071185518905587,2.98199134019731,5.0,19,17.325047066083616,54.42414187056562,47.59322699088035
10,2.736971313000553,3.0878324329027116,5.0,19,16.989357973538,56.43508492685178,45.380576498919055
10,1.525097232555214,3.960548635226029,5.0,19,17.93451085560248,72.93493293041075,37.80309382257744
10,4.89906739040317,1.353013351569094,-5.0,19,26.043895445551993,39.402913902718005,74.12128632082693
10,3.6731717411940363,2.837811256011502,5.0,19,21.56544515085083,44.7669573025092,48.628021475811444
10,2.990807892868119,3.133014191512085,3.2218536613462057,19,18.74451775197462,52.619815082799796,44.00667171037905
10,2.502594002707274,3.9486017927121946,5.0,19,21.86056491367034,57.34337072982494,35.05156289339985
10,1.2755754869878295,4.731931840395873,-5.0,19,24.027026759432232,76.17561053456973,27.238753156039554
10,4.330611473204524,2.738912613095195,0.2582784183224618,19,26.2451447062146,37.21870990554008,55.0863120525525
10,3.3952969893900873,3.567190733164102,5.0,19,24.244161837580968,45.74126009133499,40.57529452152367
10,2.7944623302606786,3.911993950522892,5.0,19,23.104634710563452,53.06979523205205,35.205565730415785
10,1.8618455178988307,4.847989838976119,-5.0,19,27.01601650785043,66.17288620404645,30.894473369316213
10,4.235948057057012,3.5811038781618034,-5.0,19,30.756772105256847,35.216094481680074,41.10059689517752
10,3.903627291952745,3.7009414919725576,5.0,19,28.98103531662216,38.84732713062289,38.15805397868186
10,2.776616755694387,4.73282981080621,1.0055034473373805,19,30.04335272596611,52.272914748600805,20.32851118675384
10,4.92707154383113,4.6488581494097385,-5.0,19,43.261386700441804,26.020804424557205,49.64777054752296
10,3.89879186995103,4.775688226621372,5.0,19,38.11993773887279,37.03116197918222,30.966132301981332
10,3.2612878455935617,4.7782913829734035,5.0,19,33.876311100185546,45.50733399736144,17.75729122963672
10,3.0153130537797095,4.800622154027801,5.0,19,32.57208483327648,48.7767387583609,15.093208552307104
10,2.891609444494258,2.4822607005921085,-5.0,19,14.510135269265572,56.88575679575102,54.47252811047362
10,2.3833687433231727,3.0320464271662315,-5.0,19,14.93727462622196,62.019265024895766,51.1311262760153
10,0.5158099907270866,4.502535167091533,-5.0,19,20.4168901079173,90.14089064672834,29.831219053237053
10,2.5815725774803484,2.447274598408419,-5.0,19,12.704375122330784,61.60082018785864,54.41656654651806
10,2.962327569773068,3.4793894724026817,5.0,19,20.91444701127333,51.786671238896325,41.552759363838476
11,1.4239809856136585,1.179647463647323,5.0,103,3.4421248285369614,88.09387740723986,72.18384020869297
11,0.31363345857987945,1.9750665929083542,5.0,103,3.9434015976393226,102.9497190390178,59.38787344364802
11,2.8621588827913635,0.2337054865079924,-5.0,103,8.48185086338754,73.9247086492572,90.25147200935695
11,2.4298519104458145,1.8318270146429283,5.0,103,9.154608965994868,67.27534676712192,67.11509070597654
11,1.5765524827617234,2.513602501764204,5.0,103,8.827012780125086,77.11928366654854,52.23447061821955
11,0.5910257088483586,2.7874270168516246,-5.0,103,8.097142707871823,93.47717053952783,48.42123006445514
11,2.7989308798959622,2.2110501732915697,-5.0,103,12.708455447313133,59.68659923651201,61.792907387186574
11,2.6513953851197467,2.5149252427855413,-5.0,103,13.419176813070415,60.22577697170825,53.137163241058694
11,1.6924996750680177,3.1604410876590716,-5.0,103,12.790018514593111,72.26717737038476,45.278319339161236
11,0.296665690876623,3.738351802465555,-5.0,103,14.082705322559455,95.7402293182124,42.10259960206253
11,3.8943086349502876,1.9001577376445415,5.0,103,18.83195002070523,46.712313620169915,63.04151978278232
11,2.9206619115060595,3.0322878635773254,5.0,103,17.69911108696934,54.02674548599916,47.662225410491764
11,2.4472043693845533,3.564898434152624,-0.2694864736942808,103,18.714267733071587,59.18007474659566,39.787768166174544
11,1.6087530910287762,3.822014993313978,-5.0,103,17.09957626335902,71.6967675827506,37.5264732523953
11,4.730696798497064,1.1961151582334186,5.0,103,23.861051312396977,42.33356046095489,76.62543341316785
11,3.6336937101332993,2.846071974863113,-5.0,103,21.176258654292102,45.19941766079155,49.37382543231904
11,2.549024297809998,3.6603519065119814,-5.0,103,19.910973057129798,57.449301527572686,37.96825169062811
11,2.5059965487529667,3.6666413480046516,-5.0,103,19.740439787300176,58.085820833918845,37.69888373258266
11,1.5411826025866393,4.607018475713525,-5.0,103,23.611562094602625,71.88298882490697,25.48302373746925
11,4.642393531027196,2.8128945295663654,-5.0,103,29.55479262941182,33.36467072434207,52.755476634713105
11,3.4915016402690524,3.4831198908129806,-5.0,103,24.39969411997349,44.62745461874324,41.54789585102992
11,2.511154634274393,4.125597414864072,-5.0,103,23.230775641113873,57.045102514407795,32.79582404954752
11,2.1387249832255852,4.534835336969943,-5.0,103,25.226727541513167,62.16467908113637,29.281586759675044
11,4.275686232653368,3.574332253224851,-5.0,103,31.055171532594436,34.735873984763145,40.93529527893778
11,3.7699754305717876,3.800353431771963,-5.0,103,28.67068661162044,40.20815772196849,37.06097618287358
11,2.6643273144949955,4.6419887777375095,5.0,103,28.65673579352501,53.971039829295535,25.661747678285714
11,4.8137236552136855,3.9303759747101386,-5.0,103,38.04858920887015,26.709391592964757,50.42506589549931
11,3.0991848952803758,3.6789059456101243,-5.0,103,23.08484573916781,49.214788702477136,38.60404536496544
11,3.6973885199485625,2.9466006053955436,-0.6640030785321107,103,22.288933640379803,44.0243116684146,46.3111376349282
11,4.489793486927102,2.362590425253512,-5.0,103,25.68451425946296,37.39000933439675,59.20016367992218
11,1.7843206217514687,1.7799545263142367,4.740026229444981,103,6.327029703156768,77.8617458786228,65.76461585953398
11,1.4537165001513574,0.9432534047989205,-5.0,103,3.1288249096974248,89.50566214689788,78.96407996130796
12,1.5412604332634408,0.8153220498834401,-5.0,6,3.25278318807991,89.01851665214447,73.97416688983637
12,0.34924435641949747,1.9572603283350412,5.0,6,3.899349656836458,102.37045012780263,60.08718689202368
12,3.0290455854465437,0.20315293188484435,-5.0,6,9.519390702760553,71.63834984611876,92.93772089272647
12,2.5406768072470913,1.7493032764340204,-5.0,6,9.538777937899457,66.18748612133523,67.98396870254132
12,1.3967792271884325,2.4735495087468795,-5.0,6,8.104947494687435,80.2351205669203,51.75027196822271
12,0.5831611294627814,2.8295453100084034,2.573525676350604,6,8.280572808087237,93.42983835216248,48.92563504988001
12,2.9513963425453484,2.03390888350431,-5.0,6,12.79794846645387,58.56178810557518,62.98916400456543
12,2.6127980162404847,2.2325082685104594,-5.0,6,11.890726902818084,62.2282010738232,54.69925925430853
12,1.4495363692545224,3.495177236042915,5.0,6,14.299238424357169,75.35425364316889,40.398104592179955
12,0.1287122062408111,3.8515732286097433,-3.0420948485637984,6,14.781307940135264,98.7268789888827,42.708072824408205
12,4.141451875575902,1.9591223667553597,5.0,6,20.984655143520595,43.47011512035772,68.41083097242372
12,2.9084553420709476,3.0011825763806828,5.0,6,17.440201850624877,54.33156828114807,46.704434167441605
12,2.539789973318549,3.079658296007442,2.961855659089175,6,15.934796664675973,59.33208326462184,46.65665763243727
12,1.6929929322215018,3.8723227714154977,-2.7341894169195657,6,17.85630208571017,70.31571311281577,36.166370497468435
12,0.38572153396986064,4.4326312428044865,-0.0615888352411007,6,19.877294920755,92.8083060210259,28.349726167570847
12,4.976772281761054,1.2412924341995746,5.0,6,26.38830434470146,39.43321391695454,74.35595382002596
12,4.19840488890462,2.7214430555149383,-3.04012881149614,6,24.90018746830576,38.94873420605164,53.14033040500506
12,3.0278557475560213,3.642459779710686,5.0,6,22.41506659507608,50.40501482633353,37.33047589613602
12,2.506331793936499,3.8374997003969193,-3.7649588939116585,6,21.022069544528765,57.54698533861819,35.86349523451041
12,1.5905896859343747,4.571774599923461,0.2022220823906693,6,23.37753556811604,71.04072398519126,25.403211963830785
12,4.464853892204269,2.629715011364213,-2.4763559162217064,6,26.804172925862506,36.35696163132161,54.17002522067055
12,3.4525588295120184,3.6372651353548897,5.0,6,25.19537942102079,44.75906363433978,38.097465874046065
12,3.195930165854653,3.6887704563164663,5.0,6,23.793204194583936,48.00046200709718,36.50033132498447
12,2.284388548818865,4.806073401516533,5.0,6,28.422673237750168,59.32061623402704,21.7464987124029
12,4.29359449908953,3.583170686480207,-5.0,6,31.275067432947047,34.53846298733786,40.46635434799454
12,3.173769691375075,4.494882951345155,4.757100984192629,6,30.35562681320565,46.855622684158206,30.37007343791751
12,2.794454061634357,4.720089764173674,5.0,6,30.318768529258225,51.95097969370107,20.54935452868572
12,4.101628020604354,4.771569212431552,5.0,6,38.949379826561284,34.949203691590476,38.46096645783025
12,3.3373089514214516,4.771674758232847,5.0,6,34.39834455264659,44.24307301708599,22.574350850531534
12,3.5964682215894292,2.8683774960538653,2.564837459863033,6,21.148781819103547,45.608472039793334,46.958257610709175
12,2.7042381242737275,4.742276564916565,5.0,6,29.941237999927836,53.323535345067995,20.055287727797825
12,3.0276504670522786,3.6648769421934997,5.0,6,22.571521400660245,50.34529130515257,37.00759329167275
12,2.8619989926413334,3.080707153930697,1.9249939304990669,6,17.624929413542585,54.67717265087145,44.54555566558845
12,4.322352812591389,4.707520853396189,5.0,6,39.718994048780644,32.60678504648862,42.92786217242817
12,3.490449834044899,2.6152045115916964,5.0,6,19.06910608096371,48.13163994124571,55.44098789569932
12,2.9649129642187146,2.2939816553406125,-5.0,6,13.952926964154864,56.92488348220829,51.941024967417555
13,1.6825420527513688,0.7968180542337255,2.9837212248527827,12,3.5073690098428187,86.91860548841251,74.61250311319637
13,0.3543631285738308,1.9691063513351612,0.892927536729716,12,4.017282178462901,102.2171285285639,60.010461070978074
13,2.979133666756697,0.18178229251578915,5.0,12,8.603067301814828,72.67546169048553,91.38437174648098
13,2.8298642449042037,0.9218288327445312,5.0,12,8.773966659443873,68.1260995556986,68.0936497051784
13,1.566296812519209,2.45120534494578,4.816554825191922,12,8.474908054592188,77.60689600383314,52.26127019310981
13,0.5106514031500131,2.9002998345730164,4.3711850952348925,12,8.602335890150481,94.54903399094285,48.7610613696975
13,2.947560158534119,2.0861569725045097,5.0,12,12.906588898122049,58.27417667000236,62.77075647988502
13,2.777036386071798,2.3483143297262825,-5.0,12,13.235419607093736,59.2623747842794,55.22349952471721
13,1.8433020743490756,2.7811389939404414,5.0,12,11.083458655830398,71.43863499429693,48.97926245623101
13,3.8980511502503736,2.094512306404664,-4.022903337973938,12,19.568998647503456,45.59101046325941,64.54943673512173
13,2.952633677858192,2.9952709378739266,-1.044852678150055,12,17.561488673472684,53.71808485495073,47.52986262458676
13,2.7597412297998836,3.172184935018057,5.0,12,17.63108125267257,55.77178411195483,44.764631245289074
13,1.7374880244851754,3.8453115919546157,2.6315927933855825,12,17.765265554642372,69.58186287929294,36.609536995269615
13,4.971067295449785,0.8806142469207836,5.0,12,25.200927194447843,42.219524217443805,79.24294651606976
13,3.7418727095294058,2.7994534581500723,-5.0,12,21.874899785495003,43.917696248667994,50.63719779892397
13,3.0500881871864522,3.1467127318983925,5.0,12,19.137218496306545,51.77099081006412,43.854163422328604
13,2.5016011844980968,3.7530925878376293,-2.621889683123341,12,20.343039252918704,57.808532611455384,38.00450772448677
13,1.547821397107615,4.683108015177468,5.0,12,24.131357028595847,71.8118479479052,20.881800823012462
13,4.551718636199874,2.734198523864479,-5.0,12,28.239681654609196,34.84400931294471,53.733337183066816
13,3.5165809735841496,3.7029352268684868,4.983628686614271,12,26.111470797587053,43.72464700038818,37.978092793180686
13,3.1521005035307588,3.847443832157012,-5.0,12,24.6545289912694,48.114746640951786,36.42810689705001
13,1.8208014362949014,4.754967332516268,5.0,12,25.810057296095913,67.20976567085734,17.266841306489
13,1.7376024374768693,4.782262908551626,5.0,12,25.731473186219176,68.61233428113853,14.770769686901431
13,4.336077303443662,3.4961782804407378,5.0,12,30.802162706254695,34.36957709944795,40.51755011734278
13,4.2035862935349,3.566986596649296,0.31645948921280365,12,30.27415865382941,35.72007163017948,39.489740821262764
13,2.6964563986328507,4.645222449890321,5.0,12,28.935733980027052,53.489426761551755,24.477503640254888
13,2.113236017757249,4.946211600993371,5.0,12,28.98286772448914,62.54378517768285,15.699601783593643
13,3.2754893004238954,3.2191398704708645,2.534021063990144,12,21.038885861894194,48.41431635699547,43.2523076915263
13,4.589263407659335,1.3625211180598535,-5.0,12,23.003098736411207,42.58319085178532,73.94401285762663
13,1.8720577992498817,2.7917493036572383,5.0,12,11.255395916994056,70.92558172634878,49.24926568112298
13,3.5827046306394337,3.3151625499862876,3.393008470753351,12,23.79208188457638,44.10986117384648,43.78932735717879
13,2.231002763457762,0.9529678800442052,5.0,12,5.868019498737647,76.92925207517948,65.37461613898863
13,3.802578115344579,2.111780920416621,-3.9160025733843336,12,18.892267395732798,46.70449805622033,63.564643117070794
13,1.3067688850873767,4.582734532186276,-5.0,12,22.752038135504584,75.71230210290182,28.81540970697584
14,1.1517121073260168,1.3994147757892272,5.0,7,3.322535570951178,91.27250657181379,76.48200106105747
14,0.9801390129782362,0.0,5.0,7,1.2116324671340593,105.94286622187244,72.70458395553796
14,3.089984424419794,0.11162307602325361,5.0,7,9.382190467101783,71.65999007060151,97.05215026066561
14,2.521326727015982,1.7404458083796874,5.0,7,9.282286258662799,66.49588421657475,69.16962430094023
14,1.7266556435562035,2.4479403919398024,4.171257587354798,7,9.004562806613874,74.98681996145115,54.258146449047366
14,0.6896297694113505,2.926415649332868,5.0,7,8.941389104115347,91.05426192113079,44.85778363520281
14,2.9737221514493517,2.0539059550459076,2.191990954774563,7,12.924356298114224,58.09198764618835,63.267528422595106
14,2.9115205344039765,2.242586778636927,-5.0,7,13.401448011641556,57.92215107300597,55.61380888681959
14,1.8346722071309818,3.0599242526250685,5.0,7,12.760426857963669,70.39820748274289,48.30868670925952
14,0.6506225369390706,3.351007471364316,-5.0,7,11.611990613082932,90.1247770330566,41.811372656676426
14,4.030064403738793,1.9733358462944945,5.0,7,20.258844957608652,44.824358341102126,68.56619467239697
14,2.905921013182307,2.993987421768638,3.354441643288993,7,17.332324857880753,54.39016810111398,47.79941236018461
14,2.8425907733400555,3.1071109551479177,5.0,7,17.69383498533535,54.8542399722809,45.31697220529739
14,1.6454826158027056,3.6053708291214215,5.0,7,15.693240149421118,71.74925570446952,39.84040137744293
14,4.943197454487806,0.8592959125758765,5.0,7,24.905491779674442,42.70892602866681,81.03395805586527
14,3.827698908268622,2.8305674110473324,-1.928501646854155,7,22.656291555358667,42.76727936349759,49.43633791274518
14,2.942034049624507,3.4534952816915827,3.437701659182771,7,20.60001601680777,52.13487149585584,41.58471662028013
14,2.3644307802398368,3.9762620234431214,0.9896918339559981,7,21.36307400239433,59.36774086335707,35.60476445200205
14,1.6000362747752772,4.634923634551672,-5.0,7,24.123700398636696,70.72679819604295,24.469848085004347
14,4.519741266120011,2.5422414082903133,-2.0864007523274597,7,26.890094262043647,36.13719706085116,56.704857959399206
14,3.5500554970325466,3.6238753644844186,5.0,7,25.7631639769031,43.514947750121436,38.30198790457479
14,3.5734001764695296,3.634193940152465,5.0,7,26.00674250713091,43.18133954147186,37.90857444856612
14,2.0132415557705614,4.605814518638885,5.0,7,25.31687615171944,63.783640365823835,22.5405923938105
14,4.343338612853595,3.5086594075539965,-5.0,7,31.173387395858636,34.1864048611138,41.482140779318094
14,4.2084514514438425,3.5714179684899614,3.0761099596161543,7,30.33446232791352,35.67764140914396,40.18711781664206
14,2.663528887748053,4.984917281871,5.0,7,31.637499908908126,53.515705649353265,26.39473283851712
14,2.408152641149181,4.008283530326121,1.4243312807463226,7,21.82804390447096,58.6419490640201,35.8496377881785
14,3.3597833239787054,4.1918413097355245,5.0,7,28.867215150029644,44.77813214800601,36.72011468957311
14,2.6647040372882813,4.588640784688792,-5.0,7,27.970033461372118,54.388387122547385,26.313665724935305
14,3.8320759581057544,1.9877798694325888,5.0,7,18.714648395218045,47.10499739753108,65.83047518385584
14,1.751453546884216,1.0458780869816409,5.0,7,4.191999426310547,83.66879086486306,73.26720568458396
14,0.5761325395442362,2.6974805482543895,4.919174578721256,7,7.637397260673717,94.09789136393206,56.76985452754467
14,2.733434529396395,3.5381977660933446,3.7848740712592193,7,20.022475949030994,54.877790453943156,40.66030728483508
15,1.5787271487124062,1.1181585700404888,5.0,3,3.744320037216994,85.95470651100455,76.75680566702393
15,0.5205544837785925,1.853359418507539,5.0,3,3.633919497598013,99.70497122019461,64.53247171641097
15,3.1206585492150527,0.16585519495270928,5.0,3,9.538885751243253,70.8633051005687,97.43815278903358
15,2.482911496357549,1.652627003720935,5.0,3,8.788942923557208,67.7007237636648,69.52436006712092
15,1.687105994366681,2.3593605668959756,5.0,3,8.420896465967008,76.08020676040428,54.47820042004426
15,0.6356883091290949,2.9564101700393266,5.0,3,9.115585831216865,91.95023663934275,44.55268000431336
15,2.8307038202667316,1.9774085117616447,-1.9577078773779553,3,11.917975136900296,60.496725616581124,67.73608578395825
15,2.6805722474250016,2.535516761996764,-5.0,3,13.578403043694607,59.700890488191504,51.91603747660043
15,2.0037788840066337,2.909418679381548,5.0,3,12.50184597316503,68.2937249661585,48.1470845885744
15,0.6657779660284497,3.7447645681916812,-1.4274017124353677,3,14.41437374301573,88.903686200683,32.42511302980068
15,3.974429773891561,1.801554194843363,-3.838640317556697,3,19.082966813372593,46.50747816754686,67.57225414610959
15,3.2539475605489483,2.3584561383265297,5.0,3,16.081846990447016,52.410365370557024,49.98936120115882
15,2.7119992008332385,2.6779859202581804,5.0,3,14.542220074183948,58.58203202174665,49.306824655286455
15,1.7622145582680548,3.461005097405892,-1.0224083675780307,3,15.035634910933751,70.16060262418836,40.12148997589048
15,0.5456903736556873,4.405646326594775,2.288510532930987,3,19.73820716789436,89.81427670554437,29.38544410465689
15,4.976090425788264,0.8549203494436108,1.629976739265894,3,25.1689097630349,42.48771228870825,84.21756044366171
15,3.757614082488118,2.845521134499492,5.0,3,22.246814042998572,43.63480041151679,51.260113837744164
15,2.9758788873276028,3.465853279542406,5.0,3,20.90378762046835,51.647816214856256,41.31532498251645
15,2.0936476411534697,4.315618067237075,1.1474292463959213,3,22.96532540341679,62.978586634832794,36.14274395706884
15,1.5647618007014696,4.669235996958436,-5.0,3,24.330226978731876,71.29104492556718,23.048868886007853
15,4.904692041141788,2.4465143274461165,5.0,3,30.124470137367368,32.372608671532106,56.05685751460012
15,3.5063851680338116,3.511020294664746,2.570596851436493,3,24.61279983961868,44.394300853752185,40.21779988879381
15,3.524354377349722,3.5326145031241962,5.0,3,24.914655791724044,44.09374138482742,39.64690409760568
15,1.902261094055936,4.5471463558105425,0.39267710349202645,3,24.34020222517641,65.77694794547654,27.35036245040918
15,4.938832696285614,3.4578511812267743,1.2407974069412475,3,35.75423852990663,28.22382780141026,55.27718128781239
15,4.157934046618998,3.55778253914884,2.4150864390069273,3,29.829845235742688,36.31464063634583,40.2731873996916
15,2.7141460046973265,4.604854338266264,-4.102602588365467,3,28.604960381446226,53.2526307807702,26.113957532672067
15,2.3576882541308897,4.426690685687269,0.28917597263408457,3,25.12016624249939,58.79737593741089,27.9437606119881
15,1.7880036190967203,3.7145298057450176,-5.0,3,17.000023281819526,69.10209600192363,40.0194036703974
15,3.135949278408518,1.925813330439448,3.0666403747967834,3,13.512358019681056,56.488187653843184,63.490349616525265
15,4.25681796141798,3.514116137321459,1.7878555189977536,3,30.336958492223758,35.301091908792586,41.54849031582883
15,2.999518973892527,3.7153349211892914,5.0,3,22.791436380624006,50.568561196164744,39.2214237611654
15,2.4455957250542353,4.0859361003770855,4.089147229134657,3,22.652850137076886,57.90717195558564,34.630112877663954
15,3.1529164617714156,2.3756418177445378,5.0,3,15.505193577318355,53.67316283377908,48.52968881641027
15,3.762208779912454,2.994159998615512,5.0,3,23.10953512288201,42.99120342101561,50.05309188737836
16,1.9427265836631555,0.4372139289324667,5.0,5,3.5149421974896686,85.83891496553326,75.88613535227947
16,0.4945482054381206,1.92271590197616,5.0,5,3.846354699519395,99.83031064292679,62.47850411506619
16,3.1077514085668954,0.353915398747669,5.0,5,9.490789904977829,69.26501456390137,96.82415001021337
16,2.4256871914488816,1.6529098819926957,0.1554651147990267,5,8.603372117026975,68.54918875171026,68.96296876039278
16,1.6515742969842502,2.414863538893988,1.8130618200281283,5,8.564383954742548,76.31509772453096,53.731517113886156
16,0.5759324646373183,2.7194498986535818,5.0,5,7.881652595338103,94.01946382612283,49.25001142404891
16,3.1149570668735658,1.8299050528229688,2.721111578498504,5,13.011021608550692,57.52525707656038,64.53722675699309
16,2.64212806840853,2.441547698483803,-5.0,5,12.997391902946658,60.70985092715254,51.93275820841224
16,1.6633768137110074,3.17932674542383,2.325812402281098,5,12.855262649062936,72.75248490528254,43.94645222626895
16,0.7552559476963396,3.5711183322477904,-5.0,5,13.375218438794509,87.4501083763536,39.489573978084046
16,3.7042510814773033,2.3295575224833507,5.0,5,19.28150626142005,46.85911604532366,69.57040643337312
16,3.2710330303141824,2.649195224689737,-2.588692949918274,5,17.652110017713174,50.7756965607766,48.93876383551362
16,2.930752103117932,2.9626964008065793,5.0,5,17.33279190894375,54.176215367068416,46.93984467805563
16,1.7051714415644774,3.51334336425851,3.6444093106769646,5,15.214540291910728,71.00992051602132,40.030469581521054
16,0.813929373852297,4.076814279562435,-5.0,5,17.188493141980313,85.38034722244848,27.80231114154528
16,4.970886421160593,1.2566340928602282,-5.0,5,26.11488085158122,39.58262891368773,79.54295005559518
16,3.717320422069231,2.5450258310551286,-5.0,5,20.358030939609918,45.35162300628049,52.05395548575288
16,3.638847575768879,3.0173383924939734,1.4842896951919515,5,22.242530082033827,44.45542349646213,37.402354085190254
16,2.5837537300950544,3.6003266466158386,0.40605492097299667,5,19.602434857404326,56.94401261512709,39.460689870564984
16,1.4787671035253198,4.168567688002379,-5.0,5,19.513870312793923,73.26518789141451,29.520167124547555
16,4.53339870753368,2.514202389206795,-5.0,5,26.8990681313143,36.13240240719086,56.932554323790285
16,3.6882273964479664,3.1339007598743773,1.5566907186068768,5,23.35266927284962,43.37576620478868,39.40342066454366
16,3.641434149453991,3.049679270587877,1.5444559569251526,5,22.45930122623682,44.29689664689371,37.08861403192678
16,2.376766432893531,4.377604764275382,3.04307372581796,5,24.803484496060936,58.48698168027941,28.869350263972315
16,4.28713856940127,3.6152191569322074,-3.969781596019613,5,31.361248391822755,34.55522698892688,42.70863758846646
16,3.6821344930898476,3.783191831773338,3.6825387394522995,5,27.859985057310116,41.33816477064491,36.640314448090464
16,2.6739916516981346,4.5643557926127745,-0.32173403924962773,5,27.891384849945418,53.92408922048348,25.03943365356478
16,1.3466043070556166,2.7667182956700467,-5.0,5,9.20524228956048,80.05910948293229,48.58015595660689
16,1.3474065607046648,1.088098048870697,5.0,5,3.010200034149319,90.13915146944296,88.2883688008302
16,0.010376704350592292,1.799826617787657,-5.0,5,3.500693398972812,109.4173511786905,64.42101178787739
16,2.63717587307369,2.734318426419435,-5.0,5,14.341347030885952,59.33061192361611,48.73693202908502
16,1.5023250728238238,4.6711714800675335,-0.8213656053085288,5,24.12265082354306,72.3279945360422,18.888169602674747
17,1.5544765754112975,0.10604189806595887,5.0,1,2.0098872782498045,95.3425612076139,102.27731764775734
17,1.243240229315806,1.0954325053361207,5.0,1,2.757198858080706,91.89708848976842,77.79766843753616
17,0.28656479066560936,1.8311983316033797,5.0,1,3.381379844366462,104.33525549174506,64.85134411051466
17,3.001508734681133,0.10601220780517007,5.0,1,8.820791845776569,73.05732702768574,94.03880505197165
17,2.459884754004417,1.7403619668941173,5.0,1,8.92932315228074,67.45845930762411,69.05206528330433
17,1.5141944457739092,2.4609154478416375,-5.0,1,8.367486026217309,78.44134878071381,54.016060263609674
17,0.8304648558014556,2.637214171726643,5.0,1,7.702656985456809,89.61387723132391,45.45081659211802
17,3.135260398626868,1.7478652497814924,-3.6338578734414506,1,12.899827113010755,57.74987933849215,64.02072040582118
17,2.7962848610616406,2.354320490826619,-4.587703981309877,1,13.351584715784059,58.95228942054677,54.13889664330355
17,1.8221478608852195,3.0524650486290357,4.737572985991111,1,12.666293122033313,70.65024497153446,46.19535643921422
17,0.7243316344793578,3.2551095011564692,-1.1258119381266862,1,11.061193276145861,88.73245857753501,40.69879939853697
17,4.01807426398238,1.7000167052547719,-3.5505874420066865,1,19.04234904713051,46.623311570701034,66.42300064214237
17,3.3485778967159425,2.3177461185483774,5.0,1,16.644850411854158,51.484734392821665,50.429345076159684
17,2.588207608227907,3.429703181412063,5.0,1,18.4746374393959,57.38589389814997,41.88404343506922
17,1.8929681144368968,3.6908933598479843,-5.0,1,17.268444670662262,67.55604695423199,37.03345005336699
17,0.5255843634511248,4.380543500098928,2.681066682639951,1,19.475284597465883,90.24675188792796,28.92883684376655
17,3.730661263514258,2.3207201562422126,4.641187427299316,1,19.388371743418514,46.589689935920106,52.85934445748798
17,3.250061765473542,3.5561925516165838,0.3949961938033466,1,23.198395980846286,47.6644100807536,38.67607386153186
17,2.764936100185559,3.783922838166411,2.323989205386469,1,21.947447293005833,53.751761037385734,36.17800107329047
17,1.5020256313876024,4.568694207070268,-5.0,1,23.205894379591353,72.41349738931657,26.35511184404912
17,4.558198133275107,2.522584682787132,4.121936150552093,1,27.10848954467446,35.75820114596487,56.3075504154433
17,3.673001720809936,3.541968328420528,5.0,1,26.02070429283581,42.17083914173857,37.41305684786598
17,3.3878903887638723,3.569457327032886,1.2286515630444503,1,24.22363152181299,45.77796274427955,37.36701999407617
17,2.399499089006756,4.564649782410435,-5.0,1,26.63123307084863,58.01678549478308,24.899821213909725
17,4.332359560828161,3.5173823296882345,-0.6820947577911829,1,31.005847038683875,34.3259814672161,42.11553582079162
17,3.7852346709181828,3.5881784352239143,-0.5766795332871668,1,27.247613653893893,40.592400137165896,36.05598692988487
17,2.9712875791949687,4.658997867911815,5.0,1,30.649108234094918,49.160811316141356,23.41466637553048
17,2.513105743903525,2.7171415989021277,5.0,1,13.672160657206163,61.24514794669901,52.100893213528735
17,3.4839432077035615,3.515088841298844,5.0,1,24.490155788925716,44.67202431751603,39.033778574977006
17,4.756561618800523,3.5574938423246927,-0.029881252822613114,1,34.4994039368914,29.68774794288992,45.18812080006063
17,2.5531887140114833,4.56629737183584,-5.0,1,27.370101983725355,55.64100205036687,25.93221488741101
17,2.526465744433093,4.391421301705842,5.0,1,25.64740058980119,56.21979164653601,28.85032649438432
17,3.383213228568953,3.5139990231334375,1.2372309397894306,1,23.792380589371017,46.010386052659996,39.573888747217005
17,0.8041707050718633,3.6557761417741643,-5.0,1,13.894294432745617,86.37291408202461,36.539053378685566
18,1.6061162815040224,1.076613924772122,5.0,74,3.7645663719334124,85.81764661015362,76.79537392415696
18,0.45592962306197415,1.962985257801143,5.0,74,3.9883583566652874,100.31496649563846,61.36653607730745
18,3.0092858927840127,0.07523081940806427,5.0,74,8.907138688928104,73.22684269050018,95.08544750377794
18,2.7903016741790667,0.6411202326919935,5.0,74,7.912183877703825,70.98306970826062,66.75636646458776
18,1.7047996167630721,2.4365323163664216,5.0,74,8.874283805813272,75.38798147484084,53.995322975603976
18,0.8268077697052036,2.6150681924015418,5.0,74,7.47483035845165,89.84571280365448,50.69077311060779
18,3.041796093713382,1.882858845853352,-4.404303822368004,74,12.866751917754144,58.225836072697305,64.13875148206797
18,2.7153149374425793,2.2898377842401048,-5.0,74,12.64278229969032,60.4496772947624,53.450565563651544
18,1.5927063056560287,3.063703523570652,-2.003481638118265,74,11.90015758404294,74.36451425985055,46.90231264617894
18,0.7291290677292694,3.587527495759031,-2.2157008773735933,74,13.382993519869943,87.89623740222595,39.875323310954755
18,3.89215504714383,1.7648107542721578,-5.0,74,18.42121266755944,47.70338210418911,67.56785267698297
18,3.359799133385788,2.411766266735596,-0.4405613205755996,74,17.17200769145747,50.776350654104974,49.86200006523191
18,2.873780215389991,3.029142935400257,5.0,74,17.41374762398197,54.72103181012547,47.16722083339403
18,1.905672252394472,3.6872769217868395,-5.0,74,17.22522330822784,67.19140221446793,36.71414442838359
18,3.733563850150692,2.826537520399408,-5.0,74,21.914782487523244,43.88369685929493,50.50182120488107
18,3.057038940457049,3.419644428646414,2.8536431302992984,74,21.046815545428508,50.67562471272663,41.95733057880993
18,2.4732359889394515,3.7313194981952913,-1.26163532635141,74,20.0558258869822,58.32554161774951,37.73454695329669
18,1.6419518864028468,4.58040144138066,-5.0,74,23.76904969371393,70.04993487267953,24.98052331888337
18,4.511395307728694,2.5301455219062046,-5.0,74,26.77319690029728,36.29669868312756,56.55617582260097
18,3.4349992843138266,3.5295978206777407,4.415497634461264,74,24.244123820127697,45.279734104398536,40.78074412669856
18,3.5043527129784358,3.6100184010753034,5.0,74,25.332337380512122,44.115614611529786,38.84979395497457
18,2.4662426401156456,4.386772891484455,4.5302072035143475,74,25.291468988073024,57.11253928266713,27.982531017964305
18,4.325429391236072,3.532026351399993,-2.0145449372448416,74,31.09396084997629,34.36085154579757,41.95451200436289
18,4.138724233176882,3.5878621246360276,-5.0,74,30.084601029783343,36.33297641292751,40.32502637382928
18,2.7043442855921453,4.599808618044129,-4.365094468287906,74,28.5144959218827,53.41335952168811,25.449500823194374
18,1.8329262819582683,3.4618943390947243,5.0,74,15.388821910945493,69.06786738119824,40.628641546001866
18,2.815574352750592,4.602054572496787,-5.0,74,29.10192999718553,51.818977116826474,27.356179428978777
18,2.0397445340747224,0.5173725472598302,5.0,74,4.2220120300278925,83.56117017933397,73.82100654270852
18,4.898875544349818,1.8358623200050714,-5.0,74,27.209439126144776,36.310187658182585,61.961015408174376
18,0.6339776610254488,3.65136484813084,-5.0,74,13.756912130409575,89.61198609238983,38.38205901917008
18,1.431722172592901,4.751298753722736,5.0,74,24.552206118368705,73.42383003097422,22.46762793809508
18,4.538853170475593,2.8542526984813814,-5.0,74,28.746528990072434,34.42369517382479,50.31809922506926
19,1.6017946791624837,0.9935141398438463,4.260838487825431,27,3.6410060506560225,86.55532439216643,76.37935725897935
19,0.4438848812177734,1.7862726865817606,5.0,27,3.3315869543284986,101.60579207245078,66.69292756442938
19,2.548075064774604,1.6226466592712545,5.0,27,9.015994151516395,66.92563658665922,70.59344914061128
19,1.6398369809720725,2.322455403143787,4.454572622527342,27,7.959076962633546,77.06280537089584,53.96376748488002
19,1.1898257414238227,2.6646690978950187,4.14821400088368,27,8.372782229862574,83.3378471868294,40.99425224443847
19,3.03129864907588,1.953157692852587,0.5035391450988982,27,13.031194221202753,57.86992615796172,65.52083593632595
19,2.695778768685782,2.5147295922984103,5.0,27,13.558040303574451,59.600883276178386,52.58035928969383
19,2.027469556351459,2.7899808628457134,4.456393367305683,27,11.877132236025759,68.43738118635818,50.11215255312532
19,1.0495566752920125,2.8215163069743343,4.936375861302713,27,8.976905451827891,85.30576227226604,26.39631900709833
19,1.011004005865053,2.7844521034068457,5.0,27,8.690972362917657,86.14411025986938,23.635117768831805
19,3.971898867024403,1.8733397060278834,5.0,27,19.485103648606746,46.1609245842766,67.858902052428
19,3.1500688655072318,2.8460352338437973,5.0,27,18.031004474576417,51.56094024760258,50.58722275109135
19,2.600125089163718,3.457774064945576,4.478287220245786,27,18.734065651589056,57.11269221837094,42.30897533931822
19,1.9515113637747965,3.609299351965048,-5.0,27,16.799422886905393,66.69494226078258,37.51655247737662
19,3.8472298324104894,2.8428835754058914,-1.98089054275645,27,22.796311786271623,42.40789742090067,50.78919854064571
19,2.99050184382375,3.423311544019412,5.0,27,20.691688630581623,51.576950964021805,41.94503567739885
19,2.6003889588978577,3.614467636851874,5.0,27,19.844040497464672,56.6887938619782,39.96022503167859
19,1.5747942006955222,4.640151510725145,5.0,27,24.032640049602595,71.11532754974438,24.357046630351604
19,4.572319489450298,2.4529969558407383,-2.0515397272007663,27,26.885594679754636,35.97717088037721,58.088974341986045
19,3.5139480859358447,3.439967402467799,2.4455163698905826,27,24.14250625765819,44.52431630946019,41.26241902426542
19,3.488609289178701,3.502274310060885,2.681727727450408,27,24.445322857520836,44.6556172531498,40.49466764983646
19,2.447404113918001,4.300943491474399,5.0,27,24.521103635428137,57.36912480506789,29.16892141752692
19,4.379197374270853,3.520984902061855,-0.8620601028846515,27,31.348074387507538,33.78524039178014,45.155953461187536
19,2.6995013983080023,4.59006247582689,-5.0,27,28.37367319159929,53.483224080095425,25.906238448074955
19,1.468844506659993,4.099490360269989,-5.0,27,18.911663851976492,73.54681439696408,32.88727477115417
19,2.993859746011947,4.582289621463864,5.0,27,29.893912526783012,49.26696041869856,30.331256952478597
19,2.466022135653438,4.849318798948071,5.0,27,29.522416664082996,56.70698156348905,24.4557619550658
19,1.1842786297692953,2.51444952228969,5.0,27,7.792785787531518,84.05335945032179,46.08753188174317
19,3.708611278187699,3.7360116815963194,4.4762180911470075,27,27.73164786920488,41.1419842924792,38.10118342790186
19,2.8499684677238846,0.6905810007128657,5.0,27,8.528111419135932,69.67493273071094,87.61309067195941
20,1.6786495454036288,1.126033741946348,3.2707311494737503,25,4.118338061762829,84.21534448329359,75.24043978524426
20,0.5612406487457944,1.943119937300688,5.0,25,3.911717977980885,98.47219151137364,61.5023671089587
20,2.842946640994315,0.021244930858688726,0.905677235841365,25,8.097525518779431,75.81835095213951,98.7768769290247
20,2.7104929509502087,1.5233849392189258,5.0,25,9.551648920022227,65.15050063769088,70.8966645169583
20,1.6570231251438248,2.4268199205782315,5.0,25,8.652029777937814,76.2140417959145,54.2591276270185
20,0.9238676308055532,2.6731406827799598,5.0,25,7.843955107973805,87.8287110384495,48.94034257015774
20,3.290455106115737,1.6192197299495692,5.0,25,13.359419617310332,56.515061750875276,70.9049361108961
20,2.48146657949706,2.7086702224408485,5.0,25,13.460406838168455,61.787598351296026,51.98569022935944
20,1.5663404642596355,3.016630017701944,5.0,25,11.49789046039951,75.12616229419005,46.94864816047786
20,0.7769455618673194,3.590102311669293,-5.0,25,13.467564552778992,87.03894889365958,39.7023245578997
20,3.7208777742204777,1.458156509147745,5.0,25,15.975154591762744,51.904135306657075,73.27806834998174
20,3.2295258096188,2.348445388125823,-5.0,25,15.920050035887868,52.90328596680546,50.926568051499764
20,2.8970351361277045,3.0343767946229727,4.599419601712439,25,17.573855062267608,54.351043420075555,46.523609050428504
20,1.5566633263277736,4.100693775586708,1.240970047829829,25,19.163998810711238,72.13795541453668,34.331956891930716
20,0.5579786347007478,4.390651732742731,0.9833211900025551,25,19.621832814002946,89.60604363478113,29.1335086973951
20,3.847450241869514,2.7959077172363758,-5.0,25,22.596714554040414,42.51853135447287,49.810062303764404
20,3.099562186242562,3.4080364961009293,3.071067684372478,25,21.250576314214662,50.14115052288903,41.90277666323841
20,2.734954386493672,3.796595651069916,0.49106796880974457,25,21.91478710028552,54.21244306805468,37.171948307453896
20,1.6282212613037352,4.613040142381923,5.0,25,23.9669302066021,70.24988851182373,23.37318186322608
20,4.5550221091008725,2.474064146527763,-5.0,25,26.89340388536834,36.09775651714676,57.12609389783371
20,3.517188517475783,3.4288151468580934,1.0455679304404697,25,24.16458730904317,44.47325613584888,41.91901299851584
20,3.001697704745654,3.822605404712818,3.6907547146386683,25,23.58609759420694,50.253171271930604,36.617801520436856
20,2.4794870641147684,4.3866993391532745,5.0,25,25.404841738016025,56.80869944121103,28.175659538081163
20,4.34316526509018,3.5683105383073817,3.745792825269314,25,31.385558287233128,34.123381086212014,43.03040967035903
20,4.097254584531586,3.6084866471102544,-5.0,25,29.8857424942438,36.757317835913895,40.11191530797477
20,2.763267563705747,4.59715381712348,-5.0,25,28.789790113255016,52.576031757661184,25.0128517203304
20,3.5768900272159945,2.621312820185167,-5.0,25,19.741087183091793,46.77119333291256,56.28111219874705
20,2.8610858432319537,4.58349398921957,-5.0,25,29.084987073238487,51.242702442424616,27.15751734036619
20,2.285478024567233,2.723079600521054,5.0,25,12.605434867024835,64.70103729524654,50.77604249649286
20,2.182386921631661,3.68586115854093,-5.0,25,18.380275596092805,62.89239047268018,36.40518919566402
20,2.97067330986982,2.346992959971378,-5.0,25,14.270835239333227,56.51818418003621,52.458090546325295
21,1.6267058213886125,1.1201969671085439,5.0,3,3.9039596309831275,85.13545529377856,76.40375150513043
21,0.38885306722464485,1.9124236294156471,4.374533107102369,3,3.8118504203696872,101.89459557605906,63.39446724774051
21,2.407719220128551,1.6321032229506969,-1.4582506791287617,3,8.480680652329152,68.95525801709506,69.46182917326146
21,1.6989055964695619,2.461535810149848,-5.0,3,9.026444062178822,75.27028103749194,55.21964574231081
21,0.8630813931075264,2.6392477128333036,4.65422284117318,3,7.657532902151189,89.07584504153222,50.96837789137391
21,3.080993678275721,1.7580029797777335,-5.0,3,12.742387733135605,58.607424029401926,64.94457905738646
21,2.7421127617090866,2.3720390402618716,-5.0,3,13.188143403572022,59.62711047789613,55.10516268122717
21,1.961183596377608,2.696566927274663,2.54885912716437,3,11.068191717246531,69.93079808613246,48.569122956321706
21,0.7402204089413106,3.5961129741036535,-5.0,3,13.454648820668616,87.73107023832787,39.16455381935652
21,4.096058000602827,1.7219837930424169,5.0,3,19.7998271470845,45.63068764117467,67.8203162511167
21,3.174333414808084,2.739622583284121,4.503451225158287,3,17.593627211218585,51.67994039109077,49.17180190196863
21,2.8898177515774357,3.0322895883325653,2.788518231631506,3,17.492887279850414,54.445815516071704,46.70912172128109
21,1.8947707938948586,3.689559814519665,-5.0,3,17.19698113573901,67.3660011866947,36.78338358387495
21,0.6167483422842808,4.372546440165043,-0.020429982403451064,3,19.559353445664335,88.5316268696186,28.732905246744497
21,3.87266991528763,2.8454573441813134,0.9959745922823329,3,23.056804622783787,42.163311022963846,49.55694868237517
21,3.143294837169248,3.4472964730361975,2.173463067314464,3,21.80053556236653,49.429670537801,41.41069886626104
21,2.3448330478356256,4.013803852053454,-0.6240944527292163,3,21.544145607814315,59.55759306028938,34.76698401828631
21,1.4510527770048522,4.596340940758252,-5.0,3,23.309692314142502,73.25642518429353,23.48956782358021
21,4.932940034599483,1.9199192009760297,5.0,3,27.484276081519283,35.38421776825668,65.53511756750882
21,3.455001682342365,3.5161958900891,4.17469468126443,3,24.365896874731675,45.02454192909596,40.53388068259677
21,3.375692790764319,3.554063631957219,4.126418332424196,3,24.07128399018443,45.98114788967189,39.888899815422384
21,2.357545434225482,4.477534050809872,5.0,3,25.46869662785934,58.6941108032213,28.073957549820673
21,4.332890169546783,3.5528028906893274,-5.0,3,31.325941377629377,34.22074948650193,42.50178665923377
21,4.075022506507019,3.627679394322598,-5.0,3,29.805228052051227,36.95704531347616,40.03994137702119
21,2.750058019450878,4.615506583695361,-4.995456120780728,3,28.946851971041998,52.766052992746715,24.345347578310125
21,2.6210529282228636,4.361159809497113,4.72757905590044,3,25.94116218671809,54.73131390284729,28.394783377137887
21,2.750556404661866,3.621433879425924,-4.210413918571459,3,20.656036959742107,54.41797393779812,39.25343456806818
21,2.941091659479007,3.8686700964268583,-1.8280567144092452,3,23.585116519260268,51.0525738978199,37.779878759191845
21,1.8058064243830227,3.4970610178567707,4.0210161034011875,3,15.399683315446719,69.45198480121678,39.76058992155498
21,0.9202601451363185,2.9766404290657027,-0.3951596344735666,3,9.838014316347596,86.80806450529954,44.429421870529
22,1.738080560430812,0.4557978940558677,4.314059814204461,29,3.0112491103242967,88.90490398319429,84.65513338209337
22,0.4487904323462466,1.9700873976603182,5.0,29,4.033881142816417,100.45588384348133,61.766578346735415
22,2.5867009301174533,1.7127672373115488,5.0,29,9.44918243515167,65.69665130812048,70.47261421267963
22,1.8778069473813197,2.1479326587579335,5.0,29,8.15769682916365,74.21874410147359,58.63965070862761
22,0.816116399229007,2.6715592927960143,4.944896226087625,29,7.653653456612156,89.83425462278188,47.217998281683585
22,3.052892004350834,1.8451346463146514,-5.0,29,12.775646297143727,58.43293028742568,64.30795486861199
22,2.6415177353488906,2.6776550752946204,5.0,29,14.131435361226947,59.552423090206304,54.13281840658272
22,1.5687425894595861,3.4452055032528826,5.0,29,14.326830814814123,73.51754400217597,42.22243842127175
22,0.7607149563779942,3.5949661640732664,-4.837161146104199,29,13.48118028004578,87.33575120080054,39.51432072867158
22,3.937928160525002,1.9072665511466962,-2.5686325408908646,29,19.31136169040364,46.29468673649831,66.33633587051581
22,2.9074305869460386,2.9490050164422614,5.0,29,17.126075923714165,54.54857557419052,48.84758592740081
22,2.8666670201854783,3.0567612094091605,5.0,29,17.545268503571744,54.700377265106326,46.66536273732729
22,1.9047731639648737,3.6737848197554266,-5.0,29,17.107689625237743,67.26466816084502,37.027699801413426
22,0.5433345786926778,4.424935030767928,1.1903642654558952,29,19.908676460797828,89.83067286102961,28.847237820727358
22,3.804631914137762,2.748808907411746,-3.0990100230108037,29,22.072223304765462,43.31680459323931,53.896809371428574
22,3.0908630946441145,3.4295787428876867,2.018811207325177,29,21.339531602316328,50.164263463164566,41.74400166821029
22,2.647591399966335,3.668334591262761,0.24888567466543865,29,20.489907307980335,55.89231470571422,38.60914779522028
22,1.5794957091617472,4.677809059487929,5.0,29,24.381963720863084,70.9955787559219,24.23431556519067
22,4.64346894566729,2.5352771979124302,5.0,29,28.11366747403339,34.69534981312075,56.391229633711525
22,3.4560705526658007,3.5228365720973494,4.930009333821037,29,24.416060021438373,45.00277156346279,40.383338520930565
22,3.4335808450803036,3.544447312322206,4.852599198382482,29,24.403393178717756,45.23990048181703,40.17299268676568
22,2.4793835477268815,4.395725463989135,3.7457079682587633,29,25.47124453967892,56.81305970355102,27.966659808143206
22,4.3520290866919655,3.5630094639783634,-3.5274285908425123,29,31.579052335907747,33.88553504644891,42.07905866223822
22,4.144220504143884,3.600399669771237,-4.744101122335446,29,30.19982532090159,36.27031144428699,40.32242214328915
22,2.6997186841875376,4.5959235639788645,-5.0,29,28.454477807195012,53.4782100707872,25.54048193639789
22,3.6897339671242353,2.922293992360543,4.0283297510900855,29,22.165956147758322,44.20764772363211,46.89493557858737
22,0.30295554069740327,3.1992037008058576,5.0,29,9.973498006905846,97.20887792302597,46.40786130891643
22,3.4505878312125033,2.884846854346743,4.934869464393449,29,20.205033621287555,47.43504756706244,47.02543244380879
22,2.2036342375135165,2.9898421568280353,5.0,29,13.837265299278528,64.72739814742934,51.66156464027005
22,1.5218986967015669,1.4785370029515734,5.0,29,4.483588434836349,84.18864970045078,71.29468046834921
23,1.5701807148441718,1.1000213271609576,5.0,67,3.6872944051316487,86.23021383209353,76.00244635752823
23,0.4581266384037036,1.9787263429609978,5.0,67,4.070265126223497,100.26009170044071,61.740425044824285
23,0.023983850490177233,0.9196769650074421,5.0,67,1.297921681511431,115.84323066127513,61.789459836304886
23,3.0443135901061478,0.0,5.0,67,9.289872577585001,73.19991381508338,96.69047976950893
23,2.6444421862727863,1.2220569210008052,-5.0,67,8.524384473203607,68.49410425985306,68.21865924331203
23,1.9407338009776782,1.9146580186058606,5.0,67,7.472355418092283,74.3055567554161,63.65635385669314
23,0.9236166543084807,2.652208159843657,5.0,67,7.8706824674129106,87.84764215935354,50.038554991617
23,2.9606184860122253,2.022197109825796,5.0,67,12.846555554641235,58.37385922388087,64.49925695133297
23,2.6657040832705396,2.6221794154741263,5.0,67,13.968795179198203,59.434162255421,54.09458151581244
23,1.8698522057720646,3.0510586243063074,5.0,67,12.854102201221576,69.86933575900994,48.004400384406786
23,0.7263902427354072,3.5990166109847794,-4.0577502909577134,67,13.456393577458238,87.94561174250583,38.897403023201015
23,4.016662856769887,1.920723014319836,4.878514046775106,67,19.996300212132567,45.27961610990543,69.24223800560823
23,2.9427878994635677,2.968671689105352,5.0,67,17.43625928587955,53.935892781986,48.34272662769509
23,2.5632264535184253,3.522185459861997,0.17317770550447698,67,18.94872384035445,57.49469258368833,41.20983822767344
23,1.8802251091962374,3.674711622308939,-5.0,67,17.020080491224086,67.64395809981299,36.75803228273598
23,0.627885997690531,4.3368657727352815,5.0,67,19.17964739720056,88.53982702972814,28.376721594986265
23,3.723399425463811,2.7614399738523705,4.220398767742875,67,21.503414145287277,44.472675710754714,53.86729436520711
23,3.067511168027301,3.428329062046323,2.37974200198828,67,21.18270290331375,50.46570826840717,41.790510494400145
23,2.637440734250779,3.66300256775687,0.003142037795887731,67,20.3930970769978,56.07583196408933,38.55594168340047
23,1.4649003082859071,4.65312855885336,5.0,67,23.774839372531503,73.06818963529034,18.968094198883037
23,4.651230504682116,2.6278526575543926,4.1572084125994095,67,28.85396616476102,34.153768548363736,55.55875204058305
23,3.4598694444487874,3.522059968768941,1.8478242357955779,67,24.419718467476613,44.93883897076351,40.37863501749976
23,3.433796575207052,3.5408812660666538,4.659326449668708,67,24.381966279655572,45.2484507642099,40.26039065291575
23,2.4702356716997222,4.398551778889047,3.5579618271097235,67,25.457273364521072,56.9628967795353,27.886038834459765
23,4.333694555518933,3.560832829886686,-5.0,67,31.41483236277917,34.084584046965084,42.39409388725613
23,4.130019559691132,3.605710825049056,-4.517824613085689,67,30.120740875972025,36.43147041949918,40.32606226319022
23,2.7061799706639595,4.590951584747815,-4.049914892446289,67,28.43979627621524,53.38236647526551,25.624446668889792
23,1.7434467949970778,2.504601355326284,5.0,67,9.364753921832687,74.51005699952798,53.796984373406595
23,3.7509554523116524,2.9170346896964565,1.1232329699414914,67,22.5664848447998,43.50760349078999,45.95653091138592
23,3.3892919346930475,2.765222902052476,4.280791303537091,67,19.162658075736886,48.765073858430995,49.76314785868557
24,1.1301268133741664,1.2359095302467902,3.408166536178264,25,2.796409090440264,92.83241230616181,75.97481603927596
24,0.3807172243740231,1.9565194103270411,5.0,25,3.924585060035014,101.80382731893515,61.78304482366506
24,3.11783163962319,0.0,5.0,25,9.722964010160283,72.34166995668366,97.95308444350938
24,2.582317900078638,1.654390671633371,0.4867428365447255,25,9.343603574372079,66.1454302573932,70.03874779280267
24,1.7379276825798031,2.4207444150097794,-5.0,25,8.955438805660616,74.79061984076877,54.572526211829036
24,0.9118145750607294,2.840894109665382,5.0,25,8.756433988194678,87.36763250048153,41.94490626827073
24,2.9674322495785836,2.0023727194328456,1.096869746689995,25,12.84439480166052,58.413265338933435,63.94290021530409
24,2.7376541179780034,2.498925285933994,-5.0,25,13.685701854763044,59.093214211995665,52.497277721257255
24,1.6301953802863247,3.3098226176634067,-5.0,25,13.681182611814963,72.84891495058578,43.723041923900915
24,0.8460555322075737,2.894523358740006,5.0,25,8.964174284269681,88.44652553926488,25.653080133246274
24,0.8377453024705501,2.9678907262329557,5.0,25,9.560291217222833,88.31851604159053,24.761284110566585
24,3.9502199316610276,1.9241797758049684,5.0,25,19.476736997257227,46.018537160217974,66.45602728336966
24,2.9860115617054706,2.9326165834621643,5.0,25,17.481646257283806,53.476867551741584,48.34254010313627
24,2.755880569292773,3.0165901020826746,1.9582149810537084,25,16.634029268344094,56.4554200018142,46.26276429170592
24,1.6964888745691669,3.514248320329924,2.16564808901075,25,15.179928793522945,71.15171969170368,40.0264113324515
24,0.5622763031331589,4.046180487269576,5.0,25,16.610427599440293,90.28723686923537,24.374375005163945
24,4.960919476118048,1.0497000579327775,1.2983985662391113,25,24.065660617573783,41.021756010197194,78.77054315226849
24,3.716855939903241,2.6551628091677766,-5.0,25,21.00838787689903,45.13907968987219,51.810439955713825
24,3.0021843369765246,3.380381101695646,3.829277342729041,25,20.44474185455863,51.55308883407055,42.40095026424291
24,2.5951134770103774,3.7106467503365264,4.688379820629834,25,20.561765943354047,56.57363252850149,38.935585573329206
24,1.5550307214320755,4.465271222566,-5.0,25,22.430810899538805,71.58795943221675,26.237562203688352
24,4.556968773872928,2.5195648563133672,-5.0,25,27.091297573286298,35.84068995256773,56.4980688007322
24,3.5939497622868903,3.5845434373272984,1.7644644152951905,25,25.82182278660656,43.01867214249077,38.264483269988006
24,3.5568564747719558,3.5948300082568254,0.14245741327440964,25,25.61256057213498,43.46051952152954,37.891169363247855
24,2.4301867260756453,4.2859944453905525,5.0,25,24.225047339007297,57.665987184811584,28.99298079293787
24,4.254255963158692,3.708009391708105,-5.0,25,31.50192573564083,34.66580767896087,42.57145523825218
24,4.14945818835893,3.5308331930652708,-5.0,25,29.768071155070054,36.37171636437613,39.830577341068725
24,2.6591079970826033,4.581259542529313,-0.6913570842411607,25,28.10606479279786,54.12463974611945,25.31582584316746
24,1.9129738221580117,2.167680656116377,5.0,25,8.36717665617672,73.32329892762084,58.269385660346714
24,3.0299969548553003,3.533259020028652,1.5966633146991702,25,21.695173709336203,50.64103841573742,40.849001729678626
24,3.5271475007828474,3.4737090006453237,-4.151039592216071,25,24.52056439478571,44.26574562031554,39.90407346592683
24,3.688926563801979,2.904497536323418,-2.6717462193652364,25,22.04733673917087,44.22030348983279,45.4177308619967
24,2.7041720687560784,3.4427591925337624,2.9148434755768813,25,19.155046119400346,55.70927642213713,41.49787733855177
25,1.4874687147456123,1.1762993081818895,-5.0,5,3.567769369223104,86.92198725018865,77.03764966577471
25,0.6108141957752364,0.3361930503286614,-5.0,5,0.3402592335016834,110.69400004997365,69.9592803776245
25,2.0628056242417134,1.768386275946146,-5.0,5,7.580747161008908,73.3167759811037,68.2397648639689
25,1.7437160045019573,2.4047700600365323,3.0762697230870746,5,8.876760437559298,74.84145452262933,54.20803544360414
25,0.8641066736156183,2.75012462738671,-5.0,5,8.471514073658728,88.58493365727085,41.681847894124665
25,3.148097670033107,1.8036103296452617,-5.0,5,13.26192780600353,57.36140057610146,65.28518960275355
25,2.709362322372016,2.493165303336939,-4.848525102185781,5,13.512838936073678,59.47541944149678,51.78610475408057
25,1.8422761540382604,3.0744824556828036,5.0,5,12.886946002160862,70.21396254921709,47.20202828717741
25,0.8220055267032669,3.404020448474732,-5.0,5,12.44709912692958,86.80172168222452,36.84423097129729
25,3.9533209581270183,1.8250297157276725,-1.6111209507588544,5,19.239700518641055,46.56574662306029,66.39696428426453
25,2.8507437612468225,2.796247293791012,5.0,5,15.958303911833701,56.02486470261452,49.72973724786902
25,2.7403432136952945,3.250361906515293,2.9780610656942708,5,18.071458006625335,55.72870315544944,44.45066483982733
25,1.910989971582557,3.6393628260894224,-5.0,5,16.85827309325897,67.29103978268046,37.217945789691036
25,0.5491354715684225,4.252119005779712,5.0,5,18.342326256858232,90.09110686019994,23.664928187205213
25,3.742001152674068,2.920267804071664,-5.0,5,22.57029010938461,43.435274651717776,50.1913804733253
25,2.997482222451157,3.380145024135151,3.3650835423388976,5,20.411966828199233,51.61807097435265,42.67500852193953
25,2.611438653821914,3.772043128081105,-0.5060949511477792,5,21.09382473317076,56.17172851627388,38.11944216235328
25,1.4181466838235126,4.378780068050486,-5.0,5,21.14237887162833,74.06002100130084,27.175467205871293
25,4.527731245333833,2.580780458323975,2.1356339672857843,5,27.125987089871348,35.8169908382444,56.43872194431726
25,3.5253260430112143,3.494111199073733,-5.0,5,24.6429208190279,44.229880364771475,39.924200205423574
25,3.5493028235240143,3.5576221760574405,-1.9023312305131062,5,25.28703175607135,43.68056229119374,38.74403241090288
25,2.448825438521939,4.358576041762774,5.0,5,25.008731946333747,57.33108922000835,28.467831379646082
25,4.243989230654138,3.7522104687748437,-5.0,5,31.556416331655623,34.70588470564627,42.85570942432023
25,4.1370662700423235,3.553365469866759,-5.0,5,29.845791380829986,36.45879423127891,39.89414176234567
25,4.5650728459907155,2.4580876715759232,-5.0,5,26.84634693146117,36.06429279560688,57.7648745838074
25,2.6799603606442086,4.557024982770158,-3.023716139900342,5,27.871472979980705,53.78124340929493,26.562438888767332
25,0.6902998919731316,1.742008836585602,-5.0,5,3.547161399671964,97.37667738671446,64.94845423831748
25,3.0162475930621993,3.4416922768967257,1.5847408340203888,5,20.948364430893225,51.116523640291874,41.8629227781764
25,2.8093713538669918,3.1882772242627864,4.149391459045715,5,18.050238066030964,54.99475178494612,45.17295039892324
25,2.4470366637679692,4.108495029484938,3.8373229636126336,5,22.86611947525283,57.80552771803252,34.5449171064802
26,1.6606944290646506,1.1770049820018367,-5.0,45,4.114912794316027,84.00575860990274,74.25694299736386
26,0.3821955765093077,1.7390030724351166,2.766988418023404,45,3.229430567870006,103.18718173396017,66.72817080640122
26,3.124995174869875,0.03039449291488583,5.0,45,9.846072443439994,72.08615640327886,98.42278230275288
26,2.491277090104661,1.660977050748269,-5.0,45,8.976752825362016,67.47579618230223,68.90278205445249
26,1.7523538922483597,2.3991633220995103,2.4226306808723352,45,8.878148638925662,74.76255936837765,54.51897567143574
26,0.8657156634889094,2.699392590783139,5.0,45,8.099474973177736,88.70397533212902,40.4473780264243
26,3.1732612056495,1.7881408855007528,5.0,45,13.266875157782223,56.98105782432117,65.57606727527019
26,2.7352793887324776,2.4802480991846902,-5.0,45,13.591054832024987,59.10964408375632,51.28158227950944
26,1.999511481108052,2.8646702975307536,5.0,45,12.232190231188344,68.53604462128699,48.969406987743945
26,0.8560204072867984,2.7321206038280055,5.0,45,8.2242098089897,88.69668893903288,39.50181519417187
26,3.91713777814585,1.754493280978796,5.0,45,18.60876511712693,47.55780832875482,67.23009977425386
26,2.9585339694037094,2.6643052851284366,5.0,45,15.852099017176554,55.02295237595779,51.36325855777424
26,2.652802715557888,3.3597728224294365,4.439820780797579,45,18.322787537854612,56.65756713053704,43.7057363949369
26,1.9052681203301192,3.6686572015636028,-4.617557743238552,45,17.068011695235448,67.27083173336389,36.946395638941134
26,0.5547407334059906,4.349710173800773,5.0,45,19.199501073822102,89.78964934271315,26.983399293948267
26,3.7131785844780083,2.822098633884116,-5.0,45,21.747952168364787,44.21359964502392,50.71226588693375
26,3.016833009104372,3.3604839856547097,2.395431130955239,45,20.390666421195277,51.400549249105794,42.463726887195335
26,2.6628518318528522,3.7837673005702244,-0.08644473764432892,45,21.44482432973999,55.361443395489744,37.615022185600516
26,1.5614481880838362,4.525518454601787,-5.0,45,22.93017897204918,71.40863213206953,26.712595791960727
26,4.58605148048442,2.559109381846304,5.0,45,27.568357382914698,35.20970180180591,56.958065043938376
26,3.5297771032985232,3.5125832509897004,-2.2222003321385806,45,24.828533118821326,44.04253441758931,39.453429915054
26,3.534464495897607,3.563968737807715,0.02312067799848183,45,25.235231881134844,43.82849127474024,38.59251790543061
26,2.439407544637448,4.382647316395331,5.0,45,25.16578050636076,57.434236959743046,28.11670546745309
26,4.247100238148665,3.702660664743134,-4.769484766438877,45,31.40773604363607,34.7140924421068,42.330226329157085
26,4.155889151770049,3.5378143143278713,-5.0,45,29.87809168195181,36.33530872035101,39.891670016223046
26,2.674222771193401,4.584113459435498,-1.264138635861745,45,28.217631512310383,53.846300393704304,25.375500407878643
26,2.9680929897882606,3.0094350689485685,5.0,45,17.832801655213135,53.5333258472447,46.7643110921241
26,4.869357206638,1.8681632921008406,5.0,45,27.303503221966437,36.138609284789766,65.81262364551925
26,0.6266120789278685,2.0745567997533727,-5.0,45,4.770496323924938,96.39411460041475,56.844299291160056
27,1.365085960474528,1.3518040711909773,-0.00642850307410292,29,3.784281233312896,87.85175183169582,74.67791149739458
27,0.40165473867683765,1.949093288631762,5.0,29,3.939906467706905,101.46256806303839,61.55063907626777
27,2.9957384404276075,0.0,5.0,29,9.075470321259186,73.92209159128686,94.83589406097539
27,2.588016418897443,1.6629591601279137,5.0,29,9.31983236431963,66.0360462007971,70.16273394633185
27,0.9468350854741042,2.2728484470382386,-1.358965578019946,29,6.205805768155692,89.34766721240318,58.484257159405196
27,0.555344602868173,2.6908718770014532,-0.788012269506928,29,7.5274958094271724,94.39653513439538,51.61459802911708
27,2.9785579935779394,2.0339405956558294,5.0,29,12.992312474029045,58.063969748754324,63.43639266049804
27,2.8452909318482096,2.2867113369389958,-4.553831235402722,29,13.255690732293,58.55876697967003,57.32836659130743
27,1.7395819307070264,3.144086805498932,-2.8737586471664156,29,12.866260653733494,71.66931202279342,47.83587650946784
27,0.9697354148875341,3.4539372385119345,-5.0,29,12.841927134591401,84.17681102889341,35.600705799117684
27,3.878404858923057,2.0288414969678086,5.0,29,19.21230678959637,46.19312527244597,65.0993230253078
27,2.9807930187703153,2.966179960636681,2.5722586292702,29,17.591645912884267,53.45608242612725,48.1958686685348
27,2.6220265192627803,2.518926755843243,-5.0,29,13.190454028795228,60.61660987072741,46.4534360253402
27,1.878625213332873,3.6713223813434026,-5.0,29,16.986119673204517,67.69354237729493,36.736591127401695
27,0.8279687187897808,4.218483827925522,5.0,29,18.51541734504859,84.66022608171744,23.683278486026847
27,3.5510525315230437,2.698855717978838,5.0,29,19.966082767664894,46.90725656119899,54.36944738803163
27,3.065272875859399,3.423894939049478,2.8471161491765864,29,21.128740582096558,50.536849171356366,41.7805874372857
27,2.417125197820777,4.260865210999,4.404387423692274,29,24.161511238807197,58.0009760322301,30.29880344829982
27,1.6187625190157386,4.499092448108054,-4.8637830945216365,29,22.83730852961181,70.45118150413366,25.83904535428133
27,4.559777745725925,2.590800140932681,2.199647143673827,29,27.527964310118456,35.3802998977347,55.3582953105097
27,3.453819838220155,3.5109313264728765,2.3199672866120693,29,24.33259529550103,45.04231338445212,40.48246983215112
27,3.0399358638590126,3.8369856864260523,0.7237883142163524,29,23.92859215005852,49.71080980951274,37.5216317518599
27,2.420928961587933,4.376869061537701,2.5850249315673013,29,25.034726159114538,57.74559501880928,28.19045606991283
27,4.85734661836167,2.855367785322605,-5.0,29,31.694166580295352,31.25117300083646,52.175636107583784
27,3.197989538105699,4.6322701876725825,5.0,29,31.346250392198314,46.87890128176886,39.35587379950517
27,2.673814384105016,4.600357423053524,-5.0,29,28.367054389246007,53.861062774339565,25.487832297730733
27,3.331225807158678,1.7398538450232293,5.0,29,14.12913040288208,55.18119284796636,66.47231101349018
27,2.3759290556811825,2.521596591947991,-3.813711070808032,29,12.027418357828633,64.4271970833321,50.963858911791625
27,4.047559981374803,3.6039292178436675,-3.3848019527879867,29,29.454692976486953,37.41395713786096,40.7386379391532
27,2.8442267056600623,3.417872604527532,2.460341723451048,29,19.753056145857506,53.66356616247171,42.41930106690668
27,2.4412146753779203,1.7791995424440477,5.0,29,9.004451553519703,67.47121326587543,68.29610650648293
27,2.4018966120598186,4.0199269225856895,0.6883094099933214,29,21.873832746763334,58.735725710509556,35.18920599005646
27,3.8207096448151328,2.838401072322674,5.0,29,22.573557119423292,42.89786890860162,48.00313150112205
