iterID,x1,x2,x3,x4,ParetoFamily,Pareto_f1,Pareto_f2
1,-97.2554888926274,53.917866197467106,20.007961331089533,0.8993383994160661,0.0,0.06178495209516069,5.754868063643142
1,-97.2554888926274,53.917866197467106,20.007961331089533,0.01223667772421555,0.0,0.062403193708005844,5.744001270450194
1,-97.2554888926274,76.29028121550152,20.007961331089533,0.01223667772421555,0.0,0.06453211140373971,5.738511713537042
1,94.97941611642227,76.50864119056827,24.879472349593375,0.4175684211019256,0.0,0.18754013825714128,5.733209638288421
1,85.78821770799325,76.23388242730867,24.957845221049375,0.4185561639243187,0.0,0.18939210949916677,5.719925977642976
1,92.8739984819156,73.30002380618177,24.976462944800303,0.04848038417681039,0.0,0.18953362120313189,5.7016367863266995
1,93.020976606229,76.6667520381018,24.979898017442288,0.6738290609015567,0.0,0.19106035658455786,5.68740641370415
1,93.67522478657045,76.6667520381018,24.979898017442288,0.6638648629646151,0.0,0.19107070883394953,5.6860113788349915
1,93.64934090924896,76.6667520381018,24.979898017442288,0.6716957094793747,0.0,0.19108862432326895,5.6859393819445545
1,95.89386764010979,79.58765238456265,24.979898017442288,0.6738290609015567,0.0,0.19143511773258076,5.678949670430959
1,93.65523370428866,75.98752347920585,25.05010304365383,0.053434546889919554,0.0,0.19200510868007192,5.665319341239982
1,93.82377210907427,71.66970052818505,25.051485592157718,0.3879742904133555,0.0,0.1922891014003696,5.661044137913466
1,83.91005642790913,52.30467497721755,25.16087174484149,0.23399956209091877,0.0,0.19338264711941217,5.649527351520156
1,97.66361821906605,84.31587483341474,25.024750603782174,0.8427335341714225,0.0,0.19372120773789556,5.6492276535245045
1,92.8083272294615,77.23703346312993,25.070846889120673,0.9767160035971032,0.0,0.19476002256534747,5.641606386669443
1,83.91005642790913,74.78134239413589,25.158373065010636,0.23399956209091877,0.0,0.19498733006564964,5.638920572132577
1,93.020976606229,71.16298698487813,25.13032659331202,0.6738290609015567,0.0,0.1952926387757356,5.623669428815639
1,93.29911505818441,76.74520101918095,25.1290977709609,0.6738290609015567,0.0,0.19569565153535876,5.620594874386758
1,89.60565205460514,52.34861127421169,25.22624536481738,0.5105435189514678,0.0,0.19624168261818817,5.603133448783842
1,92.05371494554342,55.44041252887442,25.24669104595719,0.262481095279215,0.0,0.19675391803378106,5.591489409433973
1,92.05371494554342,73.26241990089386,25.24669104595719,0.262481095279215,0.0,0.19810922576969217,5.582645204386633
1,93.98274390138454,73.02022439441669,25.227489714782457,0.6738290609015567,0.0,0.19852865296945293,5.579258719407057
1,93.9148392992885,73.46744770945416,25.24132461221616,0.6738290609015567,0.0,0.19899517596807445,5.573445230022688
1,94.84888207907764,85.26600289846289,25.227489714782457,0.652658833971983,0.0,0.19943612966523494,5.571784853748978
1,99.01088625707717,85.24184091186527,25.227489714782457,0.661358945663059,0.0,0.19968008948125263,5.562961455187252
1,99.01088625707717,86.28041696854423,25.22670455444695,0.661358945663059,0.0,0.19973206906424582,5.562783571036662
1,98.44175954973522,78.1624380882563,25.28221769031458,0.3139282226168017,0.0,0.20002107888070333,5.551731508828361
1,97.98883553069695,76.55417824779384,25.321980440753173,0.38086991495848077,0.0,0.201268137094019,5.536373084692495
1,91.6417351116263,73.62465570205103,25.412752651629315,0.262481095279215,0.0,0.20333568985111036,5.517428246915444
1,95.53015475688261,73.02022439441669,25.397310878072066,0.8584353231102803,0.0,0.20454560968030888,5.5046882871107625
1,85.46485660776429,76.71640911863125,25.474040576397115,0.4673431603107936,0.0,0.20566638536619072,5.5032543366539155
1,89.12653276481228,81.19044238446388,25.478282003028053,0.18641788063074743,0.0,0.20567347522016052,5.496805406329089
1,95.37497427446266,74.57221949180965,25.478278104218518,0.3850933575029286,0.0,0.20595507688838507,5.482874160125807
1,98.44175954973522,77.9111298451491,25.438234430142437,0.9789464387751438,0.0,0.20679024696986487,5.479269589878211
1,94.54956093116482,79.5629064725319,25.475859048162803,0.7090293497786343,0.0,0.2070703530374342,5.47732573286525
1,83.9906679272049,69.67215183536612,25.556413013855476,0.6738290609015567,0.0,0.2082968253513977,5.4756254917325915
1,98.44175954973522,77.23656263072877,25.49192369569147,0.9767160035971032,0.0,0.2084717925919615,5.4599562239586925
1,98.44175954973522,78.59296889189555,25.49192369569147,0.9721137257486718,0.0,0.20856190321803791,5.459507486269402
1,98.44175954973522,77.96182742016896,25.536215774206134,0.6723989125838501,0.0,0.20899024904729488,5.449873733210064
1,92.83750996325736,64.6505541118355,25.636614607885264,0.4063345727758572,0.0,0.2102316102776104,5.4352796254021145
1,96.53469244628229,68.66451880275255,25.636614607885264,0.6600841377352111,0.0,0.21140971551203086,5.422399998479374
1,93.53355814332903,64.6505541118355,25.658453684771217,0.9039840888162431,0.0,0.21243842982663871,5.417162641119601
1,93.53355814332903,66.54715856523403,25.658453684771217,0.9039840888162431,0.0,0.21259132256690533,5.416512925437084
1,92.8739984819156,67.58551662554896,25.658453684771217,0.9693593745078354,0.0,0.21287144538055097,5.4161424848515365
1,98.42473140585255,66.75498519037387,25.664956823497167,0.8998527303649695,0.0,0.2130399865562322,5.405870861647196
1,83.91005642790913,73.02022439441669,25.797861608086947,0.28542447816037275,0.0,0.21539496138050088,5.402206496175162
1,95.11015208185688,77.55774090851224,25.773123528772935,0.29146045586325214,0.0,0.21549343020573059,5.38641114304127
1,95.11015208185688,77.35463565782834,25.773908689108445,0.3386740855593382,0.0,0.21562143262507197,5.385286176668955
1,95.11015208185688,78.39321171455538,25.773123528772935,0.3386740855593382,0.0,0.21567191906751174,5.3852761050120055
1,91.6417351116263,73.62465570205103,25.805138701203525,0.30113521131372123,0.0,0.2161053646784367,5.383716951062104
1,93.74684908274818,77.67083766416026,25.797861608086947,0.269204249050932,0.0,0.2161908950896577,5.381840358588878
1,94.97941611642227,76.50864119056827,25.823255582349,0.38357372737029033,0.0,0.2172947077770306,5.370373219630414
1,87.44609132453894,77.96724711991088,25.906158755748336,0.2522324393712913,0.0,0.21943058068011131,5.363331645365151
1,87.44609132453894,77.9782042589402,25.906158755748336,0.2522324393712913,0.0,0.2194313673144356,5.363329931298442
1,85.78821770799325,76.23388242730867,25.966473413010977,0.4185561639243187,0.0,0.22168376627109151,5.347668688207857
1,98.73115243305074,77.5342176278474,25.969327698702166,0.3133653439984958,0.0,0.222226683385909,5.327067954656766
1,97.61026745877552,72.5343827707562,25.957016431827228,0.9767160035971032,0.0,0.22351963317872334,5.318489784738164
1,98.44175954973522,78.64043397573099,25.969327698702166,0.9463923576277551,0.0,0.22434425360992394,5.313864513409393
1,89.81415475871935,59.09495666293,26.115338310063827,0.2441198829852464,0.0,0.22512381060639064,5.3090049538320105
1,92.93216366997558,77.59376894437186,26.046772487348917,0.948591219468194,0.0,0.22665063155381623,5.303096689782514
1,98.44175954973522,77.55346676222388,26.04579239914691,0.9418320023976177,0.0,0.22684679478169406,5.295605257072802
1,93.14263514981053,76.20412260954775,26.098734223401074,0.8260933801263763,0.0,0.22786452654797662,5.293507251709323
1,93.15685890262318,76.20412260954775,26.098734223401074,0.8260933801263763,0.0,0.2278651962939209,5.293485087081429
1,81.8496815384448,70.88555037224532,26.24188463768173,0.46668690741347496,0.0,0.23060404386401429,5.292378415861765
1,90.91559914015056,78.64043397573099,26.212922869490484,0.9463923576277551,0.0,0.23235612642848533,5.269989176209826
1,94.19965853700097,78.25726319630049,26.212922869490484,0.9478729891067051,0.0,0.23248495193493457,5.2649667949634065
1,98.44175954973522,77.60239128087984,26.212922869490484,0.9463923576277551,0.0,0.23262406398721422,5.259770116129509
1,98.44175954973522,77.59376894437186,26.212922869490484,0.948591219468194,0.0,0.232632240008275,5.259720690660341
1,98.44175954973522,82.91386030490287,26.212922869490484,0.948591219468194,0.0,0.23304896814117773,5.25961581190566
1,98.96318565549583,60.24866538923621,26.288446788656866,0.8166108334751426,0.0,0.23335710047474642,5.248281515386017
1,98.96318565549583,60.24866538923621,26.288446788656866,0.9168267992093764,0.0,0.23373966315623815,5.246055492308347
1,98.96318565549583,62.56411359343519,26.288446788656866,0.9168267992093764,0.0,0.23393361196040915,5.245987471256632
1,98.42494379044342,77.59376894437186,26.325094654572606,0.948591219468194,0.0,0.23654109554184982,5.239355883623332
1,98.43921720305391,77.59376894437186,26.325094654572606,0.948591219468194,0.0,0.23654174891782379,5.239342046280127
1,92.01212289562878,53.917866197467106,26.394676488613122,0.9567163134486232,0.0,0.2367852840371086,5.234423933994296
1,85.1877957100173,82.81623245808046,26.671212760019642,0.17402417160114475,0.0,0.2457153578505147,5.230191566020442
1,98.66839743146326,78.62481371164412,26.66166530611425,0.372657385673963,0.0,0.2463465190727993,5.208789458204205
1,97.69353271634142,60.85703926301921,26.797973248482847,0.24059292098103247,0.0,0.24934034779809533,5.196256446155265
1,89.97176063885789,60.897233322511354,26.797973248482847,0.9383259140085665,0.0,0.25164056039997773,5.186515395589255
1,92.8739984819156,66.75498519037387,26.798494003316833,0.8998527303649695,0.0,0.25210162278028964,5.185389504561702
1,91.98920044698403,60.939356424649816,26.90011022901983,0.9421423947555224,0.0,0.25547137822535626,5.17584715202694
1,98.44175954973522,77.68723584807661,26.908001667851302,0.9420741241481935,0.0,0.2574244439963282,5.175592063039447
1,94.3132073730122,76.7120481684578,27.07344278151134,0.8444960674056686,0.0,0.262822283355805,5.172558412411033
1,98.03809510123048,73.9974801339946,27.11077128588421,0.8503222884262307,0.0,0.2641731503124586,5.1680964818918245
1,90.59575517380713,73.43748999453847,27.61086350976247,0.8389512134474686,0.0,0.28269380974735886,5.167901584897186
1,89.85093110584313,59.13515072242214,27.689318997732116,0.9408016796846472,0.0,0.2849780589357624,5.157965026615929
1,92.8739984819156,66.75498519037387,29.386787544898425,0.8291237269929382,0.0,0.35448594915094445,5.1395545835073015
1,96.55612441074965,59.09495666293,29.718818295646695,0.2441198829852464,0.0,0.36468661219545273,5.1358023545326175
1,94.79372333214329,77.52675399328311,29.6416097663299,0.6277790141479641,0.0,0.3653142757109228,5.134712110912577
1,87.13292449642438,76.61605446308194,29.711185627722827,0.9786581625306496,0.0,0.3702419539701947,5.119359455357245
1,93.020976606229,76.6667520381018,29.83074530786606,0.6727523841475049,0.0,0.37368360672984924,5.11923019609511
1,94.53578504293606,75.07198820564112,29.92953094880329,0.5237787078062582,0.0,0.37697194077944995,5.117046545573778
1,86.249548050269,70.04245680418882,29.986257604362443,0.5376672993894133,0.0,0.3787512314321536,5.112846554455292
1,94.26980951836873,73.04671803656188,29.988037011934516,0.6375981627830043,0.0,0.38005635606442095,5.1087605785020465
2,-27.3534229253723,50.82574515455182,20.07445800949696,0.014843826119874212,0.0,0.07667882934120346,6.650604235765231
2,35.77562433582278,59.977050521981354,20.185453110892283,0.022672960089352698,0.0,0.07779746025484136,6.6415279143539045
2,99.29181133018392,50.9995496668076,20.405962121087914,0.005554362153073931,0.0,0.07927639907143703,6.599283612133183
2,49.139128069928034,54.327453666389026,20.896005885174564,0.016377842124012314,0.0,0.08490694950722684,6.559259575758233
2,26.221088110948415,50.424467357914864,21.00875724334222,0.0026602392793148803,0.0,0.08608637160999914,6.543174348474515
2,24.38427727733712,52.603253110242264,21.445615352718384,0.01497546509806387,0.0,0.09277395834030877,6.496337027953744
2,28.427140641666597,62.95179843626966,21.51439075434356,0.001137003002229492,0.0,0.09411387137849059,6.492149327494282
2,38.75394639553403,52.24873656904896,21.632450732633977,0.01335362823915617,0.0,0.09595418471980253,6.470481791076003
2,70.93532563665099,50.49033000983503,21.65231604173534,0.027102203896267718,0.0,0.09649206168937109,6.465559394356491
2,-98.83671073333416,58.28172151375829,21.91707014998028,0.021652024961090754,0.0,0.10106531267740271,6.459019307541187
2,-4.176016097117838,58.634301450566824,21.912858123326355,0.009572258520475992,0.0,0.101104843189669,6.444002458047025
2,16.207491737187937,58.00315565961384,22.047268819583753,0.02550029318665642,0.0,0.10390244349000068,6.426282621111569
2,-17.82527939997425,52.78659950558363,22.075613145244795,0.011135399551028763,0.0,0.10409181524547814,6.420099797572731
2,58.268178190695124,67.7220874386762,22.206405568992732,0.003014105443324821,0.0,0.10740015796820196,6.401686172965666
2,0.23994246767119876,69.16832345352053,22.277853324543166,0.0014143984612352695,0.0,0.10869545632487038,6.400187583260779
2,-27.3534229253723,50.82574515455182,22.362020907018945,0.014843826119874212,0.0,0.11000184866960329,6.381335229346626
2,58.268178190695124,58.456906286937034,22.408798048668984,0.042686823944790724,0.0,0.11177378607073582,6.375080311723496
2,65.97277567490252,52.783744158962655,22.523020176241705,0.042858641898076845,0.0,0.11419349704940586,6.353799045796989
2,65.97277567490252,69.14922207413998,22.66127147726925,0.042858641898076845,0.0,0.11774821924642445,6.3459280047215385
2,53.33788068359755,50.13800841664794,22.71124406638089,0.038020434186894214,0.0,0.1183375199918745,6.325267424968569
2,58.303194814402076,56.99698885134057,22.90275963820244,0.03619205652397604,0.0,0.12308003838827104,6.301077377966313
2,36.199994283856284,65.72565945373495,23.02496237741034,0.023794756902321874,0.0,0.12609400894047995,6.28937770069533
2,15.751769681995611,54.72680048315626,23.10073430161325,0.017465375033016577,0.0,0.12759464975915402,6.271297227522432
2,57.502248815531146,57.017855650172905,23.222004051760795,0.039717244029800945,0.0,0.1310424550422171,6.2537017336404395
2,4.843282965222102,64.93168920452447,23.391170514765978,0.0014143984612352695,0.0,0.13516379049631422,6.232582722461886
2,-69.1432158898424,54.69935341624477,23.64213955442314,0.0722759557265518,0.0,0.14178089234929825,6.207339088883306
2,-41.90236716884434,56.89370069365904,23.92696956151037,0.05325646582305517,0.0,0.14970311331175307,6.1558334592083614
2,35.309427050914564,56.421694014120035,24.038456790572244,0.1255180011422333,0.0,0.15338634610831325,6.143225374038491
2,35.309427050914564,54.80050074597726,24.05630558500595,0.011798464190720472,0.0,0.15339459011335962,6.117497111592491
2,-98.61110482755618,61.32458719251515,24.190857027802224,0.016234127177963596,0.0,0.1571607566900155,6.1160077741334815
2,35.77562433582278,55.07319195293311,24.20299681464558,0.02282595726487978,0.0,0.1576783434089142,6.095311988258004
2,27.15520843011734,50.10520621039318,24.260596478139398,0.0031084108068641994,0.0,0.159153813661931,6.080144914703358
2,40.28787649753346,54.80050074597726,24.384536225698998,0.037584113988547184,0.0,0.16307009813106393,6.066872600293156
2,57.21294142319363,50.06433995111652,24.432352763330602,0.012400798243804193,0.0,0.16436666938493286,6.0498296649563965
2,41.78924263903454,50.068268215731536,24.53681938200394,0.0008570389072876244,0.0,0.16741256048445408,6.032230426885689
2,-36.156911299434654,52.32635400264102,24.67360824400174,0.07000427520255412,0.0,0.17165733421090798,6.02917332656174
2,36.39437461322714,52.32635400264102,24.67360824400174,0.07000427520255412,0.0,0.17179514041642618,6.022071561832082
2,11.255267220775352,61.32458719251515,24.794944354851005,0.016234127177963596,0.0,0.1755128194410893,6.001834515828541
2,39.510103074530804,69.25624960140767,24.903626788253135,0.02773535001705367,0.0,0.17911954522563342,5.988185642737585
2,36.39437461322714,50.468093560689454,24.969025010575784,0.06160382577196501,0.0,0.18087978139893524,5.968410094799314
2,40.209643224257434,69.67706313011459,25.0943034932725,0.04420530938224938,0.0,0.18518363774372934,5.958154383564684
2,-85.50481079081712,58.505248377957926,25.104186945470747,0.0010851666266218675,0.0,0.18520642256745568,5.954043415374435
2,-17.82527939997425,52.70446860633869,25.19343195690589,0.010052328912749814,0.0,0.18794214978043422,5.928533732493573
2,-98.61110482755618,50.10558696187486,25.29824755781965,0.006431857573280277,0.0,0.19138610757647762,5.915603755588267
2,10.254372941541504,53.99266004966536,25.462766165007267,0.03276490169776112,0.0,0.19683198625194537,5.882567922663403
2,51.84723417233894,53.99266004966536,25.462766165007267,0.03276490169776112,0.0,0.19684001639054396,5.879161924745846
2,48.361784283011076,50.10668757678269,25.550726981553893,0.02138352628502635,0.0,0.19966670581159962,5.859539767875699
2,0.6365806625007622,58.00315565961384,25.68203933375522,0.023540326567595,0.0,0.20428264362780504,5.846365015957555
2,36.39437461322714,50.053057579180475,25.753528183731923,0.04239777262222619,0.0,0.2065205073471246,5.82718831284206
2,35.69840222832917,50.053057579180475,25.790185379745843,0.03142888595667234,0.0,0.20776740631346868,5.8192827241292875
2,40.90109345382538,50.053057579180475,25.906102444861492,0.04239777262222619,0.0,0.2117539190014049,5.799612557494205
2,78.75197923625063,50.246625983414766,25.908443722127483,0.04239777262222619,0.0,0.21181409066455864,5.796744854019287
2,-6.8547524368810855,55.479135090300936,26.047268206201863,0.06320259254146386,0.0,0.21689630329838122,5.7846993979159915
2,35.69840222832917,50.11361705708961,26.169449465462232,0.07568781867946509,0.0,0.22098670276075477,5.757259958739087
2,35.69840222832917,50.053057579180475,26.169449465462232,0.04089557524179707,0.0,0.220997319744191,5.75248444093315
2,96.78668823067028,54.96711137956015,26.311220370599564,0.044557410684127774,0.0,0.22605457030660928,5.727666579561376
2,99.44609555589145,54.987984639991524,26.318753926092803,0.0059473025939373175,0.0,0.22634016335764803,5.72170860591214
2,-6.8547524368810855,55.65756527010886,26.49069532640099,0.10770432614360272,0.0,0.23284867036156293,5.71092395120734
2,-85.46013566975552,52.623216614767465,26.49388045682765,0.0055643960293528805,0.0,0.23341826151177442,5.700311637021243
2,36.39437461322714,52.552375097670414,26.548860753685382,0.021549296233130514,0.0,0.23483403682701998,5.683729150882637
2,35.69840222832917,52.75226301749896,26.700634887976378,0.04089557524179707,0.0,0.24047478904057792,5.658499016521846
2,36.39437461322714,53.69335746197814,26.80159943545669,0.139864555406802,0.0,0.24414740668391233,5.655664242376884
2,39.6798937573794,50.16040320595727,26.802697832897213,0.00892646640759115,0.0,0.244288703398647,5.634496244864455
2,14.621950001041668,52.17906356020842,26.943209117354865,0.03501623396334697,0.0,0.2498062792078346,5.614318798756541
2,36.39437461322714,50.73927254423122,27.015963631374657,0.021549296233130514,0.0,0.25247629103788816,5.59753128558608
2,53.97638509089907,56.941326322414746,27.077572778069108,0.0368705178914994,0.0,0.2549067943232675,5.592231775798252
2,36.823575839446505,50.16040320595727,27.142157745754957,0.010416897768282692,0.0,0.25739907914298965,5.573162558727293
2,70.6131277271763,52.038897373091245,27.258428603138036,0.012624489299475981,0.0,0.26181328187161607,5.552408388309614
2,82.70539077918568,55.13011228951473,27.302897799955915,0.050356161189410165,0.0,0.26349369938152023,5.55018599942517
2,32.1773370284273,55.07319195293311,27.370334097381956,0.02282595726487978,0.0,0.26659193695341765,5.537018382361345
2,79.08021664148032,54.791052972250554,27.45713891582506,0.14734921262956496,0.0,0.2693821203967833,5.536414863987318
2,35.36672117811736,50.16040320595727,27.48118806198746,0.03731478169262836,0.0,0.27082973022272977,5.513779933278533
2,61.59498273393362,50.20248267989287,27.61223257485012,0.05141142099899345,0.0,0.2758931279946686,5.4904910441037345
2,-96.90696572646156,53.54941313165002,27.64196809754136,0.0055643960293528805,0.0,0.27889762120266265,5.490279271112906
2,40.2911053808798,59.977050521981354,27.71961884085041,0.06690958285317138,0.0,0.2807352279485491,5.481996975136619
2,-42.03055842702934,57.56724044985198,27.75587589772738,0.025508557569827936,0.0,0.2831069656298103,5.471853728908242
2,32.53206175060143,50.41207148949095,27.84565637200146,0.02282595726487978,0.0,0.28584656485335536,5.446560856269341
2,35.27094870300141,58.405833775318214,27.9685343494313,0.0055005950238575935,0.0,0.291307703609894,5.430196740468898
2,82.38147628451955,58.570325920792484,28.04944500663164,0.049688635799225285,0.0,0.29408293184331186,5.418250427400196
2,98.50493808790094,50.16040320595727,28.18586165534274,0.08231798773673371,0.0,0.2992316431571489,5.389213345337507
2,-97.41336984634154,50.131754954451644,28.247370145961586,0.09054261727199758,0.0,0.3040660232216626,5.38208469048451
2,-12.747562897140341,55.31987332455506,28.35679606850826,0.018573837771584913,0.0,0.30823590159644587,5.3590588493725
2,-75.65838287147689,54.32689163455958,28.446552634133152,0.03527639201480687,0.0,0.3128470247509459,5.344109454382305
2,59.11317043018195,50.20248267989287,28.664548864255494,0.05095564188334133,0.0,0.32029576448132857,5.300256364620417
2,92.81622277600397,53.70345931264972,28.76002885457903,0.00023826444731955831,0.0,0.3244513716420028,5.283555465647698
2,59.211948251063404,52.734895085408674,28.83987375859851,0.02924213295015826,0.0,0.32816412952302965,5.269907625556976
2,35.802448675223445,52.67797474849993,28.85451020217012,0.02282595726487978,0.0,0.3291454167045792,5.2669384101055
2,59.211948251063404,69.10293816560892,28.97628845201055,0.02924213295015826,0.0,0.3349073648047089,5.261874693747722
2,99.41985836352342,50.572590967721915,29.017338308369588,0.0059473025939373175,0.0,0.33544002008709894,5.235606581159334
2,47.941915103141866,50.10668757678269,29.087228335725882,0.015123899451881265,0.0,0.3391265762888348,5.222954747010592
2,-98.41520622208893,52.326731450759176,29.112005116597985,0.04438083642670838,0.0,0.3424185384870526,5.222226565889398
2,4.4457373565851555,51.8924467215272,29.215802876479735,0.005420074966317169,0.0,0.34559651307182787,5.201591570705751
2,99.90047189668076,54.4282792317296,29.32038514269326,0.01582735257180587,0.0,0.348905401475021,5.186836943606684
2,98.50493808790094,50.16040320595727,29.454354984106423,0.1075975597955724,0.0,0.3540403925582631,5.166472872870591
2,26.71298340678024,50.424467357914864,29.564655813911834,0.13439235897166185,0.0,0.3598057981383966,5.149200087492931
2,36.8687126028548,51.749618249670945,29.600464313906336,0.00011540736957026815,0.0,0.3621804323119885,5.13450474791527
2,40.017371052054585,56.38825016791903,29.75202371056901,0.11846311463600095,0.0,0.36833303125364447,5.121100552889166
2,-85.24023276039365,52.326731450759176,29.790205973958688,0.04438083642670838,0.0,0.37242687919257,5.101722408323444
2,-97.67959470389556,50.434019073765135,29.86940131757372,0.07390191232239146,0.0,0.3758404785918583,5.087247472725236
2,26.221088110948415,50.424467357914864,29.989372922308224,0.0028152550122016676,0.0,0.37946480728787546,5.066391767309208
3,-74.37646722763755,79.33509465872723,20.02573409603478,0.0025437094484723755,0.0,0.07613188336715312,6.667951334223469
3,-74.50155194820543,68.55644545709274,20.133377526179057,0.0164248761034351,0.0,0.07792430312115711,6.657294072898602
3,95.83036513350694,58.08652020327898,20.167839177460454,0.017822001850652913,0.0,0.07877525297596805,6.6398855776951695
3,16.654187135750774,55.25885947422366,20.362492412298657,0.01689390498438445,0.0,0.0817476068218856,6.60571338592136
3,98.82444803215583,55.25885947422366,20.467233416116336,0.01689390498438445,0.0,0.08341544891901351,6.5838049584773
3,91.62391953498516,52.8005996579225,20.651727361646348,0.03518684566805004,0.0,0.08636931353043972,6.568334661453781
3,88.12051776323389,56.23339869430916,20.735153979722224,0.009760390315981452,0.0,0.08760892235520991,6.531535217418371
3,41.448485841665445,70.76619168981546,21.06430986746769,0.002676346811680393,0.0,0.09270849625932322,6.48433166912294
3,-1.2703314107810826,61.27797482656426,21.231021609930803,0.03059817708963855,0.0,0.09565180647210729,6.4819320768573885
3,-9.1066325235537,55.08546234024466,21.272313666865468,0.026691250565204494,0.0,0.0964312392309596,6.46852563277876
3,59.66983109637184,50.303831646967296,21.274218037918253,0.004273871975649046,0.0,0.09658362953991567,6.436350891024248
3,-54.95022937347597,53.47947620047552,21.460278638987745,0.00429295939390343,0.0,0.0995916381148178,6.427058170342594
3,41.448485841665445,70.76619168981546,21.613144569045325,0.005237262246391344,0.0,0.10219460607800064,6.40141878190619
3,63.68903777172383,59.58143107687051,21.79823983658785,0.0011804464864159092,0.0,0.10575320450864348,6.3574394606322135
3,69.44329567310169,88.80209555116483,21.987128918703434,0.0032420416206645486,0.0,0.10882743536009135,6.352128051545744
3,68.02145404474595,88.25119546436548,22.096200618056407,0.007703685865911747,0.0,0.1109427997143896,6.339907159243436
3,86.76325622077147,73.33729493489706,22.096200618056407,0.007703685865911747,0.0,0.11118731432571005,6.324414522214299
3,88.07600632207664,53.29475327003946,22.096200618056407,0.007358381034411908,0.0,0.11151429182270906,6.307976574483639
3,73.06350731793125,55.476490924338904,22.2515254605113,0.026691250565204494,0.0,0.11456248714451595,6.305141053351157
3,-14.966958993193629,53.29475327003946,22.31983475143671,0.010151857075741531,0.0,0.11585971854021282,6.297725783076725
3,88.27194479854978,64.52788855537419,22.3847190110436,0.00860280214590299,0.0,0.11707027258567906,6.27400434755103
3,73.55099549486988,55.476490924338904,22.501988015100046,0.003279585820727269,0.0,0.11961938019132422,6.247300163884957
3,94.86115380409618,54.880060463709896,22.58705827522928,0.002847885150211159,0.0,0.12140211295287046,6.228916343862277
3,89.75784900677473,62.82796254143809,22.695141036484753,0.00878713084356355,0.0,0.12358223100457541,6.225581159554631
3,59.305955747638706,50.9066219282686,22.732565001410563,0.0011530075780623057,0.0,0.12456196215098352,6.210469558250415
3,44.51210961716208,65.72313512564627,23.04426666755108,0.037046144565210076,0.0,0.1312954116045045,6.2102871358772385
3,48.15355584389417,56.022545915047665,23.088454732000983,0.03709387536012776,0.0,0.13244489562479916,6.1934367969443
3,-65.8696452095495,52.73101380069033,23.13085844520512,0.0015717484909358592,0.0,0.13325361566479738,6.189799085968537
3,-65.8696452095495,64.70994609917712,23.339289629174186,0.0015717484909358592,0.0,0.13799352163022105,6.172286679444016
3,-65.8696452095495,56.56239203673118,23.339289629174186,0.0015717484909358592,0.0,0.13809165948906865,6.164577678496296
3,92.36403696352832,90.3012410381229,23.37460669946873,7.444192105026184e-05,0.0,0.13852701479025953,6.1414274364105115
3,94.85600207476267,61.146665452473236,23.365285631193785,0.001409043609806386,0.0,0.13875683209975936,6.11618854422418
3,92.09733042783765,61.17222241253934,23.396977794260295,0.001036576699006182,0.0,0.1395160579050946,6.111946933055759
3,41.13578184752731,63.1573804808414,23.563237755009002,0.004633662232329536,0.0,0.143558834452526,6.107423596548652
3,92.36403696352832,63.1573804808414,23.683878047927294,0.004106853811234549,0.0,0.14652058767621162,6.0734067916705
3,99.23319827086286,55.49669849583118,23.91744267780468,0.00316390551410883,0.0,0.15255273866126098,6.027871477935132
3,92.36403696352832,63.1573804808414,24.106021632385183,0.0025304460743023095,0.0,0.15741385596607863,6.008719344541058
3,86.8035074450903,62.73091984139488,24.137526608858924,0.0025618152605558246,0.0,0.1582666840224681,6.005457904213265
3,94.86115380409618,55.539368393608015,24.187756411488955,0.0025611031633365495,0.0,0.1596812781683983,5.987839226893218
3,97.3943058526645,54.84114471092798,24.417404508853352,0.04849297714978071,0.0,0.16601897623451878,5.985855841394116
3,90.76962236575051,55.478829931312774,24.43546600177372,0.047917037720870775,0.0,0.16652363340223833,5.985582621760289
3,97.3943058526645,54.84114471092798,24.469029694411933,0.024183834646797117,0.0,0.16741522118555208,5.959912928690828
3,91.64873325974452,56.13859518178549,24.510780599238274,0.0005968851785593671,0.0,0.16854417053122372,5.9386752301556935
3,86.20734701744698,64.82435758600897,24.772165047142472,0.02764213759171906,0.0,0.17598276840521015,5.930850893661639
3,85.29746572496595,74.66765254507057,24.810197816511913,0.008078034039654444,0.0,0.1769805120337934,5.9208925024322205
3,86.1781693428052,65.08278535052817,24.95572585352306,0.02764213759171906,0.0,0.1813780835109096,5.902698215734002
3,91.64243331202795,65.08278535052817,25.027399562615713,0.021451299132507387,0.0,0.18349920203035644,5.884623152197508
3,97.00172632424463,61.18359991033441,25.10296146049421,0.04152970935997685,0.0,0.18581596774431186,5.881193676267333
3,97.76063934948692,63.222662630946736,25.110179524212032,0.0016098824535004871,0.0,0.1859663990512647,5.851483843827376
3,95.37719564452112,78.5767616093089,25.359671877462965,0.026691250565204494,0.0,0.193601457171848,5.850552148446129
3,95.37719564452112,50.08354223276877,25.359671877462965,0.02668904865315412,0.0,0.1937292210222699,5.81698276826765
3,94.86115380409618,77.72197754569146,25.547003461690352,0.021746586197189718,0.0,0.1995389669516315,5.815976900827347
3,94.86115380409618,70.48318947520256,25.547003461690352,0.022126600152100825,0.0,0.19957145932709736,5.807665572031393
3,86.34421611880344,50.61057206238472,25.547003461690352,0.00480200854097719,0.0,0.19962414519239943,5.774945948229019
3,95.37719564452112,50.07691832114611,25.65317575147961,0.02668904865315412,0.0,0.20303453411123565,5.769328059840602
3,94.20835714502684,61.27797482656426,25.973476535450267,0.0022136661709460034,0.0,0.21355777923014102,5.711738966639173
3,88.29068948254738,64.52788855537419,26.060814163590138,0.009061150962976123,0.0,0.21653213080069214,5.709282406408767
3,79.90524439792534,79.92878458567061,26.241525794140564,0.0027246139288277845,0.0,0.22275880401406367,5.69670290285503
3,95.48319458470195,70.48318947520256,26.28729387196127,0.022126600152100825,0.0,0.22432506393599966,5.685359794770289
3,95.95723723469933,55.98441801966793,26.331351982262568,0.04894093173472483,0.0,0.22585917617271767,5.679081147084633
3,89.10458913581462,60.22269999953315,26.391657071012077,0.0277617696760015,0.0,0.22799238263090083,5.662171139504299
3,89.12774993807508,60.06300509674923,26.434047439190252,0.02736688019653126,0.0,0.2294903935330302,5.654419808932424
3,99.16225982583398,60.06300509674923,26.45742029984666,0.001835562772110359,0.0,0.23027349676034597,5.625671790808118
3,97.50603445383064,67.05028523076123,26.62791980399073,0.002254175422778948,0.0,0.2364243787115358,5.605828835119772
3,98.10759048396014,61.17222241253934,26.79705764475468,0.032390348230626864,0.0,0.24261158812959202,5.592057055767442
3,53.67809176258089,56.43128528988217,26.82515064077787,0.0036433101640948803,0.0,0.24371841241921488,5.582669925124297
3,89.82904270880087,50.22048508687643,26.868084946267054,0.007230264415880219,0.0,0.24519683373948975,5.550781445051294
3,94.87474679036592,61.146665452473236,27.034465916716595,0.0018659075917572647,0.0,0.25150240609145774,5.527734123745187
3,94.87474679036592,61.146665452473236,27.041380337965908,0.0018659075917572647,0.0,0.25176506467616183,5.526491410314196
3,86.59965595233973,74.3396739176616,27.385603804009612,0.002226766335159525,0.0,0.26518374457284516,5.485654834034224
3,86.59965595233973,74.3396739176616,27.42797512438159,0.002226766335159525,0.0,0.26685939283068044,5.477875841887638
3,94.86115380409618,55.67595658941157,27.63902935667672,0.0015080319693638513,0.0,0.2751889491866131,5.409220996844362
3,97.90376644575713,75.65953667904819,27.827544130399886,0.0025618152605558246,0.0,0.282995512324243,5.398408489777183
3,87.71021650667367,67.50225451171684,27.8632110573081,0.0004650482057304032,0.0,0.284457422876353,5.385339922828058
3,86.8162826936501,74.66765254507057,27.95505796723981,0.0025618152605558246,0.0,0.2883062095445319,5.379469260397262
3,97.3943058526645,55.04891198369103,27.999171591721375,0.04698325160129208,0.0,0.29000341753597136,5.373418173363682
3,86.59965595233973,54.57100285388735,28.0485198063179,0.009449406639664634,0.0,0.29210927083824123,5.340786873919532
3,95.82053781081942,57.42774427269825,28.136416585767748,0.0018679889463422833,0.0,0.295830457869712,5.315568999653802
3,94.81976158841883,50.233429765629964,28.186140036475386,0.022062954305613697,0.0,0.2978840124718256,5.3130778925341335
3,95.01497213001159,55.71725856145135,28.269270761934315,0.02284224450219623,0.0,0.3014751323719297,5.304656769705649
3,94.86115380409618,55.67595658941157,28.26989739375327,0.0025611031633365495,0.0,0.3015153271696179,5.288153035763997
3,99.97307847693037,55.16074877256047,28.314601479960494,0.0025611031633365495,0.0,0.30342478658626504,5.275401624597858
3,92.49604840572798,54.57029320801016,28.606350200206364,0.009003765226406885,0.0,0.3161233356286379,5.226114045473457
3,94.12278304482032,61.17917057515581,28.781599525481518,0.0018659075917572647,0.0,0.32390047640654096,5.192141646744387
3,86.56920803471368,60.06300509674923,28.845795598645573,0.01303027273526573,0.0,0.3267428236905828,5.19192149108805
3,99.66900356392333,55.954791398564,28.86064903469642,0.02015853325823074,0.0,0.32737229308763427,5.180511429790495
3,99.83695498514976,54.95237816629059,28.903020331920747,0.02015853325823074,0.0,0.32925957400703076,5.170258473111077
3,98.4142105343941,57.004036820748404,29.07597580297275,0.026146501028024065,0.0,0.33701450024641233,5.14297769816943
3,94.87310760098288,62.80077733153691,29.157400089191473,0.0077190154137405575,0.0,0.34071837021564966,5.120694097562864
3,99.5008620941203,53.380993289814185,29.183796151694693,0.02015853325823074,0.0,0.3418739272282395,5.1095848507848824
3,88.9822320254583,57.004036820748404,29.309518572824814,0.02823154870028413,0.0,0.3475500513449925,5.101884104513738
3,99.48139044381475,57.004036820748404,29.332995853907555,0.0206874323360583,0.0,0.348628116999705,5.083421490660033
3,99.03629280758011,57.004036820748404,29.332995853907555,0.002721178301508675,0.0,0.3486578093009639,5.068280239943074
3,97.00172632424463,61.18359991033441,29.518673369082894,0.017822001850652913,0.0,0.35704563377491416,5.048701731071513
3,96.97855096126372,61.19502854551962,29.67599105758736,0.018216891330126883,0.0,0.36417272097987363,5.0149501759252635
3,91.7729067935411,52.8005996579225,29.806953650830536,0.03361359818955319,0.0,0.370075371419714,4.991186988970994
3,96.88430265417028,61.17222241253934,29.834432402916406,0.022215037232713872,0.0,0.37132685262563814,4.983769420761637
3,92.59291553919823,56.63197796635916,29.882596166795388,0.03361359818955319,0.0,0.3734816868621188,4.979523080116132
3,91.63601879326075,56.260719714811714,29.923999749726065,0.005618773466914527,0.0,0.37540877164997627,4.9462176129057704
3,90.8813720106672,56.36936297507868,29.975087732154176,0.0027374773816426458,0.0,0.3777113127200554,4.932967165232069
4,-59.684386717149266,55.05795227239527,20.005045967158203,0.16209326723783551,0.0,0.07484604515638565,6.884808134733447
4,-70.47405673534736,53.35817200606578,20.02942258000556,0.16209326723783551,0.0,0.07511124785141932,6.879529649500245
4,-59.684386717149266,55.05795227239527,20.005045967158203,0.09367237334732698,0.0,0.07524294285538924,6.7928034807933875
4,-36.39198005391915,50.194670242099015,20.004146184106904,0.04912518469025867,0.0,0.07543679660146993,6.725737172270367
4,44.433621288067656,51.12103806986412,20.01529752537226,0.036122025334468795,0.0,0.07573315586075818,6.706436920709547
4,-26.865786203436244,50.19135861023384,20.004146184106904,0.0029163952820983226,0.0,0.07593794174877996,6.651831310290495
4,48.19873878392488,52.61365670095931,20.14171247698596,0.0020402668866291995,0.0,0.07802223181303611,6.6325377129163
4,32.85310589411375,51.11764716973619,20.288366630453286,0.004469938349497469,0.0,0.08015089319687002,6.6153728336976005
4,45.80332892248575,51.12349941026636,20.31842471627621,0.0018096019739751723,0.0,0.08063204773216551,6.605722500495408
4,57.179321012322504,50.77207187611797,20.659418142102535,0.0320570188977924,0.0,0.0855752656070767,6.5974344462095456
4,57.179321012322504,50.77207187611797,20.659418142102535,0.005532028175193899,0.0,0.08590297514814363,6.557669568496661
4,57.179321012322504,51.12349941026636,20.659418142102535,0.002717094620937072,0.0,0.0859522905589335,6.55345710233672
4,-3.7785680783060656,59.508890827861265,20.895729771015382,0.002080434738938165,0.0,0.09012581398571366,6.532710982980287
4,35.19309335637618,55.20596583207026,20.93079448144505,0.00326302550942259,0.0,0.0905432492342415,6.517858381223395
4,35.19309335637618,55.7487892891552,21.13715640174837,0.016685855819537496,0.0,0.09387827605570871,6.5039688765359776
4,61.992608714693006,52.65079112429614,21.16156158574487,0.003816621157066097,0.0,0.09435645541711596,6.472666082039036
4,61.992608714693006,52.65079112429614,21.3126885959246,0.003862541116077353,0.0,0.09699862907057673,6.44737016122209
4,61.992608714693006,51.68285835202248,21.357851239853577,0.003862541116077353,0.0,0.0977718571848126,6.4393811256527
4,68.8578954426163,54.796173579436086,21.7077831457005,0.0033972906918034486,0.0,0.1042419199323893,6.377315212414884
4,61.77179040505294,81.98779610655832,21.908943317072957,0.01863055896383148,0.0,0.10838299410685502,6.375173242510192
4,41.60714349521231,81.60325610197425,22.112253913790713,0.03987542504531688,0.0,0.11207227338870211,6.373086845943621
4,60.994566743542634,93.3220808309099,22.160254799280136,0.0037802757453906256,0.0,0.11355923111099955,6.320820690897376
4,34.0132934876452,51.11764716973619,22.418009041093796,0.0028246966833932598,0.0,0.11825227187718021,6.276006120736288
4,34.0132934876452,51.11764716973619,22.418009041093796,0.002810544091378548,0.0,0.11825244663638014,6.275991996793382
4,78.65574635938853,93.2727996114392,22.663250683633777,0.0011098911950420658,0.0,0.12374018696384792,6.22267787978636
4,54.42029782377904,73.03717503787152,22.891781021255166,0.014552878030376096,0.0,0.12847737236729923,6.2059662426478575
4,58.51574903399944,53.4064336577312,22.93173901721353,0.0027399525307381864,0.0,0.12930775266749073,6.17671555477089
4,57.509421645923396,76.25187452916904,23.165904962608543,0.005535860984713454,0.0,0.13471945239317257,6.153608336595621
4,61.992608714693006,57.053338348959386,23.289270332689597,0.003816621157066097,0.0,0.13749766123150303,6.1199947001842645
4,48.19873878392488,57.01620358961215,23.38903667241877,0.0020402668866291995,0.0,0.13992976621229908,6.113902466949917
4,84.21760154680109,78.75272022773687,23.63843390618745,0.03891047406178348,0.0,0.1454483407086854,6.089094576341406
4,41.40603070747915,82.6092549106618,23.76606962091434,0.0032299137809189563,0.0,0.1490727522609942,6.077392976585281
4,67.37980444757255,57.243380368294,23.88467083377482,0.044419657122625536,0.0,0.1517434429854649,6.056985178215888
4,48.27401917661197,57.66409547286004,23.905808757143454,0.0020402668866291995,0.0,0.15268578945047112,6.036710346478197
4,48.27401917661197,57.6805232027405,24.061748013083374,0.0020402668866291995,0.0,0.15671793332385592,6.013922517276157
4,43.54457361057277,53.400293012453446,24.201974972057467,0.0053448019563937105,0.0,0.16045434424591862,5.997754454272832
4,49.63967760545336,87.84410970048837,24.339347519451124,0.00683147638477849,0.0,0.163696985918839,5.995316775542487
4,64.52986347588194,83.22943383202079,24.35569521119003,0.00683147638477849,0.0,0.16410011304697525,5.978047768185468
4,50.302252276328716,54.949835662981705,24.39778669681993,0.00326302550942259,0.0,0.16570978752379836,5.963108321402784
4,51.54759329767833,55.75227083419701,24.494719924239575,0.016616034722229674,0.0,0.16829774590037525,5.959825076690437
4,85.59564218830673,57.44263012755335,24.75563013272391,0.09650232369425042,0.0,0.17516974583079165,5.955954680219216
4,96.0903130767224,57.44263012755335,24.825034589892645,0.09650232369425042,0.0,0.17710003692952486,5.939165017981424
4,41.20623709011184,72.81685231246415,25.029729994481507,0.03987542504531688,0.0,0.1834131746934485,5.92339330247134
4,24.668945590694747,70.62940149990109,25.02619192912974,0.02038253026182793,0.0,0.18356519040126662,5.918272353255797
4,67.96087868420105,87.47606654308322,25.086286604928173,0.01986911428058928,0.0,0.1845251656082064,5.88956368911701
4,57.672778228293964,85.403575253257,25.338558905175873,0.00326302550942259,0.0,0.19232653730525767,5.844050054370048
4,51.00319432452838,80.73171999758408,25.421839501355237,0.010747933729559393,0.0,0.19509049125127204,5.84046290544235
4,48.414209776001314,71.51661209029584,25.48012571853905,0.020183383450908927,0.0,0.19719562113718753,5.835356114142306
4,88.84415419413298,90.09369532318377,25.695503299072687,0.034163507203664914,0.0,0.2029513457826455,5.806408504933121
4,48.414209776001314,71.51661209029584,25.717300620691784,0.009335637055829467,0.0,0.20478127970476978,5.7889562880992145
4,94.9872570747736,62.89161379659953,25.786648468965446,0.026511882823871426,0.0,0.20672935033832968,5.757981082377
4,94.9872570747736,61.651171110151616,25.8301232641397,0.029061350342660153,0.0,0.20819526603282346,5.752948401082551
4,42.02476293278704,54.949835662981705,25.910514866743302,0.002870938496805366,0.0,0.2117468505608519,5.741965738849869
4,57.969403719886714,58.95143779599641,26.082675897079802,0.03356240347319436,0.0,0.21723971448694201,5.738007201881599
4,57.411626325661274,54.949835662981705,26.099840569964208,0.00326302550942259,0.0,0.21794084808895023,5.701713814142207
4,60.2166591990229,54.94962410570364,26.274785246409962,0.001029153139830541,0.0,0.2239389588640645,5.668219660460655
4,74.67968869896009,55.65672640747557,26.33343314662698,0.001029153139830541,0.0,0.2257497164163508,5.650949627020696
4,51.56782400882466,58.752798866238265,26.630103434377062,0.00253267914618469,0.0,0.23657651484791678,5.61490604876229
4,6.603228198328111,58.715192175010955,26.7834117307427,0.0020979758747573136,0.0,0.24294311193721335,5.605280837882415
4,13.704168087295002,71.93439985383532,27.006989417824805,0.01917097420080542,0.0,0.250625588391737,5.589174510379451
4,18.10517237659974,73.12585466256832,27.01771224189043,0.0019751205070996977,0.0,0.25084265224886215,5.567975621409105
4,45.28127826685079,69.49010740816537,27.151108252451756,0.029348486881074488,0.0,0.2557325890669052,5.557914578493061
4,65.35979544366492,89.63613834588003,27.287711220172937,0.03407322350507302,0.0,0.2595543596007012,5.551913189704832
4,65.35979544366492,71.88971339609084,27.287711220172937,0.04595530984245458,0.0,0.2605947666035152,5.544470213955048
4,83.36853494588757,71.93439985383532,27.305133080345108,0.01917097420080542,0.0,0.26081006625002146,5.5081429630027525
4,87.82092559884774,73.12585466256832,27.312003692555635,0.0016433504391830719,0.0,0.26084880039656155,5.486970011422934
4,84.63301768145226,84.61406692321165,27.53976787153895,0.02040383521255438,0.0,0.2692677096238454,5.477934737870737
4,29.24958530088807,68.06064492567373,27.541338839407356,0.02040383521255438,0.0,0.27137254867519467,5.472315502882747
4,29.238684996415742,75.98140810890882,27.588912975412608,0.004565995802432506,0.0,0.27274372087841137,5.453962189345085
4,34.06189945920008,69.2356161989865,27.672842452315336,0.014442065222949541,0.0,0.27647146041542464,5.438978339050875
4,46.868177445183704,82.69452751608928,27.735729503456675,0.00262382015669807,0.0,0.27788491385791747,5.42528147438335
4,54.42029782377904,82.54478249962301,27.858710876535568,0.002257881910013554,0.0,0.2827376152238354,5.398580292017373
4,-13.122211948044097,58.752798866238265,27.864952296495193,0.002080434738938165,0.0,0.28588253549263853,5.3825347758507185
4,81.00059853279143,83.54941750805534,28.111261895939258,0.012925782899529892,0.0,0.2925970639343371,5.357973710816857
4,31.161462050967884,66.99599547890264,28.11283286380766,0.012925782899529892,0.0,0.2948306463721586,5.344256957942629
4,35.53811490768928,54.084986642349186,28.132396677652093,0.007680935430556951,0.0,0.29636042321675987,5.32028430157741
4,22.202300619500676,51.49146840424036,28.165235354638803,0.0016144790786001752,0.0,0.29818069571267447,5.306019625753789
4,-1.826213313424475,50.53192602157644,28.270019640471386,0.015539428162722704,0.0,0.3033372051926362,5.298814005057275
4,42.45352028801014,72.82049815496688,28.39502836061493,0.002370796061427205,0.0,0.3061225424539702,5.283029001454669
4,10.13932079168272,55.64146918926898,28.373059824979514,0.002080434738938165,0.0,0.30708845753385006,5.2697971814750515
4,40.777522544937284,54.80451026351226,28.49978647570971,0.014191377841327624,0.0,0.31199880373660305,5.254249556526508
4,51.01041504088343,54.49138826156674,28.58008673529573,0.005625477643611183,0.0,0.3152231824403679,5.230671043093039
4,34.08902201301197,50.43959946721923,28.772892908005037,0.007680935430556951,0.0,0.324424022919308,5.193306540690175
4,39.25702137046176,76.64255335483368,29.002526494707084,0.007228701139624006,0.0,0.33258402270221543,5.184108323927487
4,66.77473813079672,54.965974249431426,29.00072404296383,0.006852816066880288,0.0,0.3334305460799599,5.161496040683463
4,-64.96860555690603,54.965974249431426,29.00072404296383,0.007680935430556951,0.0,0.3367710389552282,5.153793823203238
4,-65.60283581375067,63.81684874817907,29.045649416332918,0.0021441042853412627,0.0,0.33811155170425833,5.151592455452843
4,-12.477196950202242,52.44395313037737,29.151931039051252,0.014787883230252152,0.0,0.34253451367226917,5.135560931989675
4,34.08902201301197,56.75472170001272,29.224545534985108,0.007680935430556951,0.0,0.3442464218416491,5.129021258653605
4,-3.372420206442115,71.48139540760374,29.3601963715162,0.007680935430556951,0.0,0.3502556539888925,5.123224596592295
4,34.25999804772138,53.785992083255096,29.3601963715162,0.007680935430556951,0.0,0.35066042073718995,5.108131273966585
4,34.25999804772138,54.965974249431426,29.467393678993332,0.007680935430556951,0.0,0.3554842277173449,5.096958774510249
4,45.80332892248575,51.12349941026636,29.508612847805516,0.004405856217702286,0.0,0.3573489688178433,5.08776290556774
4,-39.92996244671405,51.88207057461803,29.54357797548377,0.5318016054114078,0.0,0.36181273508348366,5.086545895153899
4,-1.826213313424475,50.53192602157644,29.60211978142847,0.005880185840963004,0.0,0.36303131652740567,5.072327184866211
4,-37.20517149071936,57.934624457600776,29.7018567235948,0.5317234547930201,0.0,0.3684670133001855,5.053177547677288
4,-37.20517149071936,51.88207057461803,29.7018567235948,0.5317234547930201,0.0,0.3689585991921982,5.044542176358294
4,11.099149501304879,50.53192602157644,29.821917886596978,0.5636926678491035,0.0,0.37325218480551003,5.0322399109335665
4,-46.75984739518108,53.84238850459736,29.807251084074366,0.5150230083557504,0.0,0.37396349818837116,5.017191619773564
4,-43.79204735094784,52.422058026877124,29.886674900720593,0.6360429685804248,0.0,0.37602482978102014,4.98401474114722
